slug,name,price,categories,brand,description,sku,image_url,product_url,local_image_path
1816kg-viswas-frozen-porotta,VISWAS FROZEN POROTTA 1.8kg,$ 11.50,"Frozen Food , Prepared meals",Viswas,,,https://kingsspiceminimart.com.au/wp-content/uploads/2025/11/Untitled-design-41.png,https://kingsspiceminimart.com.au/product/1816kg-viswas-frozen-porotta/,kingsspice_export/images/1816kg-viswas-frozen-porotta.png
1kg-viswas-marayoor-sarkara,1KG VISWAS MARAYOOR SARKARA,$ 4.75,Grocery,Viswas,,,https://kingsspiceminimart.com.au/wp-content/uploads/2025/11/Untitled-design-24-3.png,https://kingsspiceminimart.com.au/product/1kg-viswas-marayoor-sarkara/,kingsspice_export/images/1kg-viswas-marayoor-sarkara.png
200g-viswas-banana-chips200g-viswas-banana-chips,200G VISWAS BANANA CHIPS200G VISWAS BANANA CHIPS,$ 3.50,"Grocery , Snacks",Viswas,,,http://kingsspiceminimart.com.au/wp-content/uploads/2025/11/Untitled-2024-05-02T140526.304_75dca6e2-1f4d-4ebb-a0f1-644589dde57f.webp,https://kingsspiceminimart.com.au/product/200g-viswas-banana-chips200g-viswas-banana-chips/,kingsspice_export/images/200g-viswas-banana-chips200g-viswas-banana-chips.webp
200g-viswas-butter-muruku,200G VISWAS BUTTER MURUKU,$ 2.40,"Grocery , Snacks",Viswas,,,http://kingsspiceminimart.com.au/wp-content/uploads/2025/11/Untitled-design-25-2.png,https://kingsspiceminimart.com.au/product/200g-viswas-butter-muruku/,kingsspice_export/images/200g-viswas-butter-muruku.png
200g-viswas-kara-sev,VISWAS KARA SEV 200G,$ 2.95,"Grocery , Snacks",Viswas,,,http://kingsspiceminimart.com.au/wp-content/uploads/2025/11/Untitled-design-40.png,https://kingsspiceminimart.com.au/product/200g-viswas-kara-sev/,kingsspice_export/images/200g-viswas-kara-sev.png
200g-viswas-tapioca-chips-round,200G VISWAS TAPIOCA CHIPS ROUND,$ 3.30,"Grocery , Snacks",Viswas,,,http://kingsspiceminimart.com.au/wp-content/uploads/2025/11/chip_800x.webp,https://kingsspiceminimart.com.au/product/200g-viswas-tapioca-chips-round/,kingsspice_export/images/200g-viswas-tapioca-chips-round.webp
200g-viswas-tapioca-chips-stick,200G VISWAS TAPIOCA CHIPS STICK,$ 3.49,"Grocery , Snacks",Viswas,,,http://kingsspiceminimart.com.au/wp-content/uploads/2025/11/Viswas_Tapioca_Chips_Stick_Spicy_175g-1.webp,https://kingsspiceminimart.com.au/product/200g-viswas-tapioca-chips-stick/,kingsspice_export/images/200g-viswas-tapioca-chips-stick.webp
350g-viswas-vazbachundu,350G VISWAS VAZBACHUNDU,$ 5.95,"Grocery , meal accompaniments",Viswas,,,http://kingsspiceminimart.com.au/wp-content/uploads/2025/11/Viswas-Vazhachundu-Cherupayar-Thoran.webp,https://kingsspiceminimart.com.au/product/350g-viswas-vazbachundu/,kingsspice_export/images/350g-viswas-vazbachundu.webp
400g-viswas-halwa-black,400G VISWAS HALWA BLACK,$ 6.99,"Grocery , Snacks",Viswas,,,https://kingsspiceminimart.com.au/wp-content/uploads/2025/11/IS-316-1.webp,https://kingsspiceminimart.com.au/product/400g-viswas-halwa-black/,kingsspice_export/images/400g-viswas-halwa-black.webp
5lbs-viswas-cut-cassawa,5LBS VISWAS CUT CASSAWA,$ 8.95,"Grocery , Snacks",Viswas,,,https://kingsspiceminimart.com.au/wp-content/uploads/2025/11/large_04e28142-31e0-48c8-a858-6b59530aaebf.jpg,https://kingsspiceminimart.com.au/product/5lbs-viswas-cut-cassawa/,kingsspice_export/images/5lbs-viswas-cut-cassawa.jpg
777-cold-pressed-groundnut-oil-1ltr,777 COLD PRESSED GROUNDNUT OIL 1LTR,$ 12.00,"Grocery , oil/ fats",,,,https://kingsspiceminimart.com.au/wp-content/uploads/2026/02/Untitled-design-2026-02-19T230007.006.png,https://kingsspiceminimart.com.au/product/777-cold-pressed-groundnut-oil-1ltr/,kingsspice_export/images/777-cold-pressed-groundnut-oil-1ltr.png
777-cold-pressed-groundnut-oil-4l,777 COLD PRESSED GROUNDNUT OIL 4L,$ 36.00,"Grocery , oil/ fats",,,,https://kingsspiceminimart.com.au/wp-content/uploads/2026/02/777-COLD-PRESSED-GROUNDNUT-OIL-4L.webp,https://kingsspiceminimart.com.au/product/777-cold-pressed-groundnut-oil-4l/,kingsspice_export/images/777-cold-pressed-groundnut-oil-4l.webp
777-gingelly-oil-2l,777 GINGELLY OIL 2L,$ 22.00,"Grocery , oil/ fats",,,,https://kingsspiceminimart.com.au/wp-content/uploads/2026/02/777-GINGELLY-OIL-2L.jpg,https://kingsspiceminimart.com.au/product/777-gingelly-oil-2l/,kingsspice_export/images/777-gingelly-oil-2l.jpg
777-gingelly-oil-500ml,777 GINGELLY OIL 500ML,$ 5.50,"Grocery , oil/ fats",,,,https://kingsspiceminimart.com.au/wp-content/uploads/2026/02/Untitled-design-2026-02-19T230526.799.png,https://kingsspiceminimart.com.au/product/777-gingelly-oil-500ml/,kingsspice_export/images/777-gingelly-oil-500ml.png
777-gingelly-oil-5l,777 GINGELLY OIL 5L,$ 43.00,"Grocery , oil/ fats",,,,https://kingsspiceminimart.com.au/wp-content/uploads/2026/02/Untitled-design-2026-02-19T230839.204.png,https://kingsspiceminimart.com.au/product/777-gingelly-oil-5l/,kingsspice_export/images/777-gingelly-oil-5l.png
777-gingerly-oil-1l,777 GINGERLY OIL 1L,$ 10.00,"Grocery , oil/ fats",,,,https://kingsspiceminimart.com.au/wp-content/uploads/2026/02/777-GINGERLY-OIL-1L.jpg,https://kingsspiceminimart.com.au/product/777-gingerly-oil-1l/,kingsspice_export/images/777-gingerly-oil-1l.jpg
908g-viswas-family-pack-porotta,908G VISWAS FAMILY PACK POROTTA,$ 6.20,"Frozen Food , Prepared meals",Viswas,,,https://kingsspiceminimart.com.au/wp-content/uploads/2025/11/Buy_Malabar_Paratha_online_UK.webp,https://kingsspiceminimart.com.au/product/908g-viswas-family-pack-porotta/,kingsspice_export/images/908g-viswas-family-pack-porotta.webp
908g-viswas-restaurant-porotta,908G VISWAS RESTAURANT POROTTA,$ 7.45,"Frozen Food , Prepared meals",Viswas,,,https://kingsspiceminimart.com.au/wp-content/uploads/2025/11/Untitled-design-29-2.png,https://kingsspiceminimart.com.au/product/908g-viswas-restaurant-porotta/,kingsspice_export/images/908g-viswas-restaurant-porotta.png
aaryas-avalose-podi-500g,AARYAS AVALOSE PODI 500G,$ 5.90,"Grocery , meal accompaniments",Aaryas,,,https://kingsspiceminimart.com.au/wp-content/uploads/2026/01/Untitled-design-40.png,https://kingsspiceminimart.com.au/product/aaryas-avalose-podi-500g/,kingsspice_export/images/aaryas-avalose-podi-500g.png
aaryas-avalose-unda-400g,AARYAS AVALOSE UNDA 400G,$ 5.90,"Grocery , Snacks",Aaryas,,,https://kingsspiceminimart.com.au/wp-content/uploads/2026/01/QRFr1HBz5GUwTV6pI@uM1Sn-1.png,https://kingsspiceminimart.com.au/product/aaryas-avalose-unda-400g/,kingsspice_export/images/aaryas-avalose-unda-400g.png
aaryas-avial-mix-400g-2,AARYAS AVIAL MIX 400G,$ 4.90,"Frozen Food , Processed/Preserved Vegetable & Fru",Aaryas,,,https://kingsspiceminimart.com.au/wp-content/uploads/2026/01/QRFr1HBz5GUwTV6pI@uM1Sn-2.png,https://kingsspiceminimart.com.au/product/aaryas-avial-mix-400g-2/,kingsspice_export/images/aaryas-avial-mix-400g-2.png
aaryas-avial-mix-400g,AARYAS AVIAL MIX 400G,$ 4.90,"Frozen Food , Processed/Preserved Vegetable & Fru",Aaryas,,,https://kingsspiceminimart.com.au/wp-content/uploads/2025/12/WhatsApp-Image-2025-12-23-at-21.08.47-2.jpeg,https://kingsspiceminimart.com.au/product/aaryas-avial-mix-400g/,kingsspice_export/images/aaryas-avial-mix-400g.jpeg
aaryas-baby-murukku-spicy-400g,AARYAS BABY MURUKKU SPICY 400G,$ 5.50,"Grocery , Snacks",Aaryas,,,https://kingsspiceminimart.com.au/wp-content/uploads/2026/01/QRFr1HBz5GUwTV6pI@uM1Sn-4.png,https://kingsspiceminimart.com.au/product/aaryas-baby-murukku-spicy-400g/,kingsspice_export/images/aaryas-baby-murukku-spicy-400g.png
aaryas-banana-boiled-454g,AARYAS BANANA BOILED 454G,$ 5.90,"Frozen Food , Processed/Preserved Vegetable & Fru",Aaryas,,,http://kingsspiceminimart.com.au/wp-content/uploads/2025/12/WhatsApp-Image-2025-12-23-at-21.08.47-9.jpeg,https://kingsspiceminimart.com.au/product/aaryas-banana-boiled-454g/,kingsspice_export/images/aaryas-banana-boiled-454g.jpeg
aaryas-banana-chips-200g,AARYAS BANANA CHIPS 200G,$ 5.50,"Frozen Food , Processed/Preserved Vegetable & Fru",Aaryas,,,https://kingsspiceminimart.com.au/wp-content/uploads/2026/01/AaryasBananaChips200g.webp,https://kingsspiceminimart.com.au/product/aaryas-banana-chips-200g/,kingsspice_export/images/aaryas-banana-chips-200g.webp
aaryas-banana-chips-400g,AARYAS BANANA CHIPS 400G,$ 7.90,"Grocery , Snacks",,,,https://kingsspiceminimart.com.au/wp-content/uploads/2026/01/Aaryas_Banana_Chips_New-1.webp,https://kingsspiceminimart.com.au/product/aaryas-banana-chips-400g/,kingsspice_export/images/aaryas-banana-chips-400g.webp
aaryas-banana-chips-800g,AARYAS BANANA CHIPS 800G,$ 14.00,"Grocery , Snacks",,,,http://kingsspiceminimart.com.au/wp-content/uploads/2026/01/Aaryas_Banana_Chips_New-2.webp,https://kingsspiceminimart.com.au/product/aaryas-banana-chips-800g/,kingsspice_export/images/aaryas-banana-chips-800g.webp
aaryas-banana-fry-454g,AARYAS BANANA FRY 454G,$ 4.50,"Frozen Food , Frozen RTC Snacks",Aaryas,,,https://kingsspiceminimart.com.au/wp-content/uploads/2025/12/WhatsApp-Image-2025-12-23-at-21.08.47-10.jpeg,https://kingsspiceminimart.com.au/product/aaryas-banana-fry-454g/,kingsspice_export/images/aaryas-banana-fry-454g.jpeg
aaryas-banana-roast-454g,AARYAS BANANA ROAST 454G,$ 6.90,"Frozen Food , Frozen RTC Snacks",,,,https://kingsspiceminimart.com.au/wp-content/uploads/2026/01/Untitled-design.png,https://kingsspiceminimart.com.au/product/aaryas-banana-roast-454g/,kingsspice_export/images/aaryas-banana-roast-454g.png
aaryas-beetroot-murukku-400g,AARYAS BEETROOT MURUKKU 400G,$ 5.90,"Grocery , Snacks",,,,http://kingsspiceminimart.com.au/wp-content/uploads/2026/01/Untitled-design-1.png,https://kingsspiceminimart.com.au/product/aaryas-beetroot-murukku-400g/,kingsspice_export/images/aaryas-beetroot-murukku-400g.png
aaryas-bittergourd-chips-200g,AARYAS BITTERGOURD CHIPS 200G,$ 4.90,"Frozen Food , Frozen RTC Snacks",,,,https://kingsspiceminimart.com.au/wp-content/uploads/2026/01/Untitled-design-2.png,https://kingsspiceminimart.com.au/product/aaryas-bittergourd-chips-200g/,kingsspice_export/images/aaryas-bittergourd-chips-200g.png
aaryas-butter-murukku-400g,AARYAS BUTTER MURUKKU 400G,$ 5.50,"Grocery , Snacks",,,,http://kingsspiceminimart.com.au/wp-content/uploads/2026/01/Untitled-design-3.png,https://kingsspiceminimart.com.au/product/aaryas-butter-murukku-400g/,kingsspice_export/images/aaryas-butter-murukku-400g.png
aaryas-chukku-kappi-200g,AARYAS CHUKKU KAPPI 200G,$ 6.50,"Beverages , coffee",,,,https://kingsspiceminimart.com.au/wp-content/uploads/2026/01/GingerCoffee.webp,https://kingsspiceminimart.com.au/product/aaryas-chukku-kappi-200g/,kingsspice_export/images/aaryas-chukku-kappi-200g.webp
aaryas-cornflakes-mixture-400g,AARYAS CORNFLAKES MIXTURE 400G,$ 6.50,"Frozen Food , Frozen RTC Snacks",,,,https://kingsspiceminimart.com.au/wp-content/uploads/2026/01/Untitled-design-4.png,https://kingsspiceminimart.com.au/product/aaryas-cornflakes-mixture-400g/,kingsspice_export/images/aaryas-cornflakes-mixture-400g.png
aaryas-cut-mango-pickle-400g,AARYAS CUT MANGO PICKLE 400G,$ 4.20,"Grocery , meal accompaniments",Aaryas,,,https://kingsspiceminimart.com.au/wp-content/uploads/2025/12/WhatsApp-Image-2025-12-04-at-12.24.45-1.jpeg,https://kingsspiceminimart.com.au/product/aaryas-cut-mango-pickle-400g/,kingsspice_export/images/aaryas-cut-mango-pickle-400g.jpeg
aaryas-dilkush-500g,AARYAS DILKUSH 500G,$ 6.90,"Frozen Food , Frozen RTC Snacks",,,,http://kingsspiceminimart.com.au/wp-content/uploads/2026/01/Dilkush.webp,https://kingsspiceminimart.com.au/product/aaryas-dilkush-500g/,kingsspice_export/images/aaryas-dilkush-500g.webp
aaryas-elayada-jackfruit-454g,AARYAS ELAYADA JACKFRUIT 454G,$ 6.50,"Frozen Food , Frozen RTC Snacks",Aaryas,,,http://kingsspiceminimart.com.au/wp-content/uploads/2025/12/WhatsApp-Image-2025-12-23-at-21.08.45.jpeg,https://kingsspiceminimart.com.au/product/aaryas-elayada-jackfruit-454g/,kingsspice_export/images/aaryas-elayada-jackfruit-454g.jpeg
aaryas-garlic-pickle-400g,AARYAS GARLIC PICKLE 400G,$ 4.20,"Grocery , meal accompaniments",Aaryas,,,https://kingsspiceminimart.com.au/wp-content/uploads/2025/12/WhatsApp-Image-2025-12-04-at-12.24.44-2.jpeg,https://kingsspiceminimart.com.au/product/aaryas-garlic-pickle-400g/,kingsspice_export/images/aaryas-garlic-pickle-400g.jpeg
aaryas-gooseberry-400g,AARYAS GOOSEBERRY 400G,$ 4.50,"Frozen Food , Processed/Preserved Vegetable & Fru",Aaryas,,,http://kingsspiceminimart.com.au/wp-content/uploads/2025/12/WhatsApp-Image-2025-11-27-at-15.15.43.jpeg,https://kingsspiceminimart.com.au/product/aaryas-gooseberry-400g/,kingsspice_export/images/aaryas-gooseberry-400g.jpeg
aaryas-grated-coconut-400g,Aaryas Grated coconut 400g,$ 5.99,"Frozen Food , Processed/Preserved Vegetable & Fru",Aaryas,,,https://kingsspiceminimart.com.au/wp-content/uploads/2025/11/Untitled-design-16-1.png,https://kingsspiceminimart.com.au/product/aaryas-grated-coconut-400g/,kingsspice_export/images/aaryas-grated-coconut-400g.png
aaryas-jackfruit-chips-200g,AARYAS JACKFRUIT CHIPS 200G,$ 5.20,"Frozen Food , Frozen RTC Snacks",,,,http://kingsspiceminimart.com.au/wp-content/uploads/2026/01/Untitled-design-5.png,https://kingsspiceminimart.com.au/product/aaryas-jackfruit-chips-200g/,kingsspice_export/images/aaryas-jackfruit-chips-200g.png
aaryas-jackfruit-kumbilappam-350g,AARYAS JACKFRUIT KUMBILAPPAM 350G,$ 5.90,"Frozen Food , Frozen RTC Snacks",Aaryas,,,https://kingsspiceminimart.com.au/wp-content/uploads/2025/12/WhatsApp-Image-2025-12-23-at-21.08.44.jpeg,https://kingsspiceminimart.com.au/product/aaryas-jackfruit-kumbilappam-350g/,kingsspice_export/images/aaryas-jackfruit-kumbilappam-350g.jpeg
aaryas-jaffna-hot-mixture-400g,AARYAS JAFFNA HOT MIXTURE 400G,$ 5.50,"Frozen Food , Frozen RTC Snacks",,,,https://kingsspiceminimart.com.au/wp-content/uploads/2026/01/2df94ef8-2a01-4637-882c-5f0ce4291b95.jpg,https://kingsspiceminimart.com.au/product/aaryas-jaffna-hot-mixture-400g/,kingsspice_export/images/aaryas-jaffna-hot-mixture-400g.jpg
aaryas-jaya-rice-5kg,AARYAS JAYA RICE 5KG,$ 29.00,"Matta Rice , rice",,,,https://kingsspiceminimart.com.au/wp-content/uploads/2026/01/f46c198c-425d-4637-99ce-bf46f4cc45d3.jpg,https://kingsspiceminimart.com.au/product/aaryas-jaya-rice-5kg/,kingsspice_export/images/aaryas-jaya-rice-5kg.jpg
aaryas-jeerakasala-rice-5kg,AARYAS JEERAKASALA RICE 5KG,$ 29.00,"Grocery , rice",Aaryas,,,https://kingsspiceminimart.com.au/wp-content/uploads/2025/12/WhatsApp-Image-2025-12-04-at-12.24.43-1.jpeg,https://kingsspiceminimart.com.au/product/aaryas-jeerakasala-rice-5kg/,kingsspice_export/images/aaryas-jeerakasala-rice-5kg.jpeg
aaryas-kadu-mango-pickle-400g-2,AARYAS KADU MANGO PICKLE 400G,$ 5.50,"Frozen Food , Grocery , Processed/Preserved Vegetable & Fru , seasonings / coconut cream",,,,https://kingsspiceminimart.com.au/wp-content/uploads/2026/01/9be30635-e08f-4a7e-bcb9-efd6ff16e104.jpg,https://kingsspiceminimart.com.au/product/aaryas-kadu-mango-pickle-400g-2/,kingsspice_export/images/aaryas-kadu-mango-pickle-400g-2.jpg
aaryas-kadu-mango-pickle-400g,AARYAS KADU MANGO PICKLE 400G,$ 5.50,"Grocery , meal accompaniments",Aaryas,,,https://kingsspiceminimart.com.au/wp-content/uploads/2025/12/WhatsApp-Image-2025-12-04-at-12.24.44-3.jpeg,https://kingsspiceminimart.com.au/product/aaryas-kadu-mango-pickle-400g/,kingsspice_export/images/aaryas-kadu-mango-pickle-400g.jpeg
aaryas-kerala-mixture-400g,AARYAS KERALA MIXTURE 400G,$ 5.70,"Frozen Food , Frozen RTC Snacks",,,,http://kingsspiceminimart.com.au/wp-content/uploads/2026/01/ad339b81-0a47-4fbc-98ee-aad92bbc6ca7.jpg,https://kingsspiceminimart.com.au/product/aaryas-kerala-mixture-400g/,kingsspice_export/images/aaryas-kerala-mixture-400g.jpg
aaryas-kerala-murukku-400g,AARYAS KERALA MURUKKU 400G,$ 5.90,"Frozen Food , Frozen RTC Snacks",,,,https://kingsspiceminimart.com.au/wp-content/uploads/2026/01/ce1f9ac4-dc47-41cd-af2c-3c34e57b03d3.jpg,https://kingsspiceminimart.com.au/product/aaryas-kerala-murukku-400g/,kingsspice_export/images/aaryas-kerala-murukku-400g.jpg
aaryas-kuzhalappam-200g,AARYAS KUZHALAPPAM 200G,$ 5.50,"Frozen Food , Frozen RTC Snacks",,,,https://kingsspiceminimart.com.au/wp-content/uploads/2026/01/Untitled-design-6.png,https://kingsspiceminimart.com.au/product/aaryas-kuzhalappam-200g/,kingsspice_export/images/aaryas-kuzhalappam-200g.png
aaryas-malabar-masala-murukku-400g,AARYAS MALABAR MASALA MURUKKU 400G,$ 5.50,"Frozen Food , Frozen RTC Snacks",,,,https://kingsspiceminimart.com.au/wp-content/uploads/2026/01/Untitled-design-7.png,https://kingsspiceminimart.com.au/product/aaryas-malabar-masala-murukku-400g/,kingsspice_export/images/aaryas-malabar-masala-murukku-400g.png
aaryas-marayoor-jaggery-ball-1kg,AARYAS MARAYOOR JAGGERY BALL 1KG,$ 6.70,"Grocery , Snacks",,,,https://kingsspiceminimart.com.au/wp-content/uploads/2026/01/6654b626-9b86-4223-9fa2-04b796798cc9.jpg,https://kingsspiceminimart.com.au/product/aaryas-marayoor-jaggery-ball-1kg/,kingsspice_export/images/aaryas-marayoor-jaggery-ball-1kg.jpg
aaryas-mild-mixture-400g,AARYAS MILD MIXTURE 400G,$ 4.20,"Frozen Food , Frozen RTC Snacks",,,,https://kingsspiceminimart.com.au/wp-content/uploads/2026/01/Untitled-design-8.png,https://kingsspiceminimart.com.au/product/aaryas-mild-mixture-400g/,kingsspice_export/images/aaryas-mild-mixture-400g.png
aaryas-mini-achappam-200g,AARYAS MINI ACHAPPAM 200G,$ 6.50,"Frozen Food , Frozen RTC Snacks",,,,https://kingsspiceminimart.com.au/wp-content/uploads/2026/01/ff0589ad-9ba7-45b6-a2d6-5792a9a11034_mini_achappam.jpg,https://kingsspiceminimart.com.au/product/aaryas-mini-achappam-200g/,kingsspice_export/images/aaryas-mini-achappam-200g.jpg
aaryas-neyappam-350g,AARYAS NEYAPPAM 350G,$ 4.90,"Frozen Food , Frozen RTC Snacks",Aaryas,,,https://kingsspiceminimart.com.au/wp-content/uploads/2025/12/WhatsApp-Image-2025-12-23-at-21.07.39-5.jpeg,https://kingsspiceminimart.com.au/product/aaryas-neyappam-350g/,kingsspice_export/images/aaryas-neyappam-350g.jpeg
aaryas-paal-payasam-mix-200g,AARYAS PAAL PAYASAM MIX 200G,$ 2.90,"Frozen Food , Frozen RTC Snacks",,,,https://kingsspiceminimart.com.au/wp-content/uploads/2026/01/Untitled-design-9.png,https://kingsspiceminimart.com.au/product/aaryas-paal-payasam-mix-200g/,kingsspice_export/images/aaryas-paal-payasam-mix-200g.png
aaryas-palada-payasam-mix-200g,AARYAS PALADA PAYASAM MIX 200G,$ 3.90,"Frozen Food , Frozen RTC Snacks",,,,https://kingsspiceminimart.com.au/wp-content/uploads/2026/01/download-1.jpg,https://kingsspiceminimart.com.au/product/aaryas-palada-payasam-mix-200g/,kingsspice_export/images/aaryas-palada-payasam-mix-200g.jpg
aaryas-palak-murukku-400g,AARYAS PALAK MURUKKU 400G,$ 6.90,"Frozen Food , Frozen RTC Snacks",,,,https://kingsspiceminimart.com.au/wp-content/uploads/2026/01/Untitled-design-10.png,https://kingsspiceminimart.com.au/product/aaryas-palak-murukku-400g/,kingsspice_export/images/aaryas-palak-murukku-400g.png
aaryas-palakkadan-matta-10kg,AARYAS PALAKKADAN MATTA 10KG,$ 23.00,"Grocery , Matta Rice , rice",Aaryas,,,http://kingsspiceminimart.com.au/wp-content/uploads/2025/12/WhatsApp-Image-2025-12-04-at-12.24.43.jpeg,https://kingsspiceminimart.com.au/product/aaryas-palakkadan-matta-10kg/,kingsspice_export/images/aaryas-palakkadan-matta-10kg.jpeg
aaryas-ragi-kozhukatta-454g,AARYAS RAGI KOZHUKATTA 454G,$ 4.90,"Frozen Food , Frozen RTC Snacks",,,,https://kingsspiceminimart.com.au/wp-content/uploads/2026/01/download-3.jpg,https://kingsspiceminimart.com.au/product/aaryas-ragi-kozhukatta-454g/,kingsspice_export/images/aaryas-ragi-kozhukatta-454g.jpg
aaryas-rice-ada-200g,AARYAS RICE ADA 200G,$ 3.50,"Frozen Food , Processed/Preserved Vegetable & Fru",,,,https://kingsspiceminimart.com.au/wp-content/uploads/2026/01/download-4.jpg,https://kingsspiceminimart.com.au/product/aaryas-rice-ada-200g/,kingsspice_export/images/aaryas-rice-ada-200g.jpg
aaryas-ripe-banana-chips-400g,AARYAS RIPE BANANA CHIPS 400G,$ 7.90,"Frozen Food , Frozen RTC Snacks",,,,http://kingsspiceminimart.com.au/wp-content/uploads/2026/01/Untitled-design-11.png,https://kingsspiceminimart.com.au/product/aaryas-ripe-banana-chips-400g/,kingsspice_export/images/aaryas-ripe-banana-chips-400g.png
aaryas-sambar-mix-400g,AARYAS SAMBAR MIX 400G,$ 4.90,"Frozen Food , Processed/Preserved Vegetable & Fru",,,,https://kingsspiceminimart.com.au/wp-content/uploads/woocommerce-placeholder-600x600.webp,https://kingsspiceminimart.com.au/product/aaryas-sambar-mix-400g/,kingsspice_export/images/aaryas-sambar-mix-400g.webp
aaryas-semiya-payasam-mix-200g,AARYAS SEMIYA PAYASAM MIX 200G,$ 2.90,"Frozen Food , Frozen RTC Snacks",,,,http://kingsspiceminimart.com.au/wp-content/uploads/2026/01/Untitled-design-12.png,https://kingsspiceminimart.com.au/product/aaryas-semiya-payasam-mix-200g/,kingsspice_export/images/aaryas-semiya-payasam-mix-200g.png
aaryas-shallots-400g-2,AARYAS SHALLOTS 400G,$ 6.50,"Frozen Food , Processed/Preserved Vegetable & Fru",,,,http://kingsspiceminimart.com.au/wp-content/uploads/2026/01/Untitled-design-13.png,https://kingsspiceminimart.com.au/product/aaryas-shallots-400g-2/,kingsspice_export/images/aaryas-shallots-400g-2.png
aaryas-shallots-400g,AARYAS SHALLOTS 400G,$ 6.50,"Frozen Food , Processed/Preserved Vegetable & Fru",Aaryas,,,https://kingsspiceminimart.com.au/wp-content/uploads/2025/12/WhatsApp-Image-2025-12-23-at-21.07.38.jpeg,https://kingsspiceminimart.com.au/product/aaryas-shallots-400g/,kingsspice_export/images/aaryas-shallots-400g.jpeg
aaryas-sliced-coconut-400g,AARYAS SLICED COCONUT 400G,$ 5.90,"Frozen Coconut , Frozen Food",,,,https://kingsspiceminimart.com.au/wp-content/uploads/2026/01/Untitled-design-14.png,https://kingsspiceminimart.com.au/product/aaryas-sliced-coconut-400g/,kingsspice_export/images/aaryas-sliced-coconut-400g.png
aaryas-special-hot-mixture-1000g,AARYAS SPECIAL HOT MIXTURE 1000G,$ 9.90,"Grocery , Snacks",,,,https://kingsspiceminimart.com.au/wp-content/uploads/2026/01/Untitled-design-15.png,https://kingsspiceminimart.com.au/product/aaryas-special-hot-mixture-1000g/,kingsspice_export/images/aaryas-special-hot-mixture-1000g.png
aaryas-sughiyan-350g,AARYAS SUGHIYAN 350G,$ 4.90,"Frozen Food , Frozen RTC Snacks",,,,http://kingsspiceminimart.com.au/wp-content/uploads/2026/01/SUGHIYAN.jpg,https://kingsspiceminimart.com.au/product/aaryas-sughiyan-350g/,kingsspice_export/images/aaryas-sughiyan-350g.jpg
aaryas-sweetna-1000g,AARYAS SWEETNA 1000G,$ 11.00,"Frozen Food , Frozen RTC Snacks",,,,https://kingsspiceminimart.com.au/wp-content/uploads/2026/01/SWEETNA.jpg,https://kingsspiceminimart.com.au/product/aaryas-sweetna-1000g/,kingsspice_export/images/aaryas-sweetna-1000g.jpg
aaryas-tapioca-chips-spicy-250g,AARYAS TAPIOCA CHIPS SPICY 250G,$ 5.70,"Frozen Food , Frozen RTC Snacks",,,,https://kingsspiceminimart.com.au/wp-content/uploads/2026/01/AAYAS-TAPIOCA-CHIPS-SPICY-250G.jpg,https://kingsspiceminimart.com.au/product/aaryas-tapioca-chips-spicy-250g/,kingsspice_export/images/aaryas-tapioca-chips-spicy-250g.jpg
aaryas-tapioca-drumcut-908g-2,AARYAS TAPIOCA DRUMCUT 908G,$ 4.90,"Grocery , Snacks",,,,https://kingsspiceminimart.com.au/wp-content/uploads/2026/01/Untitled-design-16.png,https://kingsspiceminimart.com.au/product/aaryas-tapioca-drumcut-908g-2/,kingsspice_export/images/aaryas-tapioca-drumcut-908g-2.png
aaryas-tapioca-drumcut-908g,AARYAS TAPIOCA DRUMCUT 908G,$ 4.90,"Frozen Food , Processed/Preserved Vegetable & Fru",Aaryas,,,https://kingsspiceminimart.com.au/wp-content/uploads/2025/12/WhatsApp-Image-2025-12-23-at-21.08.47-7.jpeg,https://kingsspiceminimart.com.au/product/aaryas-tapioca-drumcut-908g/,kingsspice_export/images/aaryas-tapioca-drumcut-908g.jpeg
aaryas-tapioca-sliced-cassava-908g,AARYAS TAPIOCA SLICED CASSAVA 908G,$ 5.50,"Frozen Food , Frozen RTC Snacks",,,,http://kingsspiceminimart.com.au/wp-content/uploads/2026/01/Untitled-design-20.png,https://kingsspiceminimart.com.au/product/aaryas-tapioca-sliced-cassava-908g/,kingsspice_export/images/aaryas-tapioca-sliced-cassava-908g.png
aaryas-tapioca-sticks-plain-200g,AARYAS TAPIOCA STICKS PLAIN 200G,$ 2.50,"Frozen Food , Frozen RTC Snacks",,,,https://kingsspiceminimart.com.au/wp-content/uploads/2026/01/Untitled-design-21.png,https://kingsspiceminimart.com.au/product/aaryas-tapioca-sticks-plain-200g/,kingsspice_export/images/aaryas-tapioca-sticks-plain-200g.png
aaryas-tender-mango-pickle-400g,AARYAS TENDER MANGO PICKLE 400G,$ 4.20,"Grocery , meal accompaniments",Aaryas,,,http://kingsspiceminimart.com.au/wp-content/uploads/2025/12/WhatsApp-Image-2025-12-04-at-12.24.44-1.jpeg,https://kingsspiceminimart.com.au/product/aaryas-tender-mango-pickle-400g/,kingsspice_export/images/aaryas-tender-mango-pickle-400g.jpeg
aaryas-thanjavur-ponni-boiled-rice-5kg,AARYAS THANJAVUR PONNI BOILED RICE 5KG,$ 12.00,"Grocery , rice",Aaryas,,,https://kingsspiceminimart.com.au/wp-content/uploads/2025/12/WhatsApp-Image-2025-12-04-at-12.24.44.jpeg,https://kingsspiceminimart.com.au/product/aaryas-thanjavur-ponni-boiled-rice-5kg/,kingsspice_export/images/aaryas-thanjavur-ponni-boiled-rice-5kg.jpeg
aaryas-tomato-murukku-400g,AARYAS TOMATO MURUKKU 400G,$ 4.90,"Frozen Food , Frozen RTC Snacks",,,,https://kingsspiceminimart.com.au/wp-content/uploads/2026/01/Untitled-design-19.png,https://kingsspiceminimart.com.au/product/aaryas-tomato-murukku-400g/,kingsspice_export/images/aaryas-tomato-murukku-400g.png
aaryas-unniyappam-908g,AARYAS UNNIYAPPAM 908G,$ 12.00,"Frozen Food , Frozen RTC Snacks",Aaryas,,,https://kingsspiceminimart.com.au/wp-content/uploads/2026/01/WhatsApp-Image-2025-11-27-at-15.15.49-5.jpeg,https://kingsspiceminimart.com.au/product/aaryas-unniyappam-908g/,kingsspice_export/images/aaryas-unniyappam-908g.jpeg
aaryas-uzhunnuvada-350g,AARYAS UZHUNNUVADA 350G,$ 5.90,"Frozen Food , Frozen RTC Snacks",,,,https://kingsspiceminimart.com.au/wp-content/uploads/2026/01/AARYAS-UZHUNNUVADA-350G.jpg,https://kingsspiceminimart.com.au/product/aaryas-uzhunnuvada-350g/,kingsspice_export/images/aaryas-uzhunnuvada-350g.jpg
aaryas-vegetable-cutlet350g,AARYAS VEGETABLE CUTLET 350G,$ 4.90,"Frozen Food , Frozen RTC Snacks",Aaryas,,,http://kingsspiceminimart.com.au/wp-content/uploads/2025/12/WhatsApp-Image-2025-12-23-at-21.07.38-4.jpeg,https://kingsspiceminimart.com.au/product/aaryas-vegetable-cutlet350g/,kingsspice_export/images/aaryas-vegetable-cutlet350g.jpeg
aaryas-vegetable-puffs-375g,AARYAS VEGETABLE PUFFS 375G,$ 5.90,"Frozen Food , Frozen RTC Snacks",,,,http://kingsspiceminimart.com.au/wp-content/uploads/2026/01/AARYAS-VEGETABLE-PUFFS-375G.jpg,https://kingsspiceminimart.com.au/product/aaryas-vegetable-puffs-375g/,kingsspice_export/images/aaryas-vegetable-puffs-375g.jpg
aaryas-white-lime-pickle-400g,AARYAS WHITE LIME PICKLE 400G,$ 4.20,"Grocery , meal accompaniments",Aaryas,,,http://kingsspiceminimart.com.au/wp-content/uploads/2025/12/WhatsApp-Image-2025-12-04-at-12.24.45.jpeg,https://kingsspiceminimart.com.au/product/aaryas-white-lime-pickle-400g/,kingsspice_export/images/aaryas-white-lime-pickle-400g.jpeg
aaryas-white-raw-rice-5kg,AARYAS WHITE RAW RICE 5KG,$ 13.00,"Grocery , rice",Aaryas,,,https://kingsspiceminimart.com.au/wp-content/uploads/2025/12/WhatsApp-Image-2025-12-04-at-12.24.43-2.jpeg,https://kingsspiceminimart.com.au/product/aaryas-white-raw-rice-5kg/,kingsspice_export/images/aaryas-white-raw-rice-5kg.jpeg
aashirvaad-atta-10kg,Aashirvaad atta 10kg,$ 18.70,"flour , Grocery",Aashirvaad,,,https://kingsspiceminimart.com.au/wp-content/uploads/2025/11/9104JpXbv6L._SL1500_.jpg,https://kingsspiceminimart.com.au/product/aashirvaad-atta-10kg/,kingsspice_export/images/aashirvaad-atta-10kg.jpg
active-wheel-2-in-1-1kg,ACTIVE WHEEL 2 IN 1 1KG,$ 5.90,"Household , laundry care",,,,https://kingsspiceminimart.com.au/wp-content/uploads/2026/02/download-16.jpg,https://kingsspiceminimart.com.au/product/active-wheel-2-in-1-1kg/,kingsspice_export/images/active-wheel-2-in-1-1kg.jpg
adukkala-coconut-oil-1l,Adukkala Coconut Oil 1L,$ 17.95,"Grocery , oil/ fats",Adukkala,,,http://kingsspiceminimart.com.au/wp-content/uploads/2025/11/Untitled-design-23-1.png,https://kingsspiceminimart.com.au/product/adukkala-coconut-oil-1l/,kingsspice_export/images/adukkala-coconut-oil-1l.png
aithra-aam-papad-green-mango-150g,AITHRA AAM PAPAD (GREEN MANGO) 150G,$ 4.50,"Grocery , meal accompaniments",Aithra,,,http://kingsspiceminimart.com.au/wp-content/uploads/2025/11/Untitled-design-2.png,https://kingsspiceminimart.com.au/product/aithra-aam-papad-green-mango-150g/,kingsspice_export/images/aithra-aam-papad-green-mango-150g.png
aithra-aam-papad-meetha-150g,AITHRA AAM PAPAD MEETHA 150G,$ 4.50,"Grocery , meal accompaniments",Aithra,,,https://kingsspiceminimart.com.au/wp-content/uploads/2025/11/Untitled-design-13.png,https://kingsspiceminimart.com.au/product/aithra-aam-papad-meetha-150g/,kingsspice_export/images/aithra-aam-papad-meetha-150g.png
aithra-andhra-sona-masuri-rice-5kg,AITHRA ANDHRA SONA MASURI RICE 5KG,$ 15.99,"Grocery , rice",Aithra,,,https://kingsspiceminimart.com.au/wp-content/uploads/2026/01/SM_1024x1024.webp,https://kingsspiceminimart.com.au/product/aithra-andhra-sona-masuri-rice-5kg/,kingsspice_export/images/aithra-andhra-sona-masuri-rice-5kg.webp
aithra-besan-flour-1kg,AITHRA BESAN FLOUR 1KG,$ 4.80,"flour , Grocery",Aithra,,,http://kingsspiceminimart.com.au/wp-content/uploads/2026/01/images-2.jpg,https://kingsspiceminimart.com.au/product/aithra-besan-flour-1kg/,kingsspice_export/images/aithra-besan-flour-1kg.jpg
aithra-black-mustard-200g,AITHRA BLACK MUSTARD 200G,$ 2.50,"Grocery , seasonings / coconut cream",Aithra,,,https://kingsspiceminimart.com.au/wp-content/uploads/2026/01/download-5.jpg,https://kingsspiceminimart.com.au/product/aithra-black-mustard-200g/,kingsspice_export/images/aithra-black-mustard-200g.jpg
aithra-c-p-sesame-oil-5ltr,AITHRA C/P SESAME OIL 5LTR,$ 53.00,"Grocery , oil/ fats",Aithra,,,https://kingsspiceminimart.com.au/wp-content/uploads/2026/01/download-1-1.jpg,https://kingsspiceminimart.com.au/product/aithra-c-p-sesame-oil-5ltr/,kingsspice_export/images/aithra-c-p-sesame-oil-5ltr.jpg
aithra-cardamom-seed-50g,AITHRA CARDAMOM SEED 50G,$ 6.95,"Grocery , seasonings / coconut cream",Aithra,,,https://kingsspiceminimart.com.au/wp-content/uploads/2026/01/0787631a-95b4-4a54-9896-c4aaa289a83f.jpg,https://kingsspiceminimart.com.au/product/aithra-cardamom-seed-50g/,kingsspice_export/images/aithra-cardamom-seed-50g.jpg
aithra-chilli-crushed-500g,AITHRA CHILLI CRUSHED 500G,$ 8.50,"Grocery , pulses/ grains",,,,https://kingsspiceminimart.com.au/wp-content/uploads/2026/01/download-2-1.jpg,https://kingsspiceminimart.com.au/product/aithra-chilli-crushed-500g/,kingsspice_export/images/aithra-chilli-crushed-500g.jpg
aithra-chilli-powder-ex-hot-1kg,AITHRA CHILLI POWDER (EX HOT) 1KG,$ 13.95,"Grocery , pulses/ grains",Aithra,,,https://kingsspiceminimart.com.au/wp-content/uploads/2026/01/Untitled-design-2026-01-31T175843.904.png,https://kingsspiceminimart.com.au/product/aithra-chilli-powder-ex-hot-1kg/,kingsspice_export/images/aithra-chilli-powder-ex-hot-1kg.png
aithra-coconut-oil-1l,Aithra Coconut Oil 1L,$ 10.50,"Grocery , oil/ fats",,,,http://kingsspiceminimart.com.au/wp-content/uploads/2025/11/Untitled-design-24-1.png,https://kingsspiceminimart.com.au/product/aithra-coconut-oil-1l/,kingsspice_export/images/aithra-coconut-oil-1l.png
allowrie-pure-ghee-1-8kg,ALLOWRIE PURE GHEE 1.8KG,$ 45.90,"Grocery , oil/ fats , Special buys",ALLOWRIE,,,https://kingsspiceminimart.com.au/wp-content/uploads/2025/11/ALLOWRIE-PURE-GHEE-1.8KG.webp,https://kingsspiceminimart.com.au/product/allowrie-pure-ghee-1-8kg/,kingsspice_export/images/allowrie-pure-ghee-1-8kg.webp
amul-ghee-1l,AMUL GHEE 1L,$ 17.90,"Grocery , oil/ fats , Special buys",AMUL,,,https://kingsspiceminimart.com.au/wp-content/uploads/2025/11/Photo-6.jpg,https://kingsspiceminimart.com.au/product/amul-ghee-1l/,kingsspice_export/images/amul-ghee-1l.jpg
amul-pure-cow-ghee-1l,AMUL PURE COW GHEE 1L,$ 19.90,"Grocery , oil/ fats , Special buys",AMUL,,,https://kingsspiceminimart.com.au/wp-content/uploads/2025/11/10d48d26ad3f6e5fb0000bc2ee73d16c.jpg,https://kingsspiceminimart.com.au/product/amul-pure-cow-ghee-1l/,kingsspice_export/images/amul-pure-cow-ghee-1l.jpg
apple-red-1kg,Apple – Red 1kg,$ 5.50,Fruits,,,,https://kingsspiceminimart.com.au/wp-content/uploads/2025/11/2-3.png,https://kingsspiceminimart.com.au/product/apple-red-1kg/,kingsspice_export/images/apple-red-1kg.png
ariel-orginal-washing-powder-1kg,ARIEL ORGINAL WASHING POWDER 1KG,$ 6.90,"Household , laundry care",,,,https://kingsspiceminimart.com.au/wp-content/uploads/2026/02/download-15.jpg,https://kingsspiceminimart.com.au/product/ariel-orginal-washing-powder-1kg/,kingsspice_export/images/ariel-orginal-washing-powder-1kg.jpg
ariel-perfect-wash-1kg,Ariel Perfect Wash 1kg,$ 6.90,"Household , laundry care",ariel,,,http://kingsspiceminimart.com.au/wp-content/uploads/2025/11/a8b5ab47-46a1-4d42-ab13-2e7a1e22ad08jpgts1736496643-b33cf2ea-1602-4f65-8c79-c0c264064a01-500x500-1.webp,https://kingsspiceminimart.com.au/product/ariel-perfect-wash-1kg/,kingsspice_export/images/ariel-perfect-wash-1kg.webp
avacado-each,Avacado (each),$ 2.50,Fruits,,,,https://kingsspiceminimart.com.au/wp-content/uploads/2025/11/4-4.png,https://kingsspiceminimart.com.au/product/avacado-each/,kingsspice_export/images/avacado-each.png
avatar-every-day-basmati-rice-5kg,Avatar Every day Basmati Rice -5kg,$ 12.90 Original price was: $12.90. $ 11.50 Current price is: $11.50.,"Basmati rice , Flash Deals , Grocery , rice",Avatar,,,https://kingsspiceminimart.com.au/wp-content/uploads/2026/03/4.png,https://kingsspiceminimart.com.au/product/avatar-every-day-basmati-rice-5kg/,kingsspice_export/images/avatar-every-day-basmati-rice-5kg.png
avt-premium-leaf-tea-250g,AVT PREMIUM LEAF TEA 250G,$ 6.90,"Beverages , Tea",,,,https://kingsspiceminimart.com.au/wp-content/uploads/2026/02/images.jpg,https://kingsspiceminimart.com.au/product/avt-premium-leaf-tea-250g/,kingsspice_export/images/avt-premium-leaf-tea-250g.jpg
avt-premium-leaf-tea-500g,AVT PREMIUM LEAF TEA 500G,$ 13.00,"Beverages , Tea",,,,https://kingsspiceminimart.com.au/wp-content/uploads/2026/02/AVT-PREMIUM-LEAF-TEA-500G.jpg,https://kingsspiceminimart.com.au/product/avt-premium-leaf-tea-500g/,kingsspice_export/images/avt-premium-leaf-tea-500g.jpg
avt-premium-tea-1kg,AVT PREMIUM TEA 1KG,$ 12.00,"Beverages , Tea",,,,https://kingsspiceminimart.com.au/wp-content/uploads/2026/02/AVT-PREMIUM-TEA-1KG.jpg,https://kingsspiceminimart.com.au/product/avt-premium-tea-1kg/,kingsspice_export/images/avt-premium-tea-1kg.jpg
bhikharam-chandmal-all-in-one-1kg,Bhikharam Chandmal All in One 1kg,$ 14.95,"Grocery , Snacks",Bhikharam Chandmal,,,https://kingsspiceminimart.com.au/wp-content/uploads/2025/12/3-1.png,https://kingsspiceminimart.com.au/product/bhikharam-chandmal-all-in-one-1kg/,kingsspice_export/images/bhikharam-chandmal-all-in-one-1kg.png
bhikharam-chandmal-aloo-bhujia-1kg,Bhikharam Chandmal Aloo Bhujia 1kg,$ 14.95,"Grocery , Snacks",Bhikharam Chandmal,,,https://kingsspiceminimart.com.au/wp-content/uploads/2025/12/1-1.png,https://kingsspiceminimart.com.au/product/bhikharam-chandmal-aloo-bhujia-1kg/,kingsspice_export/images/bhikharam-chandmal-aloo-bhujia-1kg.png
bhikharam-chandmal-bikaneri-bhujia-1kg,Bhikharam Chandmal Bikaneri Bhujia 1kg,$ 14.95,"Grocery , Snacks",Bhikharam Chandmal,,,http://kingsspiceminimart.com.au/wp-content/uploads/2025/12/2-1.png,https://kingsspiceminimart.com.au/product/bhikharam-chandmal-bikaneri-bhujia-1kg/,kingsspice_export/images/bhikharam-chandmal-bikaneri-bhujia-1kg.png
bhikharam-chandmal-khatta-meetha-1kg,Bhikharam Chandmal Khatta Meetha 1kg,$ 14.95,"Grocery , Snacks",Bhikharam Chandmal,,,https://kingsspiceminimart.com.au/wp-content/uploads/2025/12/4.png,https://kingsspiceminimart.com.au/product/bhikharam-chandmal-khatta-meetha-1kg/,kingsspice_export/images/bhikharam-chandmal-khatta-meetha-1kg.png
bhikharam-chandmal-navaratan-mixture-1kg,Bhikharam Chandmal Navaratan Mixture 1kg,$ 14.95,"Grocery , Snacks",Bhikharam Chandmal,,,http://kingsspiceminimart.com.au/wp-content/uploads/2025/12/5.png,https://kingsspiceminimart.com.au/product/bhikharam-chandmal-navaratan-mixture-1kg/,kingsspice_export/images/bhikharam-chandmal-navaratan-mixture-1kg.png
brahmins-coconut-oil-887ml-2,BRAHMINS COCONUT OIL 887ML,$ 13.00,"Grocery , oil/ fats",Brahmins,,,https://kingsspiceminimart.com.au/wp-content/uploads/2026/02/BRAHMINS-COCONUT-OIL-887ML.jpg,https://kingsspiceminimart.com.au/product/brahmins-coconut-oil-887ml-2/,kingsspice_export/images/brahmins-coconut-oil-887ml-2.jpg
brahmins-coconut-oil-887ml,Brahmins Coconut Oil 887ml,$ 13.99,"Grocery , oil/ fats",Brahmins,,,https://kingsspiceminimart.com.au/wp-content/uploads/2025/11/Brahmins_Coconut_Oil_887ml641746.jpg,https://kingsspiceminimart.com.au/product/brahmins-coconut-oil-887ml/,kingsspice_export/images/brahmins-coconut-oil-887ml.jpg
britannia-cows-ghee-1ltr,BRITANNIA COW’S GHEE 1LTR,$ 19.90,"Grocery , oil/ fats , Special buys",BRITANNIA,,,https://kingsspiceminimart.com.au/wp-content/uploads/2025/11/6689138c1095a84a6c3920e5-britannia-pure-cow-ghee-33-81floz-1.jpg,https://kingsspiceminimart.com.au/product/britannia-cows-ghee-1ltr/,kingsspice_export/images/britannia-cows-ghee-1ltr.jpg
britannia-cows-ghee-500ml,BRITANNIA COWS GHEE 500ML,$ 9.75,"Grocery , oil/ fats , Special buys",BRITANNIA,,,https://kingsspiceminimart.com.au/wp-content/uploads/2025/11/britannia-gawa-ghee-500-ml-jar-product-images-o491239127-p590428231-0-202207111753.jpg,https://kingsspiceminimart.com.au/product/britannia-cows-ghee-500ml/,kingsspice_export/images/britannia-cows-ghee-500ml.jpg
brooke-bond-3-roses-tea-500g,BROOKE BOND 3 ROSES TEA 500G,$ 14.00,"Beverages , Tea",,,,https://kingsspiceminimart.com.au/wp-content/uploads/2026/02/Untitled-design-2026-02-17T091255.576.png,https://kingsspiceminimart.com.au/product/brooke-bond-3-roses-tea-500g/,kingsspice_export/images/brooke-bond-3-roses-tea-500g.png
brooke-bond-taj-mahal-tea-190g,BROOKE BOND TAJ MAHAL TEA 190G,$ 6.50,"Beverages , Tea",,,,https://kingsspiceminimart.com.au/wp-content/uploads/2026/02/BROOKE-BOND-TAJ-MAHAL-TEA-190G.webp,https://kingsspiceminimart.com.au/product/brooke-bond-taj-mahal-tea-190g/,kingsspice_export/images/brooke-bond-taj-mahal-tea-190g.webp
brooke-bond-taj-mahal-tea-1kg,BROOKE BOND TAJ MAHAL TEA 1KG,$ 19.00,"Beverages , Tea",,,,https://kingsspiceminimart.com.au/wp-content/uploads/2026/02/BROOKE-BOND-TAJ-MAHAL-TEA-1KG.jpg,https://kingsspiceminimart.com.au/product/brooke-bond-taj-mahal-tea-1kg/,kingsspice_export/images/brooke-bond-taj-mahal-tea-1kg.jpg
bru-instant-coffee-jar-100g,Bru Instant coffee jar 100g,$ 6.99,"Beverages , coffee",Bru,,,https://kingsspiceminimart.com.au/wp-content/uploads/2025/11/xJFWEq7ujP.jpg,https://kingsspiceminimart.com.au/product/bru-instant-coffee-jar-100g/,kingsspice_export/images/bru-instant-coffee-jar-100g.jpg
bru-instant-coffee-jar-50g,Bru Instant coffee jar 50g,$ 4.50,"Beverages , coffee",Bru,,,https://kingsspiceminimart.com.au/wp-content/uploads/2025/11/bru-coffee-50g.jpg,https://kingsspiceminimart.com.au/product/bru-instant-coffee-jar-50g/,kingsspice_export/images/bru-instant-coffee-jar-50g.jpg
bru-original-coffee-100g,BRU ORIGINAL COFFEE 100G,$ 6.90,"Beverages , coffee",,,,https://kingsspiceminimart.com.au/wp-content/uploads/2026/01/Untitled-design-23.png,https://kingsspiceminimart.com.au/product/bru-original-coffee-100g/,kingsspice_export/images/bru-original-coffee-100g.png
bru-original-coffee-200g,BRU ORIGINAL COFFEE 200G,$ 11.00,"Beverages , coffee",,,,https://kingsspiceminimart.com.au/wp-content/uploads/2026/01/Untitled-design-22.png,https://kingsspiceminimart.com.au/product/bru-original-coffee-200g/,kingsspice_export/images/bru-original-coffee-200g.png
bru-pure-coffee-100g,BRU PURE COFFEE 100G,$ 9.50,"Beverages , coffee",,,,https://kingsspiceminimart.com.au/wp-content/uploads/2026/01/BRU-PURE-100G.jpg,https://kingsspiceminimart.com.au/product/bru-pure-coffee-100g/,kingsspice_export/images/bru-pure-coffee-100g.jpg
bru-pure-instant-coffee-200g,BRU PURE INSTANT COFFEE 200G,$ 14.00,"Beverages , coffee",,,,http://kingsspiceminimart.com.au/wp-content/uploads/2026/01/Untitled-design-25.png,https://kingsspiceminimart.com.au/product/bru-pure-instant-coffee-200g/,kingsspice_export/images/bru-pure-instant-coffee-200g.png
canobolas-eggs-12-600g,Canobolas Eggs (12) – 600g,$ 3.20 Original price was: $3.20. $ 1.99 Current price is: $1.99.,"eggs , Flash Deals , Grocery",,,,http://kingsspiceminimart.com.au/wp-content/uploads/2026/03/Untitled-design-27-1.png,https://kingsspiceminimart.com.au/product/canobolas-eggs-12-600g/,kingsspice_export/images/canobolas-eggs-12-600g.png
cbl-cheese-buttons-170x2,CBL CHEESE BUTTONS 170X2,$ 4.90,"Biscuits , Grocery",CBL Munchee,,,http://kingsspiceminimart.com.au/wp-content/uploads/2025/11/CBL-CHEESE-BUTTONS-170X2.png,https://kingsspiceminimart.com.au/product/cbl-cheese-buttons-170x2/,kingsspice_export/images/cbl-cheese-buttons-170x2.png
cbl-jaffna-curry-taste-soy-90g,CBL JAFFNA CURRY TASTE SOY 90G,$ 2.20,"Grocery , soya meat",CBL Munchee,,,https://kingsspiceminimart.com.au/wp-content/uploads/2025/11/CBL-JAFFNA-CURRY-TASTE-SOY-90G.png,https://kingsspiceminimart.com.au/product/cbl-jaffna-curry-taste-soy-90g/,kingsspice_export/images/cbl-jaffna-curry-taste-soy-90g.png
cbl-lanka-polos-curry-vegesoy-90g,CBL LANKA POLOS CURRY VEGESOY 90G,$ 2.20,"Grocery , soya meat",CBL Munchee,,,http://kingsspiceminimart.com.au/wp-content/uploads/2025/11/CBL-LANKA-POLOS-CURRY-VEGESOY-90G.png,https://kingsspiceminimart.com.au/product/cbl-lanka-polos-curry-vegesoy-90g/,kingsspice_export/images/cbl-lanka-polos-curry-vegesoy-90g.png
cbl-lanka-soy-90g,CBL Lanka Soy 90g,$ 1.50,"Grocery , soya meat",CBL Munchee,,,http://kingsspiceminimart.com.au/wp-content/uploads/2025/11/CBL-Lanka-Soy-90g.png,https://kingsspiceminimart.com.au/product/cbl-lanka-soy-90g/,kingsspice_export/images/cbl-lanka-soy-90g.png
cbl-maly-devilled-prawn-soy-90g,CBL MALY DEVILLED PRAWN SOY 90G,$ 2.20,"Grocery , soya meat",CBL Munchee,,,http://kingsspiceminimart.com.au/wp-content/uploads/2025/11/CBL-MALY-DEVILLED-PRAWN-SOY-90G.png,https://kingsspiceminimart.com.au/product/cbl-maly-devilled-prawn-soy-90g/,kingsspice_export/images/cbl-maly-devilled-prawn-soy-90g.png
cbl-munchee-bran-cracker-240g,CBL MUNCHEE BRAN CRACKER 240G,$ 2.80,"Biscuits , Grocery",CBL Munchee,,,https://kingsspiceminimart.com.au/wp-content/uploads/2025/11/CBL-MUNCHEE-BRAN-CRACKER-240G.jpeg,https://kingsspiceminimart.com.au/product/cbl-munchee-bran-cracker-240g/,kingsspice_export/images/cbl-munchee-bran-cracker-240g.jpeg
cbl-munchee-chilito-biscuits-30g,CBL MUNCHEE CHILITO BISCUITS 30G,$ 1.99,"Biscuits , Grocery",CBL Munchee,,,https://kingsspiceminimart.com.au/wp-content/uploads/2025/11/CBL-MUNCHEE-CHILITO-BISCUITS-30G.jpeg,https://kingsspiceminimart.com.au/product/cbl-munchee-chilito-biscuits-30g/,kingsspice_export/images/cbl-munchee-chilito-biscuits-30g.jpeg
cbl-munchee-choc-shock-90g,CBL MUNCHEE CHOC SHOCK 90G,$ 2.99,"Biscuits , Grocery",CBL Munchee,,,https://kingsspiceminimart.com.au/wp-content/uploads/2025/11/CBL-MUNCHEE-CHOC-SHOCK-90G.jpeg,https://kingsspiceminimart.com.au/product/cbl-munchee-choc-shock-90g/,kingsspice_export/images/cbl-munchee-choc-shock-90g.jpeg
cbl-munchee-chocolate-carols-300g,CBL MUNCHEE CHOCOLATE CAROLS 300G,$ 3.50,"Biscuits , Grocery",CBL Munchee,,,https://kingsspiceminimart.com.au/wp-content/uploads/2025/11/CBL-MUNCHEE-CHOCOLATE-CAROLS-300G.jpeg,https://kingsspiceminimart.com.au/product/cbl-munchee-chocolate-carols-300g/,kingsspice_export/images/cbl-munchee-chocolate-carols-300g.jpeg
cbl-munchee-chocolate-cream-biscuits-210g,CBL MUNCHEE CHOCOLATE CREAM BISCUITS 210G,$ 2.99,"Biscuits , Grocery",CBL Munchee,,,https://kingsspiceminimart.com.au/wp-content/uploads/2025/11/CBL-MUNCHEE-CHOCOLATE-CREAM-BISCUITS-210G.jpg,https://kingsspiceminimart.com.au/product/cbl-munchee-chocolate-cream-biscuits-210g/,kingsspice_export/images/cbl-munchee-chocolate-cream-biscuits-210g.jpg
cbl-munchee-chocolate-marie-400g,CBL MUNCHEE CHOCOLATE MARIE 400G,$ 4.75,"Biscuits , Grocery",CBL Munchee,,,https://kingsspiceminimart.com.au/wp-content/uploads/2025/11/CBL-MUNCHEE-CHOCOLATE-MARIE-400G.jpg,https://kingsspiceminimart.com.au/product/cbl-munchee-chocolate-marie-400g/,kingsspice_export/images/cbl-munchee-chocolate-marie-400g.jpg
cbl-munchee-chocolate-puff-original-200g,CBL MUNCHEE CHOCOLATE PUFF ORIGINAL 200G,$ 3.75,"Biscuits , Grocery",CBL Munchee,,,http://kingsspiceminimart.com.au/wp-content/uploads/2025/11/CBL-MUNCHEE-CHOCOLATE-PUFF-ORIGINAL-200G.jpg,https://kingsspiceminimart.com.au/product/cbl-munchee-chocolate-puff-original-200g/,kingsspice_export/images/cbl-munchee-chocolate-puff-original-200g.jpg
cbl-munchee-coconut-crunch-200g,CBL MUNCHEE COCONUT CRUNCH 200G,$ 2.50,"Biscuits , Grocery",CBL Munchee,,,https://kingsspiceminimart.com.au/wp-content/uploads/2025/11/CBL-MUNCHEE-COCONUT-CRUNCH-200G.png,https://kingsspiceminimart.com.au/product/cbl-munchee-coconut-crunch-200g/,kingsspice_export/images/cbl-munchee-coconut-crunch-200g.png
cbl-munchee-delight-assortment-500g-2,CBL MUNCHEE GEM BISCUITS 200G,$ 2.50,"Biscuits , Grocery",CBL Munchee,,,http://kingsspiceminimart.com.au/wp-content/uploads/2025/11/CBL-MUNCHEE-GEM-BISCUITS-200G.png,https://kingsspiceminimart.com.au/product/cbl-munchee-delight-assortment-500g-2/,kingsspice_export/images/cbl-munchee-delight-assortment-500g-2.png
cbl-munchee-delight-assortment-500g,CBL MUNCHEE DELIGHT ASSORTMENT 500G,$ 9.99,"Biscuits , Grocery",CBL Munchee,,,https://kingsspiceminimart.com.au/wp-content/uploads/2025/11/CBL-MUNCHEE-DELIGHT-ASSORTMENT-500G-1.png,https://kingsspiceminimart.com.au/product/cbl-munchee-delight-assortment-500g/,kingsspice_export/images/cbl-munchee-delight-assortment-500g.png
cbl-munchee-ginger-buiscuits-170g,CBL MUNCHEE GINGER BUISCUITS 170G,$ 3.75,"Biscuits , Grocery",CBL Munchee,,,http://kingsspiceminimart.com.au/wp-content/uploads/2025/11/CBL-MUNCHEE-GINGER-BUISCUITS-170G.png,https://kingsspiceminimart.com.au/product/cbl-munchee-ginger-buiscuits-170g/,kingsspice_export/images/cbl-munchee-ginger-buiscuits-170g.png
cbl-munchee-ginger-buiscuits-400g,CBL MUNCHEE GINGER BUISCUITS 400G,$ 4.50,"Biscuits , Grocery",CBL Munchee,,,http://kingsspiceminimart.com.au/wp-content/uploads/2025/11/CBL-MUNCHEE-GINGER-BUISCUITS-400G.jpeg,https://kingsspiceminimart.com.au/product/cbl-munchee-ginger-buiscuits-400g/,kingsspice_export/images/cbl-munchee-ginger-buiscuits-400g.jpeg
cbl-munchee-hawaian-cookies-200gx2,CBL MUNCHEE HAWAIAN COOKIES 200GX2,$ 3.25,"Biscuits , Grocery",CBL Munchee,,,https://kingsspiceminimart.com.au/wp-content/uploads/2025/11/CBL-MUNCHEE-HAWAIAN-COOKIES-200GX2.png,https://kingsspiceminimart.com.au/product/cbl-munchee-hawaian-cookies-200gx2/,kingsspice_export/images/cbl-munchee-hawaian-cookies-200gx2.png
cbl-munchee-lemon-puff-200g,CBL MUNCHEE LEMON PUFF 200G,$ 3.50,"Biscuits , Grocery",CBL Munchee,,,https://kingsspiceminimart.com.au/wp-content/uploads/2025/11/CBL-MUNCHEE-LEMON-PUFF-200G.png,https://kingsspiceminimart.com.au/product/cbl-munchee-lemon-puff-200g/,kingsspice_export/images/cbl-munchee-lemon-puff-200g.png
cbl-munchee-marie-biscuits-400g,CBL MUNCHEE MARIE BISCUITS 400G,$ 5.50,"Biscuits , Grocery",CBL Munchee,,,https://kingsspiceminimart.com.au/wp-content/uploads/2025/11/CBL-MUNCHEE-MARIE-BISCUITS-400G.png,https://kingsspiceminimart.com.au/product/cbl-munchee-marie-biscuits-400g/,kingsspice_export/images/cbl-munchee-marie-biscuits-400g.png
cbl-munchee-milk-cream-buiscuits-390g,CBL MUNCHEE MILK CREAM BUISCUITS 390G,$ 4.95,"Biscuits , Grocery",CBL Munchee,,,http://kingsspiceminimart.com.au/wp-content/uploads/2025/11/CBL-MUNCHEE-MILK-CREAM-BUISCUITS-390G.jpg,https://kingsspiceminimart.com.au/product/cbl-munchee-milk-cream-buiscuits-390g/,kingsspice_export/images/cbl-munchee-milk-cream-buiscuits-390g.jpg
cbl-munchee-milk-short-cake-200g,CBL MUNCHEE MILK SHORT CAKE 200G,$ 3.50,"Biscuits , Grocery",CBL Munchee,,,http://kingsspiceminimart.com.au/wp-content/uploads/2025/11/CBL-MUNCHEE-MILK-SHORT-CAKE-200G.png,https://kingsspiceminimart.com.au/product/cbl-munchee-milk-short-cake-200g/,kingsspice_export/images/cbl-munchee-milk-short-cake-200g.png
cbl-munchee-milk-shorties-325g,CBL MUNCHEE MILK SHORTIES 325G,$ 4.95,"Biscuits , Grocery",CBL Munchee,,,https://kingsspiceminimart.com.au/wp-content/uploads/2025/11/CBL-MUNCHEE-MILK-SHORTIES-325G.png,https://kingsspiceminimart.com.au/product/cbl-munchee-milk-shorties-325g/,kingsspice_export/images/cbl-munchee-milk-shorties-325g.png
cbl-munchee-nice-400g,CBL MUNCHEE NICE 400G,$ 2.95,"Biscuits , Grocery",CBL Munchee,,,https://kingsspiceminimart.com.au/wp-content/uploads/2025/11/CBL-MUNCHEE-NICE-400G.png,https://kingsspiceminimart.com.au/product/cbl-munchee-nice-400g/,kingsspice_export/images/cbl-munchee-nice-400g.png
cbl-munchee-onion-biscuits-170g,CBL MUNCHEE ONION BISCUITS 170G,$ 2.50,"Biscuits , Grocery",CBL Munchee,,,https://kingsspiceminimart.com.au/wp-content/uploads/2025/11/CBL-MUNCHEE-ONION-BISCUITS-170G.png,https://kingsspiceminimart.com.au/product/cbl-munchee-onion-biscuits-170g/,kingsspice_export/images/cbl-munchee-onion-biscuits-170g.png
cbl-munchee-onion-biscuits-250g,CBL MUNCHEE ONION BISCUITS 250G,$ 4.30,"Biscuits , Grocery",CBL Munchee,,,http://kingsspiceminimart.com.au/wp-content/uploads/2025/11/CBL-MUNCHEE-ONION-BISCUITS-250G.png,https://kingsspiceminimart.com.au/product/cbl-munchee-onion-biscuits-250g/,kingsspice_export/images/cbl-munchee-onion-biscuits-250g.png
cbl-munchee-snack-cracker-biscuits-260g,CBL MUNCHEE SNACK CRACKER BISCUITS 260G,$ 4.99,"Biscuits , Grocery",CBL Munchee,,,https://kingsspiceminimart.com.au/wp-content/uploads/2025/11/CBL-MUNCHEE-SNACK-CRACKER-BISCUITS-260G.jpg,https://kingsspiceminimart.com.au/product/cbl-munchee-snack-cracker-biscuits-260g/,kingsspice_export/images/cbl-munchee-snack-cracker-biscuits-260g.jpg
cbl-munchee-tea-time-200g,CBL MUNCHEE TEA TIME 200G,$ 3.60,"Biscuits , Grocery",CBL Munchee,,,https://kingsspiceminimart.com.au/wp-content/uploads/2025/11/CBL-MUNCHEE-TEA-TIME-200G.png,https://kingsspiceminimart.com.au/product/cbl-munchee-tea-time-200g/,kingsspice_export/images/cbl-munchee-tea-time-200g.png
cbl-munchee-tikiri-marie-biscuit-80g,CBL MUNCHEE TIKIRI MARIE BISCUIT 80G,$ 2.00,"Biscuits , Grocery",CBL Munchee,,,http://kingsspiceminimart.com.au/wp-content/uploads/2025/11/CBL-MUNCHEE-TIKIRI-MARIE-BISCUIT-80G.png,https://kingsspiceminimart.com.au/product/cbl-munchee-tikiri-marie-biscuit-80g/,kingsspice_export/images/cbl-munchee-tikiri-marie-biscuit-80g.png
cbl-munchee-tikiri-marie-buiscuits-360g,CBL MUNCHEE TIKIRI  MARIE BUISCUITS 360G,$ 4.90,"Biscuits , Grocery",CBL Munchee,,,http://kingsspiceminimart.com.au/wp-content/uploads/2025/11/CBL-MUNCHEE-TIKIRI-MARIE-BUISCUITS-360G.png,https://kingsspiceminimart.com.au/product/cbl-munchee-tikiri-marie-buiscuits-360g/,kingsspice_export/images/cbl-munchee-tikiri-marie-buiscuits-360g.png
cbl-munchee-vanilla-stix-480g,CBL ROAST CHICKEN SOY 90G,$ 2.20,Grocery,CBL Munchee,,,http://kingsspiceminimart.com.au/wp-content/uploads/2025/11/CBL-ROAST-CHICKEN-SOY-90G.png,https://kingsspiceminimart.com.au/product/cbl-munchee-vanilla-stix-480g/,kingsspice_export/images/cbl-munchee-vanilla-stix-480g.png
cbl-stix-20g,CBL STIX 20G,$ 1.00,"Biscuits , Grocery",CBL Munchee,,,https://kingsspiceminimart.com.au/wp-content/uploads/2025/11/CBL-STIX-20G.png,https://kingsspiceminimart.com.au/product/cbl-stix-20g/,kingsspice_export/images/cbl-stix-20g.png
cbl-tiara-strawberry-swiss-roll-200g,CBL TIARA STRAWBERRY SWISS ROLL 200G,$ 5.50,"cake , Grocery",,,,http://kingsspiceminimart.com.au/wp-content/uploads/2025/11/CBL-TIARA-STRAWBERRY-SWISS-ROLL-200G.png,https://kingsspiceminimart.com.au/product/cbl-tiara-strawberry-swiss-roll-200g/,kingsspice_export/images/cbl-tiara-strawberry-swiss-roll-200g.png
cbl-tiara-vanilla-swiss-roll-200g,CBL TIARA VANILLA SWISS ROLL 200G,$ 5.50,Grocery,CBL Munchee,,,http://kingsspiceminimart.com.au/wp-content/uploads/2025/11/CBL-TIARA-VANILLA-SWISS-ROLL-200G.png,https://kingsspiceminimart.com.au/product/cbl-tiara-vanilla-swiss-roll-200g/,kingsspice_export/images/cbl-tiara-vanilla-swiss-roll-200g.png
ceylon-chocolate-swiss-roll-325g,Ceylon chocolate Swiss roll 325g,$ 12.50,"cake , Grocery",Ceylon,,,http://kingsspiceminimart.com.au/wp-content/uploads/2025/11/4-6.png,https://kingsspiceminimart.com.au/product/ceylon-chocolate-swiss-roll-325g/,kingsspice_export/images/ceylon-chocolate-swiss-roll-325g.png
ceylon-triple-chocolate-swiss-roll-250g,Ceylon triple chocolate Swiss roll 250g,$ 10.50,"cake , Grocery",Ceylon,,,https://kingsspiceminimart.com.au/wp-content/uploads/2025/11/3-6.png,https://kingsspiceminimart.com.au/product/ceylon-triple-chocolate-swiss-roll-250g/,kingsspice_export/images/ceylon-triple-chocolate-swiss-roll-250g.png
chicken-cheese-and-onion-sausage-300g,Chicken cheese and onion sausage 300g,$ 11.99,"Frozen Food , Processed Meats & Seafood",Elephant house,,,https://kingsspiceminimart.com.au/wp-content/uploads/2025/11/Untitled-design-17-1.png,https://kingsspiceminimart.com.au/product/chicken-cheese-and-onion-sausage-300g/,kingsspice_export/images/chicken-cheese-and-onion-sausage-300g.png
chicken-sausages-300g,Chicken sausages 300g,$ 11.99,"Frozen Food , Processed Meats & Seafood",Elephant house,,,http://kingsspiceminimart.com.au/wp-content/uploads/2025/11/Untitled-design-18-1.png,https://kingsspiceminimart.com.au/product/chicken-sausages-300g/,kingsspice_export/images/chicken-sausages-300g.png
chintha-chiguru-100g,Chintha Chiguru 100g,$ 5.99,"packed , Vegitables",Telugu Foods,,,http://kingsspiceminimart.com.au/wp-content/uploads/2025/11/3-5.png,https://kingsspiceminimart.com.au/product/chintha-chiguru-100g/,kingsspice_export/images/chintha-chiguru-100g.png
chukka-kura-200g,Chukka Kura 200g,$ 5.50,"packed , Vegitables",Telugu Foods,,,https://kingsspiceminimart.com.au/wp-content/uploads/2025/11/2-4.png,https://kingsspiceminimart.com.au/product/chukka-kura-200g/,kingsspice_export/images/chukka-kura-200g.png
cinthol-original-100g,CINTHOL ORIGINAL 100G,$ 2.90,"bath / body , Household",,,,https://kingsspiceminimart.com.au/wp-content/uploads/2026/02/download-10.jpg,https://kingsspiceminimart.com.au/product/cinthol-original-100g/,kingsspice_export/images/cinthol-original-100g.jpg
cook-pure-ghee-1-6kg,COOK PURE GHEE 1.6KG,$ 35.50,"Grocery , oil/ fats , Special buys",COOK,,,https://kingsspiceminimart.com.au/wp-content/uploads/2025/11/Untitled-design-28-1.png,https://kingsspiceminimart.com.au/product/cook-pure-ghee-1-6kg/,kingsspice_export/images/cook-pure-ghee-1-6kg.png
cook-pure-ghee-400g,COOK PURE GHEE 400G,$ 10.90,"Grocery , oil/ fats , Special buys",COOK,,,https://kingsspiceminimart.com.au/wp-content/uploads/2025/11/Untitled-design-27-1.png,https://kingsspiceminimart.com.au/product/cook-pure-ghee-400g/,kingsspice_export/images/cook-pure-ghee-400g.png
cook-pure-ghee-800g,COOK PURE GHEE 800G,$ 19.90,"Grocery , oil/ fats , Special buys",COOK,,,https://kingsspiceminimart.com.au/wp-content/uploads/2025/11/Untitled-design-26-2.png,https://kingsspiceminimart.com.au/product/cook-pure-ghee-800g/,kingsspice_export/images/cook-pure-ghee-800g.png
coorg-coffee-500g-2,COORG COFFEE 500G,$ 14.00,"Beverages , coffee",,,,https://kingsspiceminimart.com.au/wp-content/uploads/2026/01/9a133a2a-63e1-4caf-b247-f8fb566ff580.jpg,https://kingsspiceminimart.com.au/product/coorg-coffee-500g-2/,kingsspice_export/images/coorg-coffee-500g-2.jpg
coorg-coffee-500g,COORG COFFEE 500G,$ 12.00,"Beverages , coffee",,,,https://kingsspiceminimart.com.au/wp-content/uploads/2026/01/Untitled-design-26.png,https://kingsspiceminimart.com.au/product/coorg-coffee-500g/,kingsspice_export/images/coorg-coffee-500g.png
cothas-coffee-454g,COTHAS COFFEE 454G,$ 11.00,"Beverages , coffee",,,,https://kingsspiceminimart.com.au/wp-content/uploads/2026/01/Untitled-design-28.png,https://kingsspiceminimart.com.au/product/cothas-coffee-454g/,kingsspice_export/images/cothas-coffee-454g.png
cothas-coffee-500g,COTHAS COFFEE 500G,$ 13.00,"Beverages , coffee",,,,https://kingsspiceminimart.com.au/wp-content/uploads/2026/01/Untitled-design-29.png,https://kingsspiceminimart.com.au/product/cothas-coffee-500g/,kingsspice_export/images/cothas-coffee-500g.png
derana-aggala-600g-2,DERANA AGGALA 600G,$ 7.20,"Biscuits , Grocery",Derana,,,https://kingsspiceminimart.com.au/wp-content/uploads/2025/11/Untitled-design-26.png,https://kingsspiceminimart.com.au/product/derana-aggala-600g-2/,kingsspice_export/images/derana-aggala-600g-2.png
derana-aggala-600g,DERANA AGGALA 600G,$ 7.20,Grocery,Derana,,,http://kingsspiceminimart.com.au/wp-content/uploads/2025/10/Untitled-design-33.jpg,https://kingsspiceminimart.com.au/product/derana-aggala-600g/,kingsspice_export/images/derana-aggala-600g.jpg
derana-ambarella-chutney,Derana Ambarella Chutney,$ 6.95,"Grocery , meal accompaniments",Derana,,,http://kingsspiceminimart.com.au/wp-content/uploads/2025/11/images.jpeg,https://kingsspiceminimart.com.au/product/derana-ambarella-chutney/,kingsspice_export/images/derana-ambarella-chutney.jpeg
derana-ambrella-chutney,Derana Ambrella Chutney,$ 6.95,Grocery,Derana,,,http://kingsspiceminimart.com.au/wp-content/uploads/2025/10/Untitled-design-16.png,https://kingsspiceminimart.com.au/product/derana-ambrella-chutney/,kingsspice_export/images/derana-ambrella-chutney.png
derana-ambulthiyal-paste-350g-2,DERANA AMBULTHIYAL PASTE 350G,$ 6.50,"Grocery , meal accompaniments",Derana,,,http://kingsspiceminimart.com.au/wp-content/uploads/2025/11/OIP-8.jpg,https://kingsspiceminimart.com.au/product/derana-ambulthiyal-paste-350g-2/,kingsspice_export/images/derana-ambulthiyal-paste-350g-2.jpg
derana-ambulthiyal-paste-350g,DERANA AMBULTHIYAL PASTE 350G,$ 6.50,Grocery,Derana,,,https://kingsspiceminimart.com.au/wp-content/uploads/2025/10/Untitled-design-17.png,https://kingsspiceminimart.com.au/product/derana-ambulthiyal-paste-350g/,kingsspice_export/images/derana-ambulthiyal-paste-350g.png
derana-banana-blossom-560g-2,DERANA BANANA BLOSSOM 560G,$ 5.50,meal accompaniments,Derana,,,http://kingsspiceminimart.com.au/wp-content/uploads/2025/11/images-1.jpeg,https://kingsspiceminimart.com.au/product/derana-banana-blossom-560g-2/,kingsspice_export/images/derana-banana-blossom-560g-2.jpeg
derana-banana-blossom-560g,DERANA BANANA BLOSSOM 560G,$ 5.50,Grocery,Derana,,,http://kingsspiceminimart.com.au/wp-content/uploads/2025/10/Untitled-design-32.jpg,https://kingsspiceminimart.com.au/product/derana-banana-blossom-560g/,kingsspice_export/images/derana-banana-blossom-560g.jpg
derana-beef-curry-mix-375g,DERANA BEEF CURRY MIX 375G,$ 6.25,Grocery,Derana,,,https://kingsspiceminimart.com.au/wp-content/uploads/2025/10/Untitled-design-19.png,https://kingsspiceminimart.com.au/product/derana-beef-curry-mix-375g/,kingsspice_export/images/derana-beef-curry-mix-375g.png
derana-beef-rolls-450g,DERANA BEEF ROLLS 450G,$ 10.50,Grocery,Derana,,,https://kingsspiceminimart.com.au/wp-content/uploads/2025/10/Untitled-design-31.jpg,https://kingsspiceminimart.com.au/product/derana-beef-rolls-450g/,kingsspice_export/images/derana-beef-rolls-450g.jpg
derana-bite-mixture-200g,Derana Bite Mixture 200g,$ 3.30,Grocery,Derana,,,https://kingsspiceminimart.com.au/wp-content/uploads/2025/10/Untitled-design-30.jpg,https://kingsspiceminimart.com.au/product/derana-bite-mixture-200g/,kingsspice_export/images/derana-bite-mixture-200g.jpg
derana-black-pepper-150g,DERANA BLACK PEPPER 150G,$ 5.35,Grocery,Derana,,,https://kingsspiceminimart.com.au/wp-content/uploads/2025/10/Untitled-design-29.jpg,https://kingsspiceminimart.com.au/product/derana-black-pepper-150g/,kingsspice_export/images/derana-black-pepper-150g.jpg
derana-bread-fruit-in-brine-340g,DERANA BREAD FRUIT IN BRINE 340G,$ 5.50,"Frozen Food , Prepared meals",Derana,,,https://kingsspiceminimart.com.au/wp-content/uploads/2025/10/Untitled-design-28.jpg,https://kingsspiceminimart.com.au/product/derana-bread-fruit-in-brine-340g/,kingsspice_export/images/derana-bread-fruit-in-brine-340g.jpg
derana-breadfruit-curry-400g,Derana Breadfruit Curry 400G,$ 8.25,"Grocery , Uncategorized",Derana,,,http://kingsspiceminimart.com.au/wp-content/uploads/2025/10/Untitled-design-27.jpg,https://kingsspiceminimart.com.au/product/derana-breadfruit-curry-400g/,kingsspice_export/images/derana-breadfruit-curry-400g.jpg
derana-brinjal-pahi-275g,DERANA BRINJAL PAHI 275G,$ 8.25,Grocery,Derana,,,http://kingsspiceminimart.com.au/wp-content/uploads/2025/10/Untitled-design-26.jpg,https://kingsspiceminimart.com.au/product/derana-brinjal-pahi-275g/,kingsspice_export/images/derana-brinjal-pahi-275g.jpg
derana-cashew-curry-340g,Derana Cashew Curry 340g,$ 8.90,"Grocery , meal accompaniments",Derana,,,https://kingsspiceminimart.com.au/wp-content/uploads/2025/10/Untitled-design-25.jpg,https://kingsspiceminimart.com.au/product/derana-cashew-curry-340g/,kingsspice_export/images/derana-cashew-curry-340g.jpg
derana-chicken-curry-mix-375g,DERANA CHICKEN CURRY MIX 375G,$ 6.50,"Grocery , meal accompaniments",Derana,,,https://kingsspiceminimart.com.au/wp-content/uploads/2025/10/Untitled-design-27.png,https://kingsspiceminimart.com.au/product/derana-chicken-curry-mix-375g/,kingsspice_export/images/derana-chicken-curry-mix-375g.png
derana-chicken-rolls-450g,DERANA CHICKEN ROLLS 450G,$ 9.75,"Frozen Food , Frozen RTC Snacks",Derana,,,http://kingsspiceminimart.com.au/wp-content/uploads/2025/10/Untitled-design-24.jpg,https://kingsspiceminimart.com.au/product/derana-chicken-rolls-450g/,kingsspice_export/images/derana-chicken-rolls-450g.jpg
derana-chickpea-tyson-1kg,DERANA CHICKPEA TYSON 1KG,$ 2.90,"Grocery , pulses/ grains",Derana,,,http://kingsspiceminimart.com.au/wp-content/uploads/2025/10/Untitled-design-23.jpg,https://kingsspiceminimart.com.au/product/derana-chickpea-tyson-1kg/,kingsspice_export/images/derana-chickpea-tyson-1kg.jpg
derana-chilli-garlic-sauce-350ml,DERANA CHILLI GARLIC SAUCE 350ML,$ 4.90,"Grocery , suaces",Derana,,,https://kingsspiceminimart.com.au/wp-content/uploads/2025/10/Untitled-design-22.jpg,https://kingsspiceminimart.com.au/product/derana-chilli-garlic-sauce-350ml/,kingsspice_export/images/derana-chilli-garlic-sauce-350ml.jpg
derana-chilli-paste-350g,DERANA CHILLI PASTE 350G,$ 9.99,"Grocery , meal accompaniments",Derana,,,https://kingsspiceminimart.com.au/wp-content/uploads/2025/10/Untitled-design-21.jpg,https://kingsspiceminimart.com.au/product/derana-chilli-paste-350g/,kingsspice_export/images/derana-chilli-paste-350g.jpg
derana-chilli-pieces-250g,DERANA CHILLI PIECES 250G,$ 4.95,"Grocery , seasonings / coconut cream",Derana,,,https://kingsspiceminimart.com.au/wp-content/uploads/2025/10/Untitled-design-20.jpg,https://kingsspiceminimart.com.au/product/derana-chilli-pieces-250g/,kingsspice_export/images/derana-chilli-pieces-250g.jpg
derana-chilli-sauce-350ml,DERANA CHILLI SAUCE 350ML,$ 4.90,"Grocery , suaces",Derana,,,http://kingsspiceminimart.com.au/wp-content/uploads/2025/10/Untitled-design-33.png,https://kingsspiceminimart.com.au/product/derana-chilli-sauce-350ml/,kingsspice_export/images/derana-chilli-sauce-350ml.png
derana-chinese-chilli-paste-300g,DERANA CHINESE CHILLI PASTE 300G,$ 9.85,"Grocery , meal accompaniments",Derana,,,https://kingsspiceminimart.com.au/wp-content/uploads/2025/10/Untitled-design-35.png,https://kingsspiceminimart.com.au/product/derana-chinese-chilli-paste-300g/,kingsspice_export/images/derana-chinese-chilli-paste-300g.png
derana-chow-chow-preserve-450g,DERANA CHOW CHOW PRESERVE 450G,$ 8.99,"Grocery , meal accompaniments",Derana,,,https://kingsspiceminimart.com.au/wp-content/uploads/2025/10/Untitled-design-36.png,https://kingsspiceminimart.com.au/product/derana-chow-chow-preserve-450g/,kingsspice_export/images/derana-chow-chow-preserve-450g.png
derana-cinnamon-quills-50g,DERANA CINNAMON QUILLS 50G,$ 4.50,"Grocery , seasonings / coconut cream",Derana,,,https://kingsspiceminimart.com.au/wp-content/uploads/2025/10/Untitled-design-19.jpg,https://kingsspiceminimart.com.au/product/derana-cinnamon-quills-50g/,kingsspice_export/images/derana-cinnamon-quills-50g.jpg
derana-cloves-50g,DERANA CLOVES 50G,$ 3.99,"Grocery , seasonings / coconut cream",Derana,,,https://kingsspiceminimart.com.au/wp-content/uploads/2025/10/Untitled-design-18.jpg,https://kingsspiceminimart.com.au/product/derana-cloves-50g/,kingsspice_export/images/derana-cloves-50g.jpg
derana-coconut-cream-400ml,DERANA COCONUT CREAM 400ML,$ 2.90,"Grocery , seasonings / coconut cream",Derana,,,https://kingsspiceminimart.com.au/wp-content/uploads/2025/10/Untitled-design-17.jpg,https://kingsspiceminimart.com.au/product/derana-coconut-cream-400ml/,kingsspice_export/images/derana-coconut-cream-400ml.jpg
derana-coconut-milk-powder-800g,DERANA COCONUT MILK POWDER 800G,$ 13.95,"Grocery , seasonings / coconut cream",Derana,,,https://kingsspiceminimart.com.au/wp-content/uploads/2025/10/Untitled-design-15.jpg,https://kingsspiceminimart.com.au/product/derana-coconut-milk-powder-800g/,kingsspice_export/images/derana-coconut-milk-powder-800g.jpg
derana-coconut-oil-400ml-2,Derana Coconut Oil 400ml,$ 5.95,"Grocery , oil/ fats",Derana,,,http://kingsspiceminimart.com.au/wp-content/uploads/2025/11/14-3.png,https://kingsspiceminimart.com.au/product/derana-coconut-oil-400ml-2/,kingsspice_export/images/derana-coconut-oil-400ml-2.png
derana-coconut-oil-400ml,DERANA COCONUT OIL 400ML,$ 5.95,"Grocery , oil/ fats",Derana,,,http://kingsspiceminimart.com.au/wp-content/uploads/2025/10/Untitled-design-41.png,https://kingsspiceminimart.com.au/product/derana-coconut-oil-400ml/,kingsspice_export/images/derana-coconut-oil-400ml.png
derana-coconut-oil-875ml,Derana Coconut Oil 875ml,$ 9.99,"Grocery , oil/ fats",Derana,,,http://kingsspiceminimart.com.au/wp-content/uploads/2025/11/4-2.webp,https://kingsspiceminimart.com.au/product/derana-coconut-oil-875ml/,kingsspice_export/images/derana-coconut-oil-875ml.webp
derana-coconut-treacle-750-ml,DERANA COCONUT TREACLE 750 ML,$ 10.00,"Grocery , seasonings / coconut cream",Derana,,,https://kingsspiceminimart.com.au/wp-content/uploads/2025/10/Untitled-design-42.png,https://kingsspiceminimart.com.au/product/derana-coconut-treacle-750-ml/,kingsspice_export/images/derana-coconut-treacle-750-ml.png
derana-coconut-vinegar-750ml,Derana Coconut Vinegar 750ml,$ 3.50,"Grocery , seasonings / coconut cream",Derana,,,https://kingsspiceminimart.com.au/wp-content/uploads/2025/10/Untitled-design-43.png,https://kingsspiceminimart.com.au/product/derana-coconut-vinegar-750ml/,kingsspice_export/images/derana-coconut-vinegar-750ml.png
derana-coriander-seed-200g,Derana Coriander Seed 200g,$ 2.75,"Grocery , seasonings / coconut cream",Derana,,,http://kingsspiceminimart.com.au/wp-content/uploads/2025/10/Untitled-design-16.jpg,https://kingsspiceminimart.com.au/product/derana-coriander-seed-200g/,kingsspice_export/images/derana-coriander-seed-200g.jpg
derana-cream-bun-300g,DERANA CREAM BUN 300G,$ 9.50,"bakery , Grocery",Derana,,,https://kingsspiceminimart.com.au/wp-content/uploads/2025/10/Untitled-design-14.jpg,https://kingsspiceminimart.com.au/product/derana-cream-bun-300g/,kingsspice_export/images/derana-cream-bun-300g.jpg
derana-cut-roti-kothu-900g,DERANA CUT ROTI KOTHU 900G,$ 8.50,"Frozen Food , Prepared meals",Derana,,,http://kingsspiceminimart.com.au/wp-content/uploads/2025/10/Untitled-design-39.png,https://kingsspiceminimart.com.au/product/derana-cut-roti-kothu-900g/,kingsspice_export/images/derana-cut-roti-kothu-900g.png
derana-dambala-in-brine-240g,DERANA DAMBALA IN BRINE 240G,$ 5.50,"Grocery , meal accompaniments",Derana,,,https://kingsspiceminimart.com.au/wp-content/uploads/2025/10/Untitled-design-12.jpg,https://kingsspiceminimart.com.au/product/derana-dambala-in-brine-240g/,kingsspice_export/images/derana-dambala-in-brine-240g.jpg
derana-divul-kiri-500ml,DERANA DIVUL KIRI 500ML,$ 5.65,"Grocery , seasonings / coconut cream",Derana,,,https://kingsspiceminimart.com.au/wp-content/uploads/2025/10/Untitled-design-48.png,https://kingsspiceminimart.com.au/product/derana-divul-kiri-500ml/,kingsspice_export/images/derana-divul-kiri-500ml.png
derana-dried-chilli-100g,DERANA DRIED CHILLI 100G,$ 3.25,"Grocery , seasonings / coconut cream",Derana,,,https://kingsspiceminimart.com.au/wp-content/uploads/2025/10/Untitled-design-11-1.jpg,https://kingsspiceminimart.com.au/product/derana-dried-chilli-100g/,kingsspice_export/images/derana-dried-chilli-100g.jpg
derana-dried-chilli-whole-250g,DERANA DRIED CHILLI WHOLE 250G,$ 6.95,"Grocery , seasonings / coconut cream",Derana,,,https://kingsspiceminimart.com.au/wp-content/uploads/2025/10/Untitled-design-11.jpg,https://kingsspiceminimart.com.au/product/derana-dried-chilli-whole-250g/,kingsspice_export/images/derana-dried-chilli-whole-250g.jpg
derana-dried-fish-anguluwa-200gm,Derana Dried Fish Anguluwa 200gm,$ 8.05,"Grocery , processed /preserved fish - meat",Derana,,,https://kingsspiceminimart.com.au/wp-content/uploads/2025/10/Untitled-design-10.jpg,https://kingsspiceminimart.com.au/product/derana-dried-fish-anguluwa-200gm/,kingsspice_export/images/derana-dried-fish-anguluwa-200gm.jpg
derana-dried-fish-bolla-200g,DERANA DRIED FISH BOLLA 200G,$ 8.50,"Grocery , processed /preserved fish - meat",Derana,,,https://kingsspiceminimart.com.au/wp-content/uploads/2025/10/Untitled-design-9.jpg,https://kingsspiceminimart.com.au/product/derana-dried-fish-bolla-200g/,kingsspice_export/images/derana-dried-fish-bolla-200g.jpg
derana-fish-bun-480g,DERANA FISH BUN 480G,$ 8.99,"Frozen Food , Frozen RTC Snacks",Derana,,,https://kingsspiceminimart.com.au/wp-content/uploads/2025/10/Untitled-design-8.jpg,https://kingsspiceminimart.com.au/product/derana-fish-bun-480g/,kingsspice_export/images/derana-fish-bun-480g.jpg
derana-fish-curry-mix-375g,DERANA FISH CURRY MIX 375G,$ 6.25,"Grocery , seasonings / coconut cream",Derana,,,https://kingsspiceminimart.com.au/wp-content/uploads/2025/10/Untitled-design-54.png,https://kingsspiceminimart.com.au/product/derana-fish-curry-mix-375g/,kingsspice_export/images/derana-fish-curry-mix-375g.png
derana-fish-rolls-460g,DERANA FISH ROLLS 460G,$ 10.95,"Frozen Food , Frozen RTC Snacks",Derana,,,https://kingsspiceminimart.com.au/wp-content/uploads/2025/10/Untitled-design-7.jpg,https://kingsspiceminimart.com.au/product/derana-fish-rolls-460g/,kingsspice_export/images/derana-fish-rolls-460g.jpg
derana-fish-stuffed-roti-460g,DERANA FISH STUFFED ROTI 460G,$ 9.75,"Frozen Food , Frozen RTC Snacks",Derana,,,http://kingsspiceminimart.com.au/wp-content/uploads/2025/10/Untitled-design-6.jpg,https://kingsspiceminimart.com.au/product/derana-fish-stuffed-roti-460g/,kingsspice_export/images/derana-fish-stuffed-roti-460g.jpg
derana-fried-brinjal-300gm,Derana Fried Brinjal 300gm,$ 11.00,"Grocery , meal accompaniments",,,,http://kingsspiceminimart.com.au/wp-content/uploads/2025/10/Derana-Fried-Brinjal-300g.webp,https://kingsspiceminimart.com.au/product/derana-fried-brinjal-300gm/,kingsspice_export/images/derana-fried-brinjal-300gm.webp
derana-fried-brinjal-with-sprats-325g,DERANA FRIED BRINJAL WITH SPRATS 325G,$ 8.75,"Grocery , meal accompaniments",,,,https://kingsspiceminimart.com.au/wp-content/uploads/2025/10/Untitled-design-58.png,https://kingsspiceminimart.com.au/product/derana-fried-brinjal-with-sprats-325g/,kingsspice_export/images/derana-fried-brinjal-with-sprats-325g.png
derana-fried-fish-ambulthiyal-300g,DERANA FRIED FISH AMBULTHIYAL 300G,$ 9.50,"Grocery , meal accompaniments",Derana,,,http://kingsspiceminimart.com.au/wp-content/uploads/2025/10/Untitled-design-4-1.jpg,https://kingsspiceminimart.com.au/product/derana-fried-fish-ambulthiyal-300g/,kingsspice_export/images/derana-fried-fish-ambulthiyal-300g.jpg
derana-fried-katta-200g,DERANA FRIED KATTA 200G,$ 9.99,"Grocery , meal accompaniments",Derana,,,http://kingsspiceminimart.com.au/wp-content/uploads/2025/10/Untitled-design-3.jpg,https://kingsspiceminimart.com.au/product/derana-fried-katta-200g/,kingsspice_export/images/derana-fried-katta-200g.jpg
derana-fried-keeramin-200g,DERANA FRIED KEERAMIN 200G,$ 8.75,"Grocery , meal accompaniments",Derana,,,http://kingsspiceminimart.com.au/wp-content/uploads/2025/10/Fried-Keeramin.webp,https://kingsspiceminimart.com.au/product/derana-fried-keeramin-200g/,kingsspice_export/images/derana-fried-keeramin-200g.webp
derana-fried-onion-and-maldives-fish-sambol,DERANA FRIED ONION AND MALDIVES FISH SAMBOL,$ 11.75,"Grocery , meal accompaniments",Derana,,,http://kingsspiceminimart.com.au/wp-content/uploads/2025/10/Fried-Onion-A.jpg,https://kingsspiceminimart.com.au/product/derana-fried-onion-and-maldives-fish-sambol/,kingsspice_export/images/derana-fried-onion-and-maldives-fish-sambol.jpg
derana-fried-sprats-175g,DERANA FRIED SPRATS 175G,$ 8.99,"Grocery , meal accompaniments",Derana,,,https://kingsspiceminimart.com.au/wp-content/uploads/2025/10/Untitled-design-63.png,https://kingsspiceminimart.com.au/product/derana-fried-sprats-175g/,kingsspice_export/images/derana-fried-sprats-175g.png
derana-fried-thalapath-200g,DERANA FRIED THALAPATH 200G,$ 10.50,"Grocery , meal accompaniments",Derana,,,https://kingsspiceminimart.com.au/wp-content/uploads/2025/10/Untitled-design-64-300x300-min.jpg,https://kingsspiceminimart.com.au/product/derana-fried-thalapath-200g/,kingsspice_export/images/derana-fried-thalapath-200g.jpg
derana-fried-thora-150g,DERANA FRIED THORA 150G,$ 10.20,"Grocery , meal accompaniments",Derana,,,https://kingsspiceminimart.com.au/wp-content/uploads/2025/10/Untitled-design-65.png,https://kingsspiceminimart.com.au/product/derana-fried-thora-150g/,kingsspice_export/images/derana-fried-thora-150g.png
derana-ginger-preserve-450g,DERANA GINGER PRESERVE 450G,$ 8.99,"Grocery , meal accompaniments",Derana,,,https://kingsspiceminimart.com.au/wp-content/uploads/2025/10/Untitled-design-45.jpg,https://kingsspiceminimart.com.au/product/derana-ginger-preserve-450g/,kingsspice_export/images/derana-ginger-preserve-450g.jpg
derana-gingerly-oil-325ml,Derana Gingerly Oil 325ml,$ 7.50,"Grocery , oil/ fats",Derana,,,http://kingsspiceminimart.com.au/wp-content/uploads/2025/11/Untitled-design.jpg,https://kingsspiceminimart.com.au/product/derana-gingerly-oil-325ml/,kingsspice_export/images/derana-gingerly-oil-325ml.jpg
derana-goraka-100g,DERANA GORAKA 100G,$ 2.90,Grocery,Derana,,,http://kingsspiceminimart.com.au/wp-content/uploads/2025/11/Untitled-design-1.jpg,https://kingsspiceminimart.com.au/product/derana-goraka-100g/,kingsspice_export/images/derana-goraka-100g.jpg
derana-goraka-paste-250g,DERANA GORAKA PASTE 250G,$ 6.95,Grocery,Derana,,,https://kingsspiceminimart.com.au/wp-content/uploads/2025/11/Untitled-design-2.jpg,https://kingsspiceminimart.com.au/product/derana-goraka-paste-250g/,kingsspice_export/images/derana-goraka-paste-250g.jpg
derana-goraka-paste-375g,DERANA GORAKA PASTE 375G,$ 7.25,"Grocery , meal accompaniments",Derana,,,https://kingsspiceminimart.com.au/wp-content/uploads/2025/11/Untitled-design-3.jpg,https://kingsspiceminimart.com.au/product/derana-goraka-paste-375g/,kingsspice_export/images/derana-goraka-paste-375g.jpg
derana-green-jackfruit-565g,DERANA GREEN JACKFRUIT 565G,,Grocery,Derana,,,https://kingsspiceminimart.com.au/wp-content/uploads/2025/11/Untitled-design-4.jpg,https://kingsspiceminimart.com.au/product/derana-green-jackfruit-565g/,kingsspice_export/images/derana-green-jackfruit-565g.jpg
derana-pure-coconut-oil-875ml,DERANA PURE COCONUT OIL 875ML,$ 9.90,"Grocery , oil/ fats",Derana,,,http://kingsspiceminimart.com.au/wp-content/uploads/2026/02/DERANA-PURE-COCONUT-OIL-875ML.jpg,https://kingsspiceminimart.com.au/product/derana-pure-coconut-oil-875ml/,kingsspice_export/images/derana-pure-coconut-oil-875ml.jpg
derana-tamarind-400g,DERANA TAMARIND 400G,$ 5.50,Grocery,Derana,,,http://kingsspiceminimart.com.au/wp-content/uploads/2026/02/DERANA-TAMARIND-400G.jpg,https://kingsspiceminimart.com.au/product/derana-tamarind-400g/,kingsspice_export/images/derana-tamarind-400g.jpg
derana-tea-leaves-275g,DERANA TEA LEAVES 275G,$ 5.90,"Beverages , Tea",Derana,,,https://kingsspiceminimart.com.au/wp-content/uploads/2026/02/DERANA-TEA-LEAVES-275G.jpg,https://kingsspiceminimart.com.au/product/derana-tea-leaves-275g/,kingsspice_export/images/derana-tea-leaves-275g.jpg
dilmah-ceylon-loose-tea-leaf-300g,DILMAH CEYLON LOOSE TEA LEAF 300G,$ 7.50,"Beverages , Tea",,,,https://kingsspiceminimart.com.au/wp-content/uploads/2026/02/DILMAH-CEYLON-LOOSE-TEA-LEAF-300G.webp,https://kingsspiceminimart.com.au/product/dilmah-ceylon-loose-tea-leaf-300g/,kingsspice_export/images/dilmah-ceylon-loose-tea-leaf-300g.webp
dilmah-ceylon-tea-200g,DILMAH CEYLON TEA 200G,$ 7.50,"Beverages , Tea",,,,https://kingsspiceminimart.com.au/wp-content/uploads/2026/02/Untitled-design-2026-02-17T092245.210.png,https://kingsspiceminimart.com.au/product/dilmah-ceylon-tea-200g/,kingsspice_export/images/dilmah-ceylon-tea-200g.png
dilmah-ceylon-tea-leaf-loose-550g,DILMAH CEYLON TEA LEAF LOOSE 550G,$ 13.00,"Beverages , Tea",,,,https://kingsspiceminimart.com.au/wp-content/uploads/woocommerce-placeholder-600x600.webp,https://kingsspiceminimart.com.au/product/dilmah-ceylon-tea-leaf-loose-550g/,kingsspice_export/images/dilmah-ceylon-tea-leaf-loose-550g.webp
dilmah-finest-ceylon-tea-200g,DILMAH FINEST CEYLON TEA 200G,$ 7.50,"Beverages , Tea",,,,http://kingsspiceminimart.com.au/wp-content/uploads/2026/02/DILMAH-PREMIUM-CEYLON-STRONG-TEA-440G.webp,https://kingsspiceminimart.com.au/product/dilmah-finest-ceylon-tea-200g/,kingsspice_export/images/dilmah-finest-ceylon-tea-200g.webp
dilmah-ramadan-tea-selection-40bags,DILMAH RAMADAN TEA SELECTION 40BAGS,$ 7.50,"Beverages , Tea",,,,https://kingsspiceminimart.com.au/wp-content/uploads/2026/02/Untitled-design-2026-02-17T160132.678.png,https://kingsspiceminimart.com.au/product/dilmah-ramadan-tea-selection-40bags/,kingsspice_export/images/dilmah-ramadan-tea-selection-40bags.png
double-horse-appam-idiyappam-pathiri-podi-500g,DOUBLE HORSE APPAM IDIYAPPAM PATHIRI PODI 500G,$ 5.50,"Frozen Food , Frozen RTC Snacks",,,,http://kingsspiceminimart.com.au/wp-content/uploads/2026/02/DOUBLE-HORSE-APPAM-IDIYAPPAM-PATHIRI-PODI-500G.webp,https://kingsspiceminimart.com.au/product/double-horse-appam-idiyappam-pathiri-podi-500g/,kingsspice_export/images/double-horse-appam-idiyappam-pathiri-podi-500g.webp
double-horse-easy-palappam-mix-500g,DOUBLE HORSE EASY PALAPPAM MIX 500G,$ 5.85,"Frozen Food , Frozen RTC Snacks",,,,https://kingsspiceminimart.com.au/wp-content/uploads/2026/02/images-3.jpg,https://kingsspiceminimart.com.au/product/double-horse-easy-palappam-mix-500g/,kingsspice_export/images/double-horse-easy-palappam-mix-500g.jpg
double-horse-instant-ginger-coffee-150g,DOUBLE HORSE INSTANT GINGER COFFEE 150G,$ 5.50,"Beverages , coffee",,,,https://kingsspiceminimart.com.au/wp-content/uploads/2026/01/Untitled-design-30.png,https://kingsspiceminimart.com.au/product/double-horse-instant-ginger-coffee-150g/,kingsspice_export/images/double-horse-instant-ginger-coffee-150g.png
double-horse-white-puttu-podi-1kg,Double Horse White Puttu Podi 1kg,$ 5.50 Original price was: $5.50. $ 2.99 Current price is: $2.99.,"Flash Deals , flour , Grocery",Double Horse,,,https://kingsspiceminimart.com.au/wp-content/uploads/2026/03/Untitled-design-27.png,https://kingsspiceminimart.com.au/product/double-horse-white-puttu-podi-1kg/,kingsspice_export/images/double-horse-white-puttu-podi-1kg.png
double-horse-white-puttu-podi-500g,DOUBLE HORSE WHITE PUTTU PODI 500G,$ 5.20,"Frozen Food , Frozen RTC Snacks",,,,https://kingsspiceminimart.com.au/wp-content/uploads/2026/02/download-22.jpg,https://kingsspiceminimart.com.au/product/double-horse-white-puttu-podi-500g/,kingsspice_export/images/double-horse-white-puttu-podi-500g.jpg
eastern-chicken-masala-160g,EASTERN CHICKEN MASALA 160G,$ 4.20,"Grocery , seasonings / coconut cream",Eastern,,,http://kingsspiceminimart.com.au/wp-content/uploads/2026/02/images-6.jpg,https://kingsspiceminimart.com.au/product/eastern-chicken-masala-160g/,kingsspice_export/images/eastern-chicken-masala-160g.jpg
eastern-coconut-oil-500ml,Eastern Coconut Oil 500ml,$ 8.50,"Grocery , oil/ fats",Eastern,,,http://kingsspiceminimart.com.au/wp-content/uploads/2025/11/Eastern-Coconut-Oil-All-Purpose-500ml.jpg,https://kingsspiceminimart.com.au/product/eastern-coconut-oil-500ml/,kingsspice_export/images/eastern-coconut-oil-500ml.jpg
eastern-fish-masala-165g,EASTERN FISH MASALA 165G,$ 4.50,"Grocery , seasonings / coconut cream",Eastern,,,https://kingsspiceminimart.com.au/wp-content/uploads/2026/02/download-26.jpg,https://kingsspiceminimart.com.au/product/eastern-fish-masala-165g/,kingsspice_export/images/eastern-fish-masala-165g.jpg
eastern-sambar-powder-165g,EASTERN SAMBAR POWDER 165G,$ 4.20,"Grocery , seasonings / coconut cream",Eastern,,,https://kingsspiceminimart.com.au/wp-content/uploads/2026/02/adeed18c919c7a5d3f7e43d28a07a69d42fb96dc.webp,https://kingsspiceminimart.com.au/product/eastern-sambar-powder-165g/,kingsspice_export/images/eastern-sambar-powder-165g.webp
eastern-vital-tea-900g,EASTERN VITAL TEA 900G,$ 12.00,"Beverages , Tea",,,,http://kingsspiceminimart.com.au/wp-content/uploads/2026/02/EASTERN-VITAL-TEA-900G.jpg,https://kingsspiceminimart.com.au/product/eastern-vital-tea-900g/,kingsspice_export/images/eastern-vital-tea-900g.jpg
fab-chocolate-swiss-roll-320g,Fab chocolate Swiss roll 320g,$ 13.25,"cake , Grocery",Fab,,,https://kingsspiceminimart.com.au/wp-content/uploads/2025/11/PhotoRoom-20230911-113109_1200x1200.webp,https://kingsspiceminimart.com.au/product/fab-chocolate-swiss-roll-320g/,kingsspice_export/images/fab-chocolate-swiss-roll-320g.webp
fab-love-cake-400g,Fab love cake 400g,$ 20.50,"cake , Grocery",Fab,,,http://kingsspiceminimart.com.au/wp-content/uploads/2025/11/Photoroom-20240306-191942_1200x1200.webp,https://kingsspiceminimart.com.au/product/fab-love-cake-400g/,kingsspice_export/images/fab-love-cake-400g.webp
fab-rich-cake-400g,Fab rich cake 400g,$ 18.20,"cake , Grocery",Fab,,,http://kingsspiceminimart.com.au/wp-content/uploads/2025/11/4796030180152.jpg,https://kingsspiceminimart.com.au/product/fab-rich-cake-400g/,kingsspice_export/images/fab-rich-cake-400g.jpg
fortune-every-day-basmati-rice-5kg,Fortune Every day Basmati Rice – 5kg,$ 13.20 Original price was: $13.20. $ 11.99 Current price is: $11.99.,"Basmati rice , Flash Deals , Grocery , rice",Fortune,,,http://kingsspiceminimart.com.au/wp-content/uploads/2026/03/1.png,https://kingsspiceminimart.com.au/product/fortune-every-day-basmati-rice-5kg/,kingsspice_export/images/fortune-every-day-basmati-rice-5kg.png
fortune-sunflower-oil-2l,FORTUNE SUNFLOWER OIL 2L,$ 8.70,"Grocery , oil/ fats",Fortune,,,https://kingsspiceminimart.com.au/wp-content/uploads/2026/02/FORTUNE-SUNFLOWER-OIL-2L.jpeg,https://kingsspiceminimart.com.au/product/fortune-sunflower-oil-2l/,kingsspice_export/images/fortune-sunflower-oil-2l.jpeg
fortune-sunflower-oil-5l-2,FORTUNE SUNFLOWER OIL 5L,$ 16.00,"Grocery , oil/ fats",Fortune,,,https://kingsspiceminimart.com.au/wp-content/uploads/2026/02/FORTUNE-SUNFLOWER-OIL-5L.jpg,https://kingsspiceminimart.com.au/product/fortune-sunflower-oil-5l-2/,kingsspice_export/images/fortune-sunflower-oil-5l-2.jpg
fortune-sunflower-oil-5l,Fortune Sunflower oil 5l,$ 15.20,"Grocery , oil/ fats",Fortune,,,http://kingsspiceminimart.com.au/wp-content/uploads/2025/11/Untitled-design-15-1.png,https://kingsspiceminimart.com.au/product/fortune-sunflower-oil-5l/,kingsspice_export/images/fortune-sunflower-oil-5l.png
gold-winner-refined-sunflower-oil-2l,GOLD WINNER REFINED SUNFLOWER OIL 2L,$ 8.70,"Grocery , oil/ fats",,,,https://kingsspiceminimart.com.au/wp-content/uploads/2026/02/Untitled-design-2026-02-19T232242.476.png,https://kingsspiceminimart.com.au/product/gold-winner-refined-sunflower-oil-2l/,kingsspice_export/images/gold-winner-refined-sunflower-oil-2l.png
gold-winner-sunflower-oil-5l-2,Gold winner Sunflower oil – 5l,$ 20.90 Original price was: $20.90. $ 16.90 Current price is: $16.90.,"Flash Deals , Grocery , oil/ fats",Gold Winner,,,https://kingsspiceminimart.com.au/wp-content/uploads/2026/03/Untitled-design-28-1.png,https://kingsspiceminimart.com.au/product/gold-winner-sunflower-oil-5l-2/,kingsspice_export/images/gold-winner-sunflower-oil-5l-2.png
gold-winner-sunflower-oil-5l,GOLD WINNER SUNFLOWER OIL 5L,$ 17.00,"Grocery , oil/ fats",,,,https://kingsspiceminimart.com.au/wp-content/uploads/2026/02/Untitled-design-2026-02-19T232421.390.png,https://kingsspiceminimart.com.au/product/gold-winner-sunflower-oil-5l/,kingsspice_export/images/gold-winner-sunflower-oil-5l.png
gongura-leaves-100g,Gongura Leaves 100g,$ 4.50,"packed , Vegitables",Telugu Foods,,,https://kingsspiceminimart.com.au/wp-content/uploads/2025/11/5-3.png,https://kingsspiceminimart.com.au/product/gongura-leaves-100g/,kingsspice_export/images/gongura-leaves-100g.png
gopalji-cow-ghee-1-6kg,GOPALJI COW GHEE 1.6KG,$ 38.90,"Grocery , oil/ fats",GOPALJI,,,http://kingsspiceminimart.com.au/wp-content/uploads/2025/11/Untitled-design-25-1.png,https://kingsspiceminimart.com.au/product/gopalji-cow-ghee-1-6kg/,kingsspice_export/images/gopalji-cow-ghee-1-6kg.png
gopalji-cow-ghee-370g,GOPALJI COW GHEE 370G,$ 11.50,"Grocery , oil/ fats",GOPALJI,,,https://kingsspiceminimart.com.au/wp-content/uploads/2025/11/Untitled-design-24-2.png,https://kingsspiceminimart.com.au/product/gopalji-cow-ghee-370g/,kingsspice_export/images/gopalji-cow-ghee-370g.png
gopalji-cow-ghee-700g,GOPALJI COW GHEE 700G,$ 18.90,"Grocery , oil/ fats",GOPALJI,,,http://kingsspiceminimart.com.au/wp-content/uploads/2025/11/Untitled-design-23-2.png,https://kingsspiceminimart.com.au/product/gopalji-cow-ghee-700g/,kingsspice_export/images/gopalji-cow-ghee-700g.png
grandmas-coffee-powder-200g,GRANDMA’S COFFEE POWDER 200G,$ 6.50,"Beverages , coffee",,,,https://kingsspiceminimart.com.au/wp-content/uploads/2026/01/Untitled-design-31.png,https://kingsspiceminimart.com.au/product/grandmas-coffee-powder-200g/,kingsspice_export/images/grandmas-coffee-powder-200g.png
grandmas-ginger-coffee-100g-2,GRANDMA’S GINGER COFFEE 100G,$ 3.50,"Beverages , coffee",,,,https://kingsspiceminimart.com.au/wp-content/uploads/2026/02/images-5.jpg,https://kingsspiceminimart.com.au/product/grandmas-ginger-coffee-100g-2/,kingsspice_export/images/grandmas-ginger-coffee-100g-2.jpg
grandmas-ginger-coffee-100g,GRANDMA’S GINGER COFFEE 100G,$ 3.50,"Beverages , coffee",,,,http://kingsspiceminimart.com.au/wp-content/uploads/2026/01/Untitled-design-32.png,https://kingsspiceminimart.com.au/product/grandmas-ginger-coffee-100g/,kingsspice_export/images/grandmas-ginger-coffee-100g.png
grandmas-kashmiri-chilli-whole-200g,GRANDMA’S KASHMIRI CHILLI WHOLE 200G,$ 5.90,"Grocery , seasonings / coconut cream",,,,https://kingsspiceminimart.com.au/wp-content/uploads/2026/02/Untitled-design-2026-02-06T151207.793.png,https://kingsspiceminimart.com.au/product/grandmas-kashmiri-chilli-whole-200g/,kingsspice_export/images/grandmas-kashmiri-chilli-whole-200g.png
grandmas-samba-broken-wheat-upma-rava-500g,GRANDMA’S SAMBA BROKEN WHEAT UPMA RAVA 500G,$ 6.75,"Frozen Food , frozen pastry sheets / dough",,,,https://kingsspiceminimart.com.au/wp-content/uploads/2026/02/download-19.jpg,https://kingsspiceminimart.com.au/product/grandmas-samba-broken-wheat-upma-rava-500g/,kingsspice_export/images/grandmas-samba-broken-wheat-upma-rava-500g.jpg
grb-brown-ghee-200ml,GRB Brown Ghee 200ml,$ 5.25,"Grocery , oil/ fats , Special buys",GRB,,,https://kingsspiceminimart.com.au/wp-content/uploads/2025/11/Grb_Brown_Ghee_200ml-1_1200x1200.webp,https://kingsspiceminimart.com.au/product/grb-brown-ghee-200ml/,kingsspice_export/images/grb-brown-ghee-200ml.webp
grb-ghee-200ml,GRB GHEE 200ML,$ 5.25,"Grocery , oil/ fats , Special buys",GRB,,,http://kingsspiceminimart.com.au/wp-content/uploads/2025/11/083037b74b2847a41638535542c6c331.jpg,https://kingsspiceminimart.com.au/product/grb-ghee-200ml/,kingsspice_export/images/grb-ghee-200ml.jpg
grb-ghee-brown-500ml,GRB GHEE (BROWN) 500ML,$ 10.90,"Grocery , oil/ fats , Special buys",GRB,,,https://kingsspiceminimart.com.au/wp-content/uploads/2025/11/GRB-Brown-Ghee-1L_cce6d5c0-61dc-45d3-bff7-3572b38856f5.jpg,https://kingsspiceminimart.com.au/product/grb-ghee-brown-500ml/,kingsspice_export/images/grb-ghee-brown-500ml.jpg
grb-pure-ghee-1660ml,GRB PURE GHEE 1660ML,$ 33.50,"Grocery , oil/ fats , Special buys",GRB,,,http://kingsspiceminimart.com.au/wp-content/uploads/2025/11/GRB_Ghee_1600Ml-1_1200x1200.webp,https://kingsspiceminimart.com.au/product/grb-pure-ghee-1660ml/,kingsspice_export/images/grb-pure-ghee-1660ml.webp
grb-pure-ghee-blue-500ml,GRB PURE GHEE (BLUE) 500ML,$ 10.90,"Grocery , oil/ fats , Special buys",GRB,,,http://kingsspiceminimart.com.au/wp-content/uploads/2025/11/8906010360368-500x500-1.jpg,https://kingsspiceminimart.com.au/product/grb-pure-ghee-blue-500ml/,kingsspice_export/images/grb-pure-ghee-blue-500ml.jpg
grb-pure-ghee-blue-830ml,GRB PURE GHEE (BLUE) 830ML,$ 17.50,"Grocery , oil/ fats , Special buys",GRB,,,http://kingsspiceminimart.com.au/wp-content/uploads/2025/11/6b8582fb1bbfea3e325d20ceb7507b29fad19ce1.webp,https://kingsspiceminimart.com.au/product/grb-pure-ghee-blue-830ml/,kingsspice_export/images/grb-pure-ghee-blue-830ml.webp
grb-pure-ghee-brown-830ml,GRB PURE GHEE (BROWN) 830ML,$ 17.50,"Grocery , oil/ fats , Special buys",GRB,,,https://kingsspiceminimart.com.au/wp-content/uploads/2025/11/Brown-Ghee-830ml-GRB.webp,https://kingsspiceminimart.com.au/product/grb-pure-ghee-brown-830ml/,kingsspice_export/images/grb-pure-ghee-brown-830ml.webp
harischandra-coffee-100g,HARISCHANDRA COFFEE 100G,$ 4.90,"Beverages , coffee",,,,https://kingsspiceminimart.com.au/wp-content/uploads/2026/01/Untitled-design-33.png,https://kingsspiceminimart.com.au/product/harischandra-coffee-100g/,kingsspice_export/images/harischandra-coffee-100g.png
harischandra-coffee-200g,HARISCHANDRA COFFEE 200G,$ 8.20,"Beverages , coffee",,,,http://kingsspiceminimart.com.au/wp-content/uploads/2026/01/Untitled-design-34.png,https://kingsspiceminimart.com.au/product/harischandra-coffee-200g/,kingsspice_export/images/harischandra-coffee-200g.png
hathi-kacchi-ghani-mustard-oil-2l,HATHI KACCHI GHANI MUSTARD OIL 2L,$ 12.00,"Grocery , oil/ fats",,,,https://kingsspiceminimart.com.au/wp-content/uploads/2026/02/HATHI-KACCHI-GHANI-MUSTARD-OIL-2L.webp,https://kingsspiceminimart.com.au/product/hathi-kacchi-ghani-mustard-oil-2l/,kingsspice_export/images/hathi-kacchi-ghani-mustard-oil-2l.webp
hilltop-extra-strong-ceylon-bp-tea-225g,HILLTOP EXTRA STRONG CEYLON BP TEA 225G,$ 5.90,"Beverages , Tea",,,,http://kingsspiceminimart.com.au/wp-content/uploads/2026/02/HILLTOP-EXTRA-STRONG-CEYLON-BP-TEA-225G.jpg,https://kingsspiceminimart.com.au/product/hilltop-extra-strong-ceylon-bp-tea-225g/,kingsspice_export/images/hilltop-extra-strong-ceylon-bp-tea-225g.jpg
hilltop-pure-ceylon-fbop-tea-225g,HILLTOP PURE CEYLON FBOP TEA 225G,$ 5.50,"Beverages , Tea",,,,https://kingsspiceminimart.com.au/wp-content/uploads/woocommerce-placeholder-600x600.webp,https://kingsspiceminimart.com.au/product/hilltop-pure-ceylon-fbop-tea-225g/,kingsspice_export/images/hilltop-pure-ceylon-fbop-tea-225g.webp
hilltop-pure-ceylon-green-tea-25nos,HILLTOP PURE CEYLON GREEN TEA 25NO’S,$ 2.50,"Beverages , Tea",,,,https://kingsspiceminimart.com.au/wp-content/uploads/2026/02/HILLTOP-PURE-CEYLON-GREEN-TEA-25NOS.jpg,https://kingsspiceminimart.com.au/product/hilltop-pure-ceylon-green-tea-25nos/,kingsspice_export/images/hilltop-pure-ceylon-green-tea-25nos.jpg
hilltop-pure-ceylon-strong-tea-200-pot-bags,HILLTOP PURE CEYLON STRONG TEA 200 POT BAGS,$ 12.00,"Beverages , Tea",,,,https://kingsspiceminimart.com.au/wp-content/uploads/2026/02/HILLTOP-PURE-CEYLON-STRONG-TEA-200-POT-BAGS.jpg,https://kingsspiceminimart.com.au/product/hilltop-pure-ceylon-strong-tea-200-pot-bags/,kingsspice_export/images/hilltop-pure-ceylon-strong-tea-200-pot-bags.jpg
himalaya-cream-honey-soap-75g,HIMALAYA CREAM & HONEY SOAP 75G,$ 2.75,"bath / body , Household",,,,http://kingsspiceminimart.com.au/wp-content/uploads/2026/02/download-8.jpg,https://kingsspiceminimart.com.au/product/himalaya-cream-honey-soap-75g/,kingsspice_export/images/himalaya-cream-honey-soap-75g.jpg
idhayam-mantra-goundnut-oil-1l,IDHAYAM MANTRA GOUNDNUT OIL 1L,$ 8.90,"Grocery , oil/ fats",,,,http://kingsspiceminimart.com.au/wp-content/uploads/2026/02/Untitled-design-2026-02-23T154107.935.png,https://kingsspiceminimart.com.au/product/idhayam-mantra-goundnut-oil-1l/,kingsspice_export/images/idhayam-mantra-goundnut-oil-1l.png
idhayam-sesame-oil-1l,IDHAYAM SESAME OIL 1L,$ 11.00,"Grocery , oil/ fats",,,,https://kingsspiceminimart.com.au/wp-content/uploads/2026/02/IDHAYAM-SESAME-OIL-1L.webp,https://kingsspiceminimart.com.au/product/idhayam-sesame-oil-1l/,kingsspice_export/images/idhayam-sesame-oil-1l.webp
idhayam-sesame-oil-2l,IDHAYAM SESAME OIL 2L,$ 23.00,"Grocery , oil/ fats",,,,https://kingsspiceminimart.com.au/wp-content/uploads/2026/02/Untitled-design-2026-02-23T154426.203.png,https://kingsspiceminimart.com.au/product/idhayam-sesame-oil-2l/,kingsspice_export/images/idhayam-sesame-oil-2l.png
idhayam-sesame-oil-500ml,IDHAYAM SESAME OIL 500ML,$ 6.80,"Grocery , oil/ fats",,,,http://kingsspiceminimart.com.au/wp-content/uploads/2026/02/Untitled-design-2026-02-23T160207.039.png,https://kingsspiceminimart.com.au/product/idhayam-sesame-oil-500ml/,kingsspice_export/images/idhayam-sesame-oil-500ml.png
idhayam-sesame-oil-5l,IDHAYAM SESAME OIL 5L,$ 52.00,"Grocery , oil/ fats",,,,http://kingsspiceminimart.com.au/wp-content/uploads/2026/02/IDHAYAM-SESAME-OIL-5L.jpg,https://kingsspiceminimart.com.au/product/idhayam-sesame-oil-5l/,kingsspice_export/images/idhayam-sesame-oil-5l.jpg
india-gate-rozzanna-5kg,India gate rozzanna 5kg,$ 13.25,"Grocery , rice",India gate,,,http://kingsspiceminimart.com.au/wp-content/uploads/2025/11/690225103633.webp,https://kingsspiceminimart.com.au/product/india-gate-rozzanna-5kg/,kingsspice_export/images/india-gate-rozzanna-5kg.webp
india-today-basmati-rice-5kg,India Today Basmati Rice – 5kg,$ 13.20 Original price was: $13.20. $ 11.95 Current price is: $11.95.,"Basmati rice , Flash Deals , Grocery , rice",India Today,,,https://kingsspiceminimart.com.au/wp-content/uploads/woocommerce-placeholder-600x600.webp,https://kingsspiceminimart.com.au/product/india-today-basmati-rice-5kg/,kingsspice_export/images/india-today-basmati-rice-5kg.webp
indiagate-boiled-ponni-rice-5kg,Indiagate Boiled ponni rice – 5kg,$ 11.99 Original price was: $11.99. $ 10.90 Current price is: $10.90.,"Flash Deals , Grocery , Ponni rice , rice",India gate,,,https://kingsspiceminimart.com.au/wp-content/uploads/2026/03/2.png,https://kingsspiceminimart.com.au/product/indiagate-boiled-ponni-rice-5kg/,kingsspice_export/images/indiagate-boiled-ponni-rice-5kg.png
indya-sunflower-oil-2l,INDYA SUNFLOWER OIL 2L,$ 11.00,"Grocery , oil/ fats",,,,https://kingsspiceminimart.com.au/wp-content/uploads/2026/02/INDYA-SUNFLOWER-OIL-2L.webp,https://kingsspiceminimart.com.au/product/indya-sunflower-oil-2l/,kingsspice_export/images/indya-sunflower-oil-2l.webp
jacme-achappam-200g,JACME ACHAPPAM 200G,$ 5.50,Grocery,Jacme,"Kerala-style rose cookies made from rice flour, coconut milk, and sesame seeds, deep-fried to create a delicate and crisp snack with a slightly sweet flavor.",,https://kingsspiceminimart.com.au/wp-content/uploads/2025/10/Untitled-design-47.jpg,https://kingsspiceminimart.com.au/product/jacme-achappam-200g/,kingsspice_export/images/jacme-achappam-200g.jpg
jacme-ada-pradhaman-350g,JACME ADA PRADHAMAN 350G,$ 4.50,Grocery,Jacme,,,http://kingsspiceminimart.com.au/wp-content/uploads/2025/10/Untitled-design-46.jpg,https://kingsspiceminimart.com.au/product/jacme-ada-pradhaman-350g/,kingsspice_export/images/jacme-ada-pradhaman-350g.jpg
jacme-angamaly-mango-curry-350g,JACME ANGAMALY MANGO CURRY 350G,$ 4.50,Grocery,Jacme,,,https://kingsspiceminimart.com.au/wp-content/uploads/2025/10/Untitled-design-44.jpg,https://kingsspiceminimart.com.au/product/jacme-angamaly-mango-curry-350g/,kingsspice_export/images/jacme-angamaly-mango-curry-350g.jpg
jacme-avial-mix-300g,JACME AVIAL MIX 300G,$ 5.90,Uncategorized,,,,http://kingsspiceminimart.com.au/wp-content/uploads/2025/10/avial.webp,https://kingsspiceminimart.com.au/product/jacme-avial-mix-300g/,kingsspice_export/images/jacme-avial-mix-300g.webp
jacme-baby-murukku-200g,JACME BABY MURUKKU 200G,$ 3.10,Grocery,Jacme,,,http://kingsspiceminimart.com.au/wp-content/uploads/2025/10/Untitled-design-43.jpg,https://kingsspiceminimart.com.au/product/jacme-baby-murukku-200g/,kingsspice_export/images/jacme-baby-murukku-200g.jpg
jacme-banana-balls-350g,JACME BANANA BALLS 350G,$ 7.50,Grocery,Jacme,,,http://kingsspiceminimart.com.au/wp-content/uploads/2025/10/banan-balls.png,https://kingsspiceminimart.com.au/product/jacme-banana-balls-350g/,kingsspice_export/images/jacme-banana-balls-350g.png
jacme-banana-boiled-350g,JACME BANANA BOILED 350G,$ 5.90,Grocery,Jacme,,,https://kingsspiceminimart.com.au/wp-content/uploads/2025/10/Untitled-design-42.jpg,https://kingsspiceminimart.com.au/product/jacme-banana-boiled-350g/,kingsspice_export/images/jacme-banana-boiled-350g.jpg
jacme-banana-cut-chips-300g,Jacme Banana  Cut Chips 300G,$ 6.95,Grocery,Jacme,,,http://kingsspiceminimart.com.au/wp-content/uploads/2025/10/banan-cut-chips.png,https://kingsspiceminimart.com.au/product/jacme-banana-cut-chips-300g/,kingsspice_export/images/jacme-banana-cut-chips-300g.png
jacme-banana-fry-350g,JACME BANANA FRY 350G,$ 5.50,Grocery,Jacme,,,http://kingsspiceminimart.com.au/wp-content/uploads/2025/10/Untitled-design-41.jpg,https://kingsspiceminimart.com.au/product/jacme-banana-fry-350g/,kingsspice_export/images/jacme-banana-fry-350g.jpg
jacme-banana-roast-350g,JACME BANANA ROAST 350G,$ 5.90,Grocery,Jacme,,,http://kingsspiceminimart.com.au/wp-content/uploads/2025/10/Untitled-design-40.jpg,https://kingsspiceminimart.com.au/product/jacme-banana-roast-350g/,kingsspice_export/images/jacme-banana-roast-350g.jpg
jacme-beetroot-sticks-125g,JACME BEETROOT STICKS 125G,$ 4.20,Grocery,Jacme,,,https://kingsspiceminimart.com.au/wp-content/uploads/2025/10/Untitled-design-39.jpg,https://kingsspiceminimart.com.au/product/jacme-beetroot-sticks-125g/,kingsspice_export/images/jacme-beetroot-sticks-125g.jpg
jacme-birds-eye-chilli-200g,JACME BIRD’S EYE CHILLI 200G,$ 7.50,Grocery,Jacme,,,https://kingsspiceminimart.com.au/wp-content/uploads/2025/10/Untitled-design-37.jpg,https://kingsspiceminimart.com.au/product/jacme-birds-eye-chilli-200g/,kingsspice_export/images/jacme-birds-eye-chilli-200g.jpg
jacme-black-sesame-ball-100g,JACME BLACK SESAME BALL 100G,$ 2.50,Grocery,Jacme,,,https://kingsspiceminimart.com.au/wp-content/uploads/woocommerce-placeholder-600x600.webp,https://kingsspiceminimart.com.au/product/jacme-black-sesame-ball-100g/,kingsspice_export/images/jacme-black-sesame-ball-100g.webp
jacme-boli-350g,JACME BOLI 350G,$ 8.50,Uncategorized,,,,http://kingsspiceminimart.com.au/wp-content/uploads/2025/10/Untitled-design-36.jpg,https://kingsspiceminimart.com.au/product/jacme-boli-350g/,kingsspice_export/images/jacme-boli-350g.jpg
jacme-bombay-mixture-400g,JACME BOMBAY MIXTURE 400G,$ 5.50,Grocery,Jacme,,,https://kingsspiceminimart.com.au/wp-content/uploads/2025/10/Untitled-design-35.jpg,https://kingsspiceminimart.com.au/product/jacme-bombay-mixture-400g/,kingsspice_export/images/jacme-bombay-mixture-400g.jpg
jacme-breadfruit-400g,JACME BREADFRUIT 400G,$ 5.30,Grocery,Jacme,,,https://kingsspiceminimart.com.au/wp-content/uploads/2025/10/breadfruit.png,https://kingsspiceminimart.com.au/product/jacme-breadfruit-400g/,kingsspice_export/images/jacme-breadfruit-400g.png
jacme-butter-murukku-200g,JACME BUTTER MURUKKU 200G,$ 3.75,"Grocery , Snacks",Jacme,,,https://kingsspiceminimart.com.au/wp-content/uploads/2025/11/image_87451075-0f70-49f4-8e0b-743b3be5e0c8_1200x.webp,https://kingsspiceminimart.com.au/product/jacme-butter-murukku-200g/,kingsspice_export/images/jacme-butter-murukku-200g.webp
jacme-chakka-ada-350g,JACME CHAKKA ADA 350G,$ 5.50,"Frozen Food , Prepared meals",Jacme,,,https://kingsspiceminimart.com.au/wp-content/uploads/2025/11/a9346235-a0cd-426b-b718-c19831d970f1_size1920_cropCenter.webp,https://kingsspiceminimart.com.au/product/jacme-chakka-ada-350g/,kingsspice_export/images/jacme-chakka-ada-350g.webp
jacme-chakka-varatti-250g,JACME CHAKKA VARATTI 250G,$ 8.25,"Frozen Food , Prepared meals",Jacme,,,https://kingsspiceminimart.com.au/wp-content/uploads/2025/11/26339f3a-2677-4436-b85d-d09f13c1ea8e_size3840_cropCenter-scaled.jpg,https://kingsspiceminimart.com.au/product/jacme-chakka-varatti-250g/,kingsspice_export/images/jacme-chakka-varatti-250g.jpg
jacme-cheera-thoran-350g,JACME CHEERA THORAN 350G,$ 4.50,"Grocery , meal accompaniments",Jacme,,,https://kingsspiceminimart.com.au/wp-content/uploads/2025/11/jacme-cheera-thoran-scaled.webp,https://kingsspiceminimart.com.au/product/jacme-cheera-thoran-350g/,kingsspice_export/images/jacme-cheera-thoran-350g.webp
jacme-chilli-banana-chips-300g,JACME CHILLI BANANA CHIPS 300G,$ 5.99,"Grocery , Snacks",Jacme,,,http://kingsspiceminimart.com.au/wp-content/uploads/2025/11/image_a854b010-3b79-40ff-98c3-00f6f95b8d56.webp,https://kingsspiceminimart.com.au/product/jacme-chilli-banana-chips-300g/,kingsspice_export/images/jacme-chilli-banana-chips-300g.webp
jacme-chinese-potato-400g,JACME CHINESE POTATO 400G,$ 5.99,"Grocery , Snacks",Jacme,,,http://kingsspiceminimart.com.au/wp-content/uploads/2025/11/Untitled-design-26-1.png,https://kingsspiceminimart.com.au/product/jacme-chinese-potato-400g/,kingsspice_export/images/jacme-chinese-potato-400g.png
jacme-cut-coconut-400g,JACME CUT COCONUT 400G,$ 6.40,"Frozen Food , Processed/Preserved Vegetable & Fru",,,,http://kingsspiceminimart.com.au/wp-content/uploads/2025/11/Untitled-design-27.png,https://kingsspiceminimart.com.au/product/jacme-cut-coconut-400g/,kingsspice_export/images/jacme-cut-coconut-400g.png
jacme-cut-mango-green-400g,JACME CUT MANGO GREEN 400G,$ 5.90,"Frozen Food , Processed/Preserved Vegetable & Fru",Jacme,,,http://kingsspiceminimart.com.au/wp-content/uploads/2025/11/image_55555036-cc64-4f82-bd55-0c20abe7fa15_1200x.webp,https://kingsspiceminimart.com.au/product/jacme-cut-mango-green-400g/,kingsspice_export/images/jacme-cut-mango-green-400g.webp
jacme-dates-and-nuts-cake-350g,JACME DATES AND NUTS CAKE 350G,$ 7.50,"cake , Grocery",Jacme,,,https://kingsspiceminimart.com.au/wp-content/uploads/2025/11/datesandnuts-Cake.webp,https://kingsspiceminimart.com.au/product/jacme-dates-and-nuts-cake-350g/,kingsspice_export/images/jacme-dates-and-nuts-cake-350g.webp
jacme-drumstick-400g,JACME DRUMSTICK 400G,$ 3.90,"Frozen Food , Processed/Preserved Vegetable & Fru",Jacme,,,https://kingsspiceminimart.com.au/wp-content/uploads/2025/11/image_bbe6310e-997e-4c8d-aec8-a74922d4d055_1200x.webp,https://kingsspiceminimart.com.au/product/jacme-drumstick-400g/,kingsspice_export/images/jacme-drumstick-400g.webp
jacme-elayada-jaggery-350g,JACME ELAYADA JAGGERY 350G,$ 5.50,"Frozen Food , Prepared meals",Jacme,,,http://kingsspiceminimart.com.au/wp-content/uploads/2025/11/2A40D844-C54E-4A44-B1E7-E1FB521EAE17_1066x.webp,https://kingsspiceminimart.com.au/product/jacme-elayada-jaggery-350g/,kingsspice_export/images/jacme-elayada-jaggery-350g.webp
jacme-family-porotta-908g,JACME FAMILY POROTTA 908G,$ 8.50,"Frozen Food , frozen pastry sheets / dough",Jacme,,,https://kingsspiceminimart.com.au/wp-content/uploads/2025/11/image_db7a1530-1fc4-46e9-a60c-88c92cdd95e1.webp,https://kingsspiceminimart.com.au/product/jacme-family-porotta-908g/,kingsspice_export/images/jacme-family-porotta-908g.webp
jacme-grated-coconut-400g,JACME GRATED COCONUT 400G,$ 5.95,"Frozen Food , Processed/Preserved Vegetable & Fru",,,,https://kingsspiceminimart.com.au/wp-content/uploads/2025/11/grated-c-cnut-jacme.jpg,https://kingsspiceminimart.com.au/product/jacme-grated-coconut-400g/,kingsspice_export/images/jacme-grated-coconut-400g.jpg
jacme-green-jack-sliced-400g,JACME GREEN JACK SLICED 400G,$ 5.90,"Frozen Food , Processed/Preserved Vegetable & Fru",Jacme,,,https://kingsspiceminimart.com.au/wp-content/uploads/2025/11/jacme_Jackfruitgreen_sliced_1.webp,https://kingsspiceminimart.com.au/product/jacme-green-jack-sliced-400g/,kingsspice_export/images/jacme-green-jack-sliced-400g.webp
jacme-green-jackfruit-400g,JACME GREEN JACKFRUIT 400G,$ 4.90,"Frozen Food , Processed/Preserved Vegetable & Fru",Jacme,,,http://kingsspiceminimart.com.au/wp-content/uploads/2025/11/1674927025-jacme-green-jackfruit.webp,https://kingsspiceminimart.com.au/product/jacme-green-jackfruit-400g/,kingsspice_export/images/jacme-green-jackfruit-400g.webp
jacme-guruvayoor-pappadam-200g,JACME GURUVAYOOR PAPPADAM 200G,$ 200.00,"Grocery , meal accompaniments",Jacme,,,http://kingsspiceminimart.com.au/wp-content/uploads/2025/11/Pappadam_Jacme.webp,https://kingsspiceminimart.com.au/product/jacme-guruvayoor-pappadam-200g/,kingsspice_export/images/jacme-guruvayoor-pappadam-200g.webp
jacme-halwa-black-400g,JACME HALWA BLACK 400G,$ 8.50,"Grocery , Snacks",Jacme,,,https://kingsspiceminimart.com.au/wp-content/uploads/2025/11/image_5babfa2d-2d5e-43f2-a997-eb072381488a.webp,https://kingsspiceminimart.com.au/product/jacme-halwa-black-400g/,kingsspice_export/images/jacme-halwa-black-400g.webp
jacme-halwa-red-400g,JACME HALWA RED 400G,$ 7.99,"Grocery , Snacks",Jacme,,,https://kingsspiceminimart.com.au/wp-content/uploads/2025/11/kozhikkodan-halwa-red-400gms-892.webp,https://kingsspiceminimart.com.au/product/jacme-halwa-red-400g/,kingsspice_export/images/jacme-halwa-red-400g.webp
jacme-hand-grated-coconut-400g,JACME HAND GRATED COCONUT 400G,$ 5.90,"Frozen Food , Processed/Preserved Vegetable & Fru",Jacme,,,https://kingsspiceminimart.com.au/wp-content/uploads/2025/11/Untitled-design-28.png,https://kingsspiceminimart.com.au/product/jacme-hand-grated-coconut-400g/,kingsspice_export/images/jacme-hand-grated-coconut-400g.png
jacme-idly-vada-with-sambar-400g,JACME IDLY VADA WITH SAMBAR 400G,$ 5.99,"Frozen Food , Prepared meals",Jacme,,,https://kingsspiceminimart.com.au/wp-content/uploads/2025/11/Untitled-design-29.png,https://kingsspiceminimart.com.au/product/jacme-idly-vada-with-sambar-400g/,kingsspice_export/images/jacme-idly-vada-with-sambar-400g.png
katoomba-adzuki-beans-1kg-2,KATOOMBA ADZUKI BEANS 1KG,$ 6.50,"Grocery , pulses/ grains",Katoomba,,,https://kingsspiceminimart.com.au/wp-content/uploads/2026/01/e52f5ae3-a2dc-4a5f-9a7c-b5dc6ca7df6c.jpg,https://kingsspiceminimart.com.au/product/katoomba-adzuki-beans-1kg-2/,kingsspice_export/images/katoomba-adzuki-beans-1kg-2.jpg
katoomba-adzuki-beans-1kg,KATOOMBA ADZUKI BEANS 1KG,$ 6.50,"Grocery , pulses/ grains",Katoomba,,,https://kingsspiceminimart.com.au/wp-content/uploads/2025/11/KatoombaAdzukibeans-1Kg-FRONT-w-640w.webp,https://kingsspiceminimart.com.au/product/katoomba-adzuki-beans-1kg/,kingsspice_export/images/katoomba-adzuki-beans-1kg.webp
katoomba-ajwain-whole-250g,KATOOMBA AJWAIN WHOLE 250G,$ 4.20,"Grocery , pulses/ grains",Katoomba,,,https://kingsspiceminimart.com.au/wp-content/uploads/woocommerce-placeholder-600x600.webp,https://kingsspiceminimart.com.au/product/katoomba-ajwain-whole-250g/,kingsspice_export/images/katoomba-ajwain-whole-250g.webp
katoomba-ajwain-whole-250g4-2,KATOOMBA AJWAIN WHOLE 250G4.2,$ 4.20,"Grocery , pulses/ grains",Katoomba,,,https://kingsspiceminimart.com.au/wp-content/uploads/2025/11/WhatsAppImage2025-01-08at14.13.08_48e6fa35.webp,https://kingsspiceminimart.com.au/product/katoomba-ajwain-whole-250g4-2/,kingsspice_export/images/katoomba-ajwain-whole-250g4-2.webp
katoomba-all-in-one-chutney-250g-2,KATOOMBA ALL IN ONE CHUTNEY 250G,$ 2.90,"canned food / soup , Grocery",Katoomba,,,http://kingsspiceminimart.com.au/wp-content/uploads/2026/01/5db30c3d-ab29-45b8-b3df-bbdef5979329.jpg,https://kingsspiceminimart.com.au/product/katoomba-all-in-one-chutney-250g-2/,kingsspice_export/images/katoomba-all-in-one-chutney-250g-2.jpg
katoomba-all-in-one-chutney-250g,KATOOMBA ALL IN ONE CHUTNEY 250G,$ 2.90,"Grocery , meal accompaniments",Katoomba,,,https://kingsspiceminimart.com.au/wp-content/uploads/2025/11/057485.avif,https://kingsspiceminimart.com.au/product/katoomba-all-in-one-chutney-250g/,kingsspice_export/images/katoomba-all-in-one-chutney-250g.avif
katoomba-andhra-sona-masoori-rice-20kg-2,KATOOMBA ANDHRA SONA MASOORI RICE 20KG,$ 48.00,"Grocery , rice",Katoomba,,,http://kingsspiceminimart.com.au/wp-content/uploads/2026/01/Untitled-design-47.png,https://kingsspiceminimart.com.au/product/katoomba-andhra-sona-masoori-rice-20kg-2/,kingsspice_export/images/katoomba-andhra-sona-masoori-rice-20kg-2.png
katoomba-andhra-sona-masoori-rice-20kg,KATOOMBA ANDHRA SONA MASOORI RICE 20KG,$ 48.00,"Grocery , rice",Katoomba,,,https://kingsspiceminimart.com.au/wp-content/uploads/2025/11/Untitled-design-9-1.png,https://kingsspiceminimart.com.au/product/katoomba-andhra-sona-masoori-rice-20kg/,kingsspice_export/images/katoomba-andhra-sona-masoori-rice-20kg.png
katoomba-anistar-whole-100g,KATOOMBA ANISTAR WHOLE 100G,$ 3.70,"Grocery , seasonings / coconut cream",Katoomba,,,https://kingsspiceminimart.com.au/wp-content/uploads/2025/11/284960.avif,https://kingsspiceminimart.com.au/product/katoomba-anistar-whole-100g/,kingsspice_export/images/katoomba-anistar-whole-100g.avif
katoomba-arvi-312g-2,KATOOMBA ARVI 312G,$ 2.70,"Frozen Food , Processed/Preserved Vegetable & Fru",Katoomba,,,https://kingsspiceminimart.com.au/wp-content/uploads/2026/01/8d7cd469-20d2-432c-a378-cf9ff0c69e1d.jpg,https://kingsspiceminimart.com.au/product/katoomba-arvi-312g-2/,kingsspice_export/images/katoomba-arvi-312g-2.jpg
katoomba-arvi-312g,KATOOMBA ARVI 312G,$ 2.70,"Grocery , seasonings / coconut cream",Katoomba,,,https://kingsspiceminimart.com.au/wp-content/uploads/2025/11/738832-1.avif,https://kingsspiceminimart.com.au/product/katoomba-arvi-312g/,kingsspice_export/images/katoomba-arvi-312g.avif
katoomba-aus-chick-peas-1kg-2,KATOOMBA AUS CHICK PEAS 1KG,$ 2.90,"Grocery , pulses/ grains",Katoomba,,,https://kingsspiceminimart.com.au/wp-content/uploads/2026/01/c10b5724-4b6e-4c85-9ae3-d20994ae7aad.jpg,https://kingsspiceminimart.com.au/product/katoomba-aus-chick-peas-1kg-2/,kingsspice_export/images/katoomba-aus-chick-peas-1kg-2.jpg
katoomba-aus-chick-peas-1kg,KATOOMBA AUS CHICK PEAS 1KG,$ 2.90,"Grocery , pulses/ grains",,,,http://kingsspiceminimart.com.au/wp-content/uploads/2025/11/Katoomba-Chickpeas-1Kg-FRONT-w-640w.webp,https://kingsspiceminimart.com.au/product/katoomba-aus-chick-peas-1kg/,kingsspice_export/images/katoomba-aus-chick-peas-1kg.webp
katoomba-australian-chana-dal-1kg,Katoomba  Australian Chana dal 1kg,$ 2.99,"Grocery , pulses/ grains",Katoomba,,,https://kingsspiceminimart.com.au/wp-content/uploads/2025/11/5-2.png,https://kingsspiceminimart.com.au/product/katoomba-australian-chana-dal-1kg/,kingsspice_export/images/katoomba-australian-chana-dal-1kg.png
katoomba-australian-chana-dal-2kg,KATOOMBA AUSTRALIAN CHANA DAL 2KG,$ 6.50,"Grocery , pulses/ grains",Katoomba,,,http://kingsspiceminimart.com.au/wp-content/uploads/2026/01/cdbf3bc5-5ef3-4d34-9428-57441baee9ae.jpg,https://kingsspiceminimart.com.au/product/katoomba-australian-chana-dal-2kg/,kingsspice_export/images/katoomba-australian-chana-dal-2kg.jpg
katoomba-australian-ghee-700ml,KATOOMBA AUSTRALIAN GHEE 700ML,$ 13.50,"Grocery , oil/ fats , Special buys",Katoomba,,,http://kingsspiceminimart.com.au/wp-content/uploads/2025/11/Untitled-design-22-2.png,https://kingsspiceminimart.com.au/product/katoomba-australian-ghee-700ml/,kingsspice_export/images/katoomba-australian-ghee-700ml.png
katoomba-australian-red-lentils-splits-2kg,KATOOMBA AUSTRALIAN RED LENTILS SPLITS 2KG,$ 6.80,"Grocery , pulses/ grains",Katoomba,,,http://kingsspiceminimart.com.au/wp-content/uploads/2026/01/3e86ce51-1e14-4d82-987a-bbffe5d0c042-1.jpg,https://kingsspiceminimart.com.au/product/katoomba-australian-red-lentils-splits-2kg/,kingsspice_export/images/katoomba-australian-red-lentils-splits-2kg.jpg
katoomba-australian-tyson-chickpeas-1kg,Katoomba Australian tyson chickpeas 1kg,$ 2.99,"Grocery , pulses/ grains",Katoomba,,,https://kingsspiceminimart.com.au/wp-content/uploads/2025/11/1-2.png,https://kingsspiceminimart.com.au/product/katoomba-australian-tyson-chickpeas-1kg/,kingsspice_export/images/katoomba-australian-tyson-chickpeas-1kg.png
katoomba-baby-okra-312g-2,KATOOMBA BABY OKRA 312G,$ 2.90,"Frozen Food , Processed/Preserved Vegetable & Fru",Katoomba,,,http://kingsspiceminimart.com.au/wp-content/uploads/2026/01/Untitled-design-49.png,https://kingsspiceminimart.com.au/product/katoomba-baby-okra-312g-2/,kingsspice_export/images/katoomba-baby-okra-312g-2.png
katoomba-baby-okra-312g,KATOOMBA BABY OKRA 312G,$ 2.90,Grocery,Katoomba,,,https://kingsspiceminimart.com.au/wp-content/uploads/2025/11/Untitled-design-10-1.png,https://kingsspiceminimart.com.au/product/katoomba-baby-okra-312g/,kingsspice_export/images/katoomba-baby-okra-312g.png
katoomba-bajri-flour-1kg-2,KATOOMBA BAJRI FLOUR 1KG,$ 3.50,"flour , Grocery",Katoomba,,,http://kingsspiceminimart.com.au/wp-content/uploads/2026/01/b4faaf34-fc43-49c2-b681-8f06d4d4dc51.jpg,https://kingsspiceminimart.com.au/product/katoomba-bajri-flour-1kg-2/,kingsspice_export/images/katoomba-bajri-flour-1kg-2.jpg
katoomba-bajri-flour-1kg,KATOOMBA BAJRI FLOUR 1KG,$ 3.50,"flour , Grocery",Katoomba,,,https://kingsspiceminimart.com.au/wp-content/uploads/2025/11/Katoomba_Bajri_Flour_1kg.jpg,https://kingsspiceminimart.com.au/product/katoomba-bajri-flour-1kg/,kingsspice_export/images/katoomba-bajri-flour-1kg.jpg
katoomba-besan-flour-1kg-2,KATOOMBA BESAN FLOUR 1KG,$ 4.50,"flour , Grocery",Katoomba,,,http://kingsspiceminimart.com.au/wp-content/uploads/2026/01/bc62faf4-a030-48ba-8445-e89d3e9e5539.jpg,https://kingsspiceminimart.com.au/product/katoomba-besan-flour-1kg-2/,kingsspice_export/images/katoomba-besan-flour-1kg-2.jpg
katoomba-besan-flour-1kg,KATOOMBA BESAN FLOUR 1KG,$ 4.50,flour,Katoomba,,,https://kingsspiceminimart.com.au/wp-content/uploads/2025/11/WhatsApp-Image-2022-02-25-at-11-48-59-AM.webp,https://kingsspiceminimart.com.au/product/katoomba-besan-flour-1kg/,kingsspice_export/images/katoomba-besan-flour-1kg.webp
katoomba-black-beans-1kg-2,KATOOMBA BLACK BEANS 1KG,$ 4.90,"Grocery , pulses/ grains",Katoomba,,,http://kingsspiceminimart.com.au/wp-content/uploads/2026/01/cb4fe41e-765c-4cd1-8521-300581a2f264.jpg,https://kingsspiceminimart.com.au/product/katoomba-black-beans-1kg-2/,kingsspice_export/images/katoomba-black-beans-1kg-2.jpg
katoomba-black-beans-1kg,KATOOMBA BLACK BEANS 1KG,$ 4.90,"Grocery , pulses/ grains",,,,https://kingsspiceminimart.com.au/wp-content/uploads/2025/11/KatoombaBlackbeans-1Kg-FRONT-w-640w.webp,https://kingsspiceminimart.com.au/product/katoomba-black-beans-1kg/,kingsspice_export/images/katoomba-black-beans-1kg.webp
katoomba-black-cardamom-100g-2,KATOOMBA BLACK CARDAMOM 100G,$ 10.00,"Grocery , seasonings / coconut cream",Katoomba,,,http://kingsspiceminimart.com.au/wp-content/uploads/2026/01/ee856fac-900e-4f6b-80cf-bab347093ca0.jpg,https://kingsspiceminimart.com.au/product/katoomba-black-cardamom-100g-2/,kingsspice_export/images/katoomba-black-cardamom-100g-2.jpg
katoomba-black-cardamom-100g,KATOOMBA BLACK CARDAMOM 100G,$ 10.00,"Grocery , seasonings / coconut cream",,,,https://kingsspiceminimart.com.au/wp-content/uploads/2025/11/katoomba-black-cardamom.webp,https://kingsspiceminimart.com.au/product/katoomba-black-cardamom-100g/,kingsspice_export/images/katoomba-black-cardamom-100g.webp
katoomba-black-eye-bean-1kg,KATOOMBA BLACK EYE BEAN 1KG,$ 5.50,"Grocery , pulses/ grains",Katoomba,,,https://kingsspiceminimart.com.au/wp-content/uploads/2026/01/b2c81a3b-8533-4f10-92ce-d518aa28a388.jpg,https://kingsspiceminimart.com.au/product/katoomba-black-eye-bean-1kg/,kingsspice_export/images/katoomba-black-eye-bean-1kg.jpg
katoomba-black-eye-beans-1kg,KATOOMBA BLACK EYE BEANS 1KG,$ 5.50,Grocery,,,,https://kingsspiceminimart.com.au/wp-content/uploads/2025/11/754023.avif,https://kingsspiceminimart.com.au/product/katoomba-black-eye-beans-1kg/,kingsspice_export/images/katoomba-black-eye-beans-1kg.avif
katoomba-black-pepper-crush-100g,KATOOMBA BLACK PEPPER CRUSH 100G,$ 4.90,"Grocery , seasonings / coconut cream",Katoomba,,,https://kingsspiceminimart.com.au/wp-content/uploads/2025/11/WhatsApp-Image-2025-04-11-at-08.26.19_2c518e0c.webp,https://kingsspiceminimart.com.au/product/katoomba-black-pepper-crush-100g/,kingsspice_export/images/katoomba-black-pepper-crush-100g.webp
katoomba-black-pepper-powder-250g,KATOOMBA BLACK PEPPER POWDER 250G,$ 9.50,"Grocery , seasonings / coconut cream",Katoomba,,,https://kingsspiceminimart.com.au/wp-content/uploads/2025/11/BlackPepperWhole250g-Katoomba.webp,https://kingsspiceminimart.com.au/product/katoomba-black-pepper-powder-250g/,kingsspice_export/images/katoomba-black-pepper-powder-250g.webp
katoomba-black-pepper-whole-250g-2,KATOOMBA BLACK PEPPER WHOLE 250G,$ 7.50,"Grocery , seasonings / coconut cream",Katoomba,,,https://kingsspiceminimart.com.au/wp-content/uploads/2026/01/fcf619cf-e095-406e-b1d6-57a0b6347eeb.jpg,https://kingsspiceminimart.com.au/product/katoomba-black-pepper-whole-250g-2/,kingsspice_export/images/katoomba-black-pepper-whole-250g-2.jpg
katoomba-black-pepper-whole-250g,KATOOMBA BLACK PEPPER WHOLE 250G,$ 7.50,"Grocery , seasonings / coconut cream",Katoomba,,,https://kingsspiceminimart.com.au/wp-content/uploads/2025/11/Untitled-design-11-1.png,https://kingsspiceminimart.com.au/product/katoomba-black-pepper-whole-250g/,kingsspice_export/images/katoomba-black-pepper-whole-250g.png
katoomba-black-salt-powder-250g-2,KATOOMBA BLACK SALT POWDER 250G,$ 2.00,"Grocery , seasonings / coconut cream",Katoomba,,,https://kingsspiceminimart.com.au/wp-content/uploads/2026/01/3db5d67b-3fd3-46ac-960b-081eaa4f85c3.jpg,https://kingsspiceminimart.com.au/product/katoomba-black-salt-powder-250g-2/,kingsspice_export/images/katoomba-black-salt-powder-250g-2.jpg
katoomba-black-salt-powder-250g,KATOOMBA BLACK SALT POWDER 250G,$ 2.00,"Grocery , seasonings / coconut cream",Katoomba,,,https://kingsspiceminimart.com.au/wp-content/uploads/2025/11/Blacksaltpowder250g-katoomba.webp,https://kingsspiceminimart.com.au/product/katoomba-black-salt-powder-250g/,kingsspice_export/images/katoomba-black-salt-powder-250g.webp
katoomba-black-urid-whole-1kg-2,KATOOMBA BLACK URID WHOLE 1KG,$ 5.20,"Grocery , pulses/ grains",Katoomba,,,http://kingsspiceminimart.com.au/wp-content/uploads/2026/01/565f417e-9996-4ddb-8819-3f4918f0e9d0.jpg,https://kingsspiceminimart.com.au/product/katoomba-black-urid-whole-1kg-2/,kingsspice_export/images/katoomba-black-urid-whole-1kg-2.jpg
katoomba-black-urid-whole-1kg,KATOOMBA BLACK URID WHOLE 1KG,$ 5.20,Grocery,Katoomba,,,https://kingsspiceminimart.com.au/wp-content/uploads/2025/11/KatoombaBlackUridWhole-1Kg-FRONT-w-640w.webp,https://kingsspiceminimart.com.au/product/katoomba-black-urid-whole-1kg/,kingsspice_export/images/katoomba-black-urid-whole-1kg.webp
katoomba-blue-peas-1kg-2,KATOOMBA BLUE PEAS 1KG,$ 3.70,"Grocery , pulses/ grains",Katoomba,,,http://kingsspiceminimart.com.au/wp-content/uploads/2026/01/010f4bdf-1627-4320-9fbd-739c545db273.jpg,https://kingsspiceminimart.com.au/product/katoomba-blue-peas-1kg-2/,kingsspice_export/images/katoomba-blue-peas-1kg-2.jpg
katoomba-blue-peas-1kg,KATOOMBA BLUE PEAS 1KG,$ 3.70,"Grocery , pulses/ grains",Katoomba,,,http://kingsspiceminimart.com.au/wp-content/uploads/2025/11/Katoomba_Blue_Peas-1Kg.webp,https://kingsspiceminimart.com.au/product/katoomba-blue-peas-1kg/,kingsspice_export/images/katoomba-blue-peas-1kg.webp
katoomba-borlotti-beans-1kg-2,KATOOMBA BORLOTTI BEANS 1KG,$ 6.50,"Grocery , pulses/ grains",Katoomba,,,https://kingsspiceminimart.com.au/wp-content/uploads/2026/01/ea5e60e9-fe48-48cc-a367-739604e407ec.jpg,https://kingsspiceminimart.com.au/product/katoomba-borlotti-beans-1kg-2/,kingsspice_export/images/katoomba-borlotti-beans-1kg-2.jpg
katoomba-borlotti-beans-1kg,KATOOMBA BORLOTTI BEANS 1KG,$ 6.50,"Grocery , pulses/ grains",Katoomba,,,http://kingsspiceminimart.com.au/wp-content/uploads/2025/11/Katoomba_Blue_Peas-1Kg.webp,https://kingsspiceminimart.com.au/product/katoomba-borlotti-beans-1kg/,kingsspice_export/images/katoomba-borlotti-beans-1kg.webp
katoomba-broad-beans-1kg-2,KATOOMBA BROAD BEANS 1KG,$ 4.90,"Grocery , pulses/ grains",Katoomba,,,http://kingsspiceminimart.com.au/wp-content/uploads/2026/01/2385af29-6b0c-4940-8f49-fbbf00bcf7d1.jpg,https://kingsspiceminimart.com.au/product/katoomba-broad-beans-1kg-2/,kingsspice_export/images/katoomba-broad-beans-1kg-2.jpg
katoomba-broad-beans-1kg,KATOOMBA BROAD BEANS 1KG,$ 4.90,"Grocery , pulses/ grains",Katoomba,,,http://kingsspiceminimart.com.au/wp-content/uploads/2025/11/Katoomba-Broad-Beans-1kg.webp,https://kingsspiceminimart.com.au/product/katoomba-broad-beans-1kg/,kingsspice_export/images/katoomba-broad-beans-1kg.webp
katoomba-chana-dal-1kg,KATOOMBA CHANA DAL 1KG,$ 2.90,"Grocery , pulses/ grains",Katoomba,,,http://kingsspiceminimart.com.au/wp-content/uploads/2026/01/cdbf3bc5-5ef3-4d34-9428-57441baee9ae-1.jpg,https://kingsspiceminimart.com.au/product/katoomba-chana-dal-1kg/,kingsspice_export/images/katoomba-chana-dal-1kg.jpg
katoomba-chapatti-800g,KATOOMBA CHAPATTI 800G,$ 8.50,"Frozen Food , Prepared meals",Katoomba,,,https://kingsspiceminimart.com.au/wp-content/uploads/2025/11/Katoomba-20-Pack-Chappati-24-640w.webp,https://kingsspiceminimart.com.au/product/katoomba-chapatti-800g/,kingsspice_export/images/katoomba-chapatti-800g.webp
katoomba-chappathi-30pcs,KATOOMBA CHAPPATHI 30PCS,$ 11.00,"Frozen Food , frozen pastry sheets / dough",Katoomba,,,https://kingsspiceminimart.com.au/wp-content/uploads/2026/01/48ab90a3-5906-428a-bb2e-4c3293e26f7d.jpg,https://kingsspiceminimart.com.au/product/katoomba-chappathi-30pcs/,kingsspice_export/images/katoomba-chappathi-30pcs.jpg
katoomba-chappathi-800g,KATOOMBA CHAPPATHI 800G,$ 8.50,"Frozen Food , frozen pastry sheets / dough",Katoomba,,,http://kingsspiceminimart.com.au/wp-content/uploads/2026/01/7608672c-bf99-4396-b9b4-d5b6d3bc94b5.jpg,https://kingsspiceminimart.com.au/product/katoomba-chappathi-800g/,kingsspice_export/images/katoomba-chappathi-800g.jpg
katoomba-chappattis-30pcs,KATOOMBA CHAPPATTIS 30PCS,$ 11.00,"Frozen Food , Prepared meals",Katoomba,,,https://kingsspiceminimart.com.au/wp-content/uploads/2025/11/Katoomba-30-Pack-Chappati-24-640w.webp,https://kingsspiceminimart.com.au/product/katoomba-chappattis-30pcs/,kingsspice_export/images/katoomba-chappattis-30pcs.webp
katoomba-char-magaz-100g-2,KATOOMBA CHAR MAGAZ 100G,$ 3.90,"Grocery , pulses/ grains",Katoomba,,,https://kingsspiceminimart.com.au/wp-content/uploads/2026/01/Untitled-design-50.png,https://kingsspiceminimart.com.au/product/katoomba-char-magaz-100g-2/,kingsspice_export/images/katoomba-char-magaz-100g-2.png
katoomba-char-magaz-100g,KATOOMBA CHAR MAGAZ 100G,$ 3.90,"Grocery , pulses/ grains",Katoomba,,,https://kingsspiceminimart.com.au/wp-content/uploads/2025/11/Untitled-design-12-1.png,https://kingsspiceminimart.com.au/product/katoomba-char-magaz-100g/,kingsspice_export/images/katoomba-char-magaz-100g.png
katoomba-chilli-pappadam-100g-2,KATOOMBA CHILLI PAPPADAM 100G,$ 3.90,"Grocery , Snacks",Katoomba,,,https://kingsspiceminimart.com.au/wp-content/uploads/2026/01/7f434933-b88b-4882-b362-10dd697e050b.jpg,https://kingsspiceminimart.com.au/product/katoomba-chilli-pappadam-100g-2/,kingsspice_export/images/katoomba-chilli-pappadam-100g-2.jpg
katoomba-chilli-pappadam-100g,KATOOMBA CHILLI PAPPADAM 100G,$ 1.90,"Grocery , meal accompaniments",Katoomba,,,https://kingsspiceminimart.com.au/wp-content/uploads/2025/11/Katoomba-Chilli-Pap-FRONT-w-8a78be1c-640w.webp,https://kingsspiceminimart.com.au/product/katoomba-chilli-pappadam-100g/,kingsspice_export/images/katoomba-chilli-pappadam-100g.webp
katoomba-cinnamon-stick-100g,KATOOMBA CINNAMON STICK 100G,$ 3.20,"Grocery , seasonings / coconut cream",Katoomba,,,https://kingsspiceminimart.com.au/wp-content/uploads/2025/11/CINNAMON_STICK_FLAT.webp,https://kingsspiceminimart.com.au/product/katoomba-cinnamon-stick-100g/,kingsspice_export/images/katoomba-cinnamon-stick-100g.webp
katoomba-cinnamon-stick-flat-100g,KATOOMBA CINNAMON STICK FLAT 100G,$ 2.90,"Grocery , seasonings / coconut cream",Katoomba,,,http://kingsspiceminimart.com.au/wp-content/uploads/2025/11/CINNAMON_STICK_FLAT-1.webp,https://kingsspiceminimart.com.au/product/katoomba-cinnamon-stick-flat-100g/,kingsspice_export/images/katoomba-cinnamon-stick-flat-100g.webp
katoomba-cinnamon-sticks-100g,KATOOMBA CINNAMON STICKS 100G,$ 3.20,"Grocery , seasonings / coconut cream",Katoomba,,,http://kingsspiceminimart.com.au/wp-content/uploads/2026/01/2d7ef489-48da-4d58-95b7-7e89c0db0c75.jpg,https://kingsspiceminimart.com.au/product/katoomba-cinnamon-sticks-100g/,kingsspice_export/images/katoomba-cinnamon-sticks-100g.jpg
katoomba-cinnamon-sticks-flat-100g,KATOOMBA CINNAMON STICKS FLAT 100G,$ 2.90,"Grocery , seasonings / coconut cream",Katoomba,,,https://kingsspiceminimart.com.au/wp-content/uploads/2026/01/Untitled-design-51.png,https://kingsspiceminimart.com.au/product/katoomba-cinnamon-sticks-flat-100g/,kingsspice_export/images/katoomba-cinnamon-sticks-flat-100g.png
katoomba-classic-basmati-rice-5kg-2,KATOOMBA CLASSIC BASMATI RICE 5KG,$ 21.00,"Basmati rice , Grocery , rice",Katoomba,,,https://kingsspiceminimart.com.au/wp-content/uploads/2026/01/Untitled-design-52.png,https://kingsspiceminimart.com.au/product/katoomba-classic-basmati-rice-5kg-2/,kingsspice_export/images/katoomba-classic-basmati-rice-5kg-2.png
katoomba-classic-basmati-rice-5kg,KATOOMBA CLASSIC BASMATI RICE 5KG,$ 21.00,"Grocery , rice",Katoomba,,,https://kingsspiceminimart.com.au/wp-content/uploads/2025/11/KATOOMBA5kgFRONTClassicBasmati-640w.webp,https://kingsspiceminimart.com.au/product/katoomba-classic-basmati-rice-5kg/,kingsspice_export/images/katoomba-classic-basmati-rice-5kg.webp
katoomba-cocktail-veg-samosa-96pcs-2,KATOOMBA COCKTAIL VEG SAMOSA 96PCS,$ 21.00,"Frozen Food , Frozen RTC Snacks",Katoomba,,,https://kingsspiceminimart.com.au/wp-content/uploads/2026/01/a9f0b178-4028-4e9d-9c55-51b71f2adbc0.jpg,https://kingsspiceminimart.com.au/product/katoomba-cocktail-veg-samosa-96pcs-2/,kingsspice_export/images/katoomba-cocktail-veg-samosa-96pcs-2.jpg
katoomba-cocktail-veg-samosa-96pcs,KATOOMBA COCKTAIL VEG SAMOSA 96PCS,$ 21.00,"Frozen Food , Prepared meals , Uncategorized",Katoomba,,,https://kingsspiceminimart.com.au/wp-content/uploads/2025/11/samosa-640w.webp,https://kingsspiceminimart.com.au/product/katoomba-cocktail-veg-samosa-96pcs/,kingsspice_export/images/katoomba-cocktail-veg-samosa-96pcs.webp
katoomba-combo-selection-1596,KATOOMBA COMBO SELECTION 15*96,$ 21.00,"Frozen Food , Frozen RTC Snacks",Katoomba,,,https://kingsspiceminimart.com.au/wp-content/uploads/2026/01/c734debb-3ce4-4e99-a96c-5480af2522bc.jpg,https://kingsspiceminimart.com.au/product/katoomba-combo-selection-1596/,kingsspice_export/images/katoomba-combo-selection-1596.jpg
katoomba-combo-selection-15x96,KATOOMBA COMBO SELECTION 15X96,$ 21.00,"Frozen Food , Prepared meals",Katoomba,,,https://kingsspiceminimart.com.au/wp-content/uploads/2025/11/combo-640w.webp,https://kingsspiceminimart.com.au/product/katoomba-combo-selection-15x96/,kingsspice_export/images/katoomba-combo-selection-15x96.webp
katoomba-coriander-powder-250g-2,KATOOMBA CORIANDER POWDER 250G,$ 2.70,"Grocery , seasonings / coconut cream",Katoomba,,,https://kingsspiceminimart.com.au/wp-content/uploads/woocommerce-placeholder-600x600.webp,https://kingsspiceminimart.com.au/product/katoomba-coriander-powder-250g-2/,kingsspice_export/images/katoomba-coriander-powder-250g-2.webp
katoomba-coriander-powder-250g,KATOOMBA CORIANDER POWDER 250G,$ 2.70,"Grocery , seasonings / coconut cream",Katoomba,,,https://kingsspiceminimart.com.au/wp-content/uploads/2025/11/285055.avif,https://kingsspiceminimart.com.au/product/katoomba-coriander-powder-250g/,kingsspice_export/images/katoomba-coriander-powder-250g.avif
katoomba-coriander-seeds-500g-2,KATOOMBA CORIANDER SEEDS 500G,$ 3.80,"Grocery , pulses/ grains",Katoomba,,,https://kingsspiceminimart.com.au/wp-content/uploads/woocommerce-placeholder-600x600.webp,https://kingsspiceminimart.com.au/product/katoomba-coriander-seeds-500g-2/,kingsspice_export/images/katoomba-coriander-seeds-500g-2.webp
katoomba-coriander-seeds-500g,KATOOMBA CORIANDER SEEDS 500G,$ 3.80,"Grocery , seasonings / coconut cream",Katoomba,,,https://kingsspiceminimart.com.au/wp-content/uploads/2025/11/Untitled-2_376fd05f-f0af-49ab-aa6e-d8c864cd9470.webp,https://kingsspiceminimart.com.au/product/katoomba-coriander-seeds-500g/,kingsspice_export/images/katoomba-coriander-seeds-500g.webp
katoomba-cumin-pappadam-100g,KATOOMBA CUMIN PAPPADAM 100G,$ 1.90,"Grocery , Snacks",Katoomba,,,https://kingsspiceminimart.com.au/wp-content/uploads/2026/01/Untitled-design-53.png,https://kingsspiceminimart.com.au/product/katoomba-cumin-pappadam-100g/,kingsspice_export/images/katoomba-cumin-pappadam-100g.png
katoomba-cumin-powder-500g-2,KATOOMBA CUMIN POWDER 500G,$ 6.90,"Grocery , seasonings / coconut cream",Katoomba,,,https://kingsspiceminimart.com.au/wp-content/uploads/2026/01/KATOOMBA-CUMIN-POWDER.jpg,https://kingsspiceminimart.com.au/product/katoomba-cumin-powder-500g-2/,kingsspice_export/images/katoomba-cumin-powder-500g-2.jpg
katoomba-cumin-powder-500g,KATOOMBA CUMIN POWDER 500G,$ 6.90,"Grocery , seasonings / coconut cream",Katoomba,,,https://kingsspiceminimart.com.au/wp-content/uploads/2025/11/WhatsApp-Image-2025-04-11-at-08.26.28_3177200a.webp,https://kingsspiceminimart.com.au/product/katoomba-cumin-powder-500g/,kingsspice_export/images/katoomba-cumin-powder-500g.webp
katoomba-cumin-seeds-250g,KATOOMBA CUMIN SEEDS 250G,$ 5.50,"Grocery , seasonings / coconut cream",Katoomba,,,http://kingsspiceminimart.com.au/wp-content/uploads/2025/11/285052.webp,https://kingsspiceminimart.com.au/product/katoomba-cumin-seeds-250g/,kingsspice_export/images/katoomba-cumin-seeds-250g.webp
katoomba-cumin-seeds-500g-2,KATOOMBA CUMIN SEEDS 500G,$ 7.50,"Grocery , seasonings / coconut cream",Katoomba,,,https://kingsspiceminimart.com.au/wp-content/uploads/2026/01/45f94b8e-c459-44e7-89fd-24ab3c1318c8.jpg,https://kingsspiceminimart.com.au/product/katoomba-cumin-seeds-500g-2/,kingsspice_export/images/katoomba-cumin-seeds-500g-2.jpg
katoomba-cumin-seeds-500g,KATOOMBA CUMIN SEEDS 500G,$ 7.50,"Grocery , seasonings / coconut cream",Katoomba,,,https://kingsspiceminimart.com.au/wp-content/uploads/2025/11/Cumin-seeds-92af0568-1920w.webp,https://kingsspiceminimart.com.au/product/katoomba-cumin-seeds-500g/,kingsspice_export/images/katoomba-cumin-seeds-500g.webp
katoomba-cut-okra-312g,KATOOMBA CUT OKRA 312G,$ 2.90,"Grocery , seasonings / coconut cream",Katoomba,,,https://kingsspiceminimart.com.au/wp-content/uploads/2026/01/Untitled-design-54.png,https://kingsspiceminimart.com.au/product/katoomba-cut-okra-312g/,kingsspice_export/images/katoomba-cut-okra-312g.png
katoomba-dark-red-kidney-beans-1kg,KATOOMBA DARK RED KIDNEY BEANS 1KG,$ 7.90,"Grocery , pulses/ grains",Katoomba,,,http://kingsspiceminimart.com.au/wp-content/uploads/2025/11/Katoomba-Dark_Red_Kidney_Beans-1Kg.webp,https://kingsspiceminimart.com.au/product/katoomba-dark-red-kidney-beans-1kg/,kingsspice_export/images/katoomba-dark-red-kidney-beans-1kg.webp
katoomba-date-and-tamarind-295ml-2,KATOOMBA DATE AND TAMARIND 295ML,$ 3.90,"Grocery , suaces",Katoomba,,,https://kingsspiceminimart.com.au/wp-content/uploads/2026/01/Untitled-design-55.png,https://kingsspiceminimart.com.au/product/katoomba-date-and-tamarind-295ml-2/,kingsspice_export/images/katoomba-date-and-tamarind-295ml-2.png
katoomba-date-and-tamarind-295ml,KATOOMBA DATE AND TAMARIND 295ML,$ 3.90,"Grocery , suaces",Katoomba,,,https://kingsspiceminimart.com.au/wp-content/uploads/2025/11/6003327.avif,https://kingsspiceminimart.com.au/product/katoomba-date-and-tamarind-295ml/,kingsspice_export/images/katoomba-date-and-tamarind-295ml.avif
katoomba-date-and-tamarind-chutney-250ml,KATOOMBA DATE AND TAMARIND CHUTNEY 250ML,$ 3.90,"Grocery , suaces",Katoomba,,,http://kingsspiceminimart.com.au/wp-content/uploads/2026/01/0f0075d6-dc57-42b8-9c3f-9ebcf4c530e7.jpg,https://kingsspiceminimart.com.au/product/katoomba-date-and-tamarind-chutney-250ml/,kingsspice_export/images/katoomba-date-and-tamarind-chutney-250ml.jpg
katoomba-date-tamarind-chutney-250g,KATOOMBA DATE TAMARIND CHUTNEY 250G,$ 3.90,"Grocery , meal accompaniments",Katoomba,,,https://kingsspiceminimart.com.au/wp-content/uploads/2025/11/Date-Tamarind-chutney-640w.webp,https://kingsspiceminimart.com.au/product/katoomba-date-tamarind-chutney-250g/,kingsspice_export/images/katoomba-date-tamarind-chutney-250g.webp
katoomba-desi-chick-peas-1kg,KATOOMBA DESI CHICK PEAS 1KG,$ 2.90,"Grocery , pulses/ grains",Katoomba,,,https://kingsspiceminimart.com.au/wp-content/uploads/2026/01/download.jpg,https://kingsspiceminimart.com.au/product/katoomba-desi-chick-peas-1kg/,kingsspice_export/images/katoomba-desi-chick-peas-1kg.jpg
katoomba-drk-red-kidney-beans-1kg,KATOOMBA DARK RED KIDNEY BEANS 1KG,$ 7.90,"Grocery , pulses/ grains",Katoomba,,,http://kingsspiceminimart.com.au/wp-content/uploads/2026/01/KATOOMBA-DARK-RE.jpg,https://kingsspiceminimart.com.au/product/katoomba-drk-red-kidney-beans-1kg/,kingsspice_export/images/katoomba-drk-red-kidney-beans-1kg.jpg
katoomba-drumstick-312g-2,KATOOMBA DRUMSTICK 312G,$ 2.90,"Frozen Food , Processed/Preserved Vegetable & Fru",Katoomba,,,http://kingsspiceminimart.com.au/wp-content/uploads/2026/01/7271547e-0ea3-48e0-830c-aa75de4dd556.jpg,https://kingsspiceminimart.com.au/product/katoomba-drumstick-312g-2/,kingsspice_export/images/katoomba-drumstick-312g-2.jpg
katoomba-drumstick-312g,KATOOMBA DRUMSTICK 312G,$ 2.90,"Grocery , meal accompaniments",Katoomba,,,https://kingsspiceminimart.com.au/wp-content/uploads/2025/11/Katoomba-Saragawa-312g.webp,https://kingsspiceminimart.com.au/product/katoomba-drumstick-312g/,kingsspice_export/images/katoomba-drumstick-312g.webp
katoomba-everyday-basmati-5kg-2,KATOOMBA EVERYDAY BASMATI 5KG,$ 16.00,"Basmati rice , rice",Katoomba,,,https://kingsspiceminimart.com.au/wp-content/uploads/2026/01/3c442ca1-4a01-41a8-91d2-9a0e7de40063.jpg,https://kingsspiceminimart.com.au/product/katoomba-everyday-basmati-5kg-2/,kingsspice_export/images/katoomba-everyday-basmati-5kg-2.jpg
katoomba-everyday-basmati-5kg,KATOOMBA EVERYDAY BASMATI 5KG,$ 14.00,"Grocery , rice",Katoomba,,,https://kingsspiceminimart.com.au/wp-content/uploads/2025/11/KATOOMBA5kgFRONTEverydayBasmati-640w.webp,https://kingsspiceminimart.com.au/product/katoomba-everyday-basmati-5kg/,kingsspice_export/images/katoomba-everyday-basmati-5kg.webp
katoomba-exotic-20kg,KATOOMBA EXOTIC BASMATI RICE 5KG,$ 16.00,"Grocery , rice",Katoomba,,,https://kingsspiceminimart.com.au/wp-content/uploads/2025/11/KATOOMBA5kgFRONTExoticBasmaticopy-640w.webp,https://kingsspiceminimart.com.au/product/katoomba-exotic-20kg/,kingsspice_export/images/katoomba-exotic-20kg.webp
katoomba-exotic-basmati-rice-5kg,KATOOMBA EXOTIC BASMATI RICE 5KG,$ 16.00,"Basmati rice , Grocery , rice",Katoomba,,,https://kingsspiceminimart.com.au/wp-content/uploads/2026/01/19668a8c-cec9-4cce-abb1-225b544fa43a.jpg,https://kingsspiceminimart.com.au/product/katoomba-exotic-basmati-rice-5kg/,kingsspice_export/images/katoomba-exotic-basmati-rice-5kg.jpg
katoomba-extra-hot-chilli-chutney-295ml-2,KATOOMBA EXTRA HOT CHILLI CHUTNEY 295ML,$ 3.90,"Grocery , suaces",Katoomba,,,https://kingsspiceminimart.com.au/wp-content/uploads/2026/01/Untitled-design-56.png,https://kingsspiceminimart.com.au/product/katoomba-extra-hot-chilli-chutney-295ml-2/,kingsspice_export/images/katoomba-extra-hot-chilli-chutney-295ml-2.png
katoomba-extra-hot-chilli-chutney-295ml,KATOOMBA EXTRA HOT CHILLI CHUTNEY 295ML,$ 3.90,"Grocery , suaces",Katoomba,,,https://kingsspiceminimart.com.au/wp-content/uploads/2025/11/Untitled-design-13-2.png,https://kingsspiceminimart.com.au/product/katoomba-extra-hot-chilli-chutney-295ml/,kingsspice_export/images/katoomba-extra-hot-chilli-chutney-295ml.png
katoomba-far-far-bhindhi-cut-400g,KATOOMBA FAR FAR BHINDHI CUT 400G,$ 3.70,"Grocery , Snacks",Katoomba,,,http://kingsspiceminimart.com.au/wp-content/uploads/2026/01/8d7928c1-e9b3-4ef1-a2c8-d825c91aa720.jpg,https://kingsspiceminimart.com.au/product/katoomba-far-far-bhindhi-cut-400g/,kingsspice_export/images/katoomba-far-far-bhindhi-cut-400g.jpg
katoomba-far-far-pipe-400g-2,KATOOMBA FAR FAR PIPE 400G,$ 3.90,"Grocery , Snacks",Katoomba,,,http://kingsspiceminimart.com.au/wp-content/uploads/2026/01/8d7928c1-e9b3-4ef1-a2c8-d825c91aa720-1.jpg,https://kingsspiceminimart.com.au/product/katoomba-far-far-pipe-400g-2/,kingsspice_export/images/katoomba-far-far-pipe-400g-2.jpg
katoomba-far-far-pipe-400g,KATOOMBA FAR FAR PIPE 400G,$ 3.90,"Grocery , meal accompaniments",Katoomba,,,http://kingsspiceminimart.com.au/wp-content/uploads/2025/11/katoomba__permium_far_far_pipe_.webp,https://kingsspiceminimart.com.au/product/katoomba-far-far-pipe-400g/,kingsspice_export/images/katoomba-far-far-pipe-400g.webp
katoomba-fennel-seeds-1kg,KATOOMBA FENNEL SEEDS 1KG,$ 13.00,"Grocery , seasonings / coconut cream",Katoomba,,,http://kingsspiceminimart.com.au/wp-content/uploads/2025/11/katoomba-fennel-seeds_6cac69ee-bed2-4ebb-9a66-e0b8dcab0013.webp,https://kingsspiceminimart.com.au/product/katoomba-fennel-seeds-1kg/,kingsspice_export/images/katoomba-fennel-seeds-1kg.webp
katoomba-fennel-seeds-250g-2,KATOOMBA FENNEL SEEDS 250G,$ 3.50,"Grocery , seasonings / coconut cream",Katoomba,,,http://kingsspiceminimart.com.au/wp-content/uploads/2026/01/Untitled-design-57.png,https://kingsspiceminimart.com.au/product/katoomba-fennel-seeds-250g-2/,kingsspice_export/images/katoomba-fennel-seeds-250g-2.png
katoomba-fennel-seeds-250g,KATOOMBA FENNEL SEEDS 250G,$ 3.50,"Grocery , seasonings / coconut cream",,,,http://kingsspiceminimart.com.au/wp-content/uploads/2025/11/WhatsAppImage2025-01-08at14.13.13_3d51d24c.webp,https://kingsspiceminimart.com.au/product/katoomba-fennel-seeds-250g/,kingsspice_export/images/katoomba-fennel-seeds-250g.webp
katoomba-fenugreek-500g,KATOOMBA FENUGREEK 500G,$ 3.90,"Grocery , seasonings / coconut cream",Katoomba,,,http://kingsspiceminimart.com.au/wp-content/uploads/2025/11/WhatsApp-Image-2025-04-11-at-08.26.15_75291fc1.webp,https://kingsspiceminimart.com.au/product/katoomba-fenugreek-500g/,kingsspice_export/images/katoomba-fenugreek-500g.webp
katoomba-garam-masala-powder-250g-2,KATOOMBA GARAM MASALA POWDER 250G,$ 3.50,"Grocery , seasonings / coconut cream",Katoomba,,,https://kingsspiceminimart.com.au/wp-content/uploads/2026/01/20e01419-0c3e-445c-b04b-575e0292ff96.jpg,https://kingsspiceminimart.com.au/product/katoomba-garam-masala-powder-250g-2/,kingsspice_export/images/katoomba-garam-masala-powder-250g-2.jpg
katoomba-garam-masala-powder-250g,KATOOMBA GARAM MASALA POWDER 250G,$ 3.50,"Grocery , seasonings / coconut cream",Katoomba,,,https://kingsspiceminimart.com.au/wp-content/uploads/2025/11/4683539.jpg,https://kingsspiceminimart.com.au/product/katoomba-garam-masala-powder-250g/,kingsspice_export/images/katoomba-garam-masala-powder-250g.jpg
katoomba-garam-masala-whole-100g-2,KATOOMBA GARAM MASALA WHOLE 100G,$ 3.90,"Grocery , pulses/ grains",Malabar Treats,,,http://kingsspiceminimart.com.au/wp-content/uploads/2026/01/86a30157-6aee-42ee-a871-aafbf2f1a867.jpg,https://kingsspiceminimart.com.au/product/katoomba-garam-masala-whole-100g-2/,kingsspice_export/images/katoomba-garam-masala-whole-100g-2.jpg
katoomba-garam-masala-whole-100g,KATOOMBA GARAM MASALA WHOLE 100G,$ 3.90,Uncategorized,,,,https://kingsspiceminimart.com.au/wp-content/uploads/2025/11/c48a3126c41f06a09490447789d5da73440f2a06.webp,https://kingsspiceminimart.com.au/product/katoomba-garam-masala-whole-100g/,kingsspice_export/images/katoomba-garam-masala-whole-100g.webp
katoomba-garlic-pappadam-100g-2,KATOOMBA GARLIC PAPPADAM 100G,$ 1.90,"Grocery , Snacks",Katoomba,,,http://kingsspiceminimart.com.au/wp-content/uploads/2026/01/25ed391e-e12e-4e9b-a026-ce84bdca3e31.jpg,https://kingsspiceminimart.com.au/product/katoomba-garlic-pappadam-100g-2/,kingsspice_export/images/katoomba-garlic-pappadam-100g-2.jpg
katoomba-garlic-pappadam-100g,KATOOMBA GARLIC PAPPADAM 100G,$ 1.90,Uncategorized,,,,https://kingsspiceminimart.com.au/wp-content/uploads/2025/11/Untitled-design-14-2.png,https://kingsspiceminimart.com.au/product/katoomba-garlic-pappadam-100g/,kingsspice_export/images/katoomba-garlic-pappadam-100g.png
katoomba-golden-seella-basmati-5kg,KATOOMBA GOLDEN SEELLA BASMATI 5KG,$ 19.00,"Basmati rice , Grocery , rice",Malabar Treats,,,https://kingsspiceminimart.com.au/wp-content/uploads/2026/01/439d1517-4ac7-4df1-9d76-f5b19b9d9e8b.jpg,https://kingsspiceminimart.com.au/product/katoomba-golden-seella-basmati-5kg/,kingsspice_export/images/katoomba-golden-seella-basmati-5kg.jpg
katoomba-golden-sella-basmati-5kg,KATOOMBA GOLDEN SELLA BASMATI 5KG,$ 19.00,"Grocery , rice",Katoomba,,,https://kingsspiceminimart.com.au/wp-content/uploads/2025/11/Golden-Sella-Basmati-FRONT-5kg-e6167240-640w.webp,https://kingsspiceminimart.com.au/product/katoomba-golden-sella-basmati-5kg/,kingsspice_export/images/katoomba-golden-sella-basmati-5kg.webp
katoomba-golden-sella-basmati-750g,KATOOMBA GOLDEN SELLA BASMATI 750G,$ 4.20,"Basmati rice , Grocery , rice",Katoomba,,,http://kingsspiceminimart.com.au/wp-content/uploads/2026/01/Untitled-design-58.png,https://kingsspiceminimart.com.au/product/katoomba-golden-sella-basmati-750g/,kingsspice_export/images/katoomba-golden-sella-basmati-750g.png
katoomba-golden-sella-basmati-rice-750g,KATOOMBA GOLDEN SELLA BASMATI RICE 750G,$ 4.20,"Grocery , rice",Katoomba,,,https://kingsspiceminimart.com.au/wp-content/uploads/2025/11/Untitled-design-15-2.png,https://kingsspiceminimart.com.au/product/katoomba-golden-sella-basmati-rice-750g/,kingsspice_export/images/katoomba-golden-sella-basmati-rice-750g.png
katoomba-great-northern-beans-1kg-2,KATOOMBA GREAT NORTHERN BEANS 1KG,$ 6.30,"Grocery , pulses/ grains",Katoomba,,,http://kingsspiceminimart.com.au/wp-content/uploads/2026/01/Untitled-design-59.png,https://kingsspiceminimart.com.au/product/katoomba-great-northern-beans-1kg-2/,kingsspice_export/images/katoomba-great-northern-beans-1kg-2.png
katoomba-great-northern-beans-1kg,KATOOMBA GREAT NORTHERN BEANS 1KG,$ 6.30,"Grocery , pulses/ grains",Katoomba,,,https://kingsspiceminimart.com.au/wp-content/uploads/2025/11/082962.avif,https://kingsspiceminimart.com.au/product/katoomba-great-northern-beans-1kg/,kingsspice_export/images/katoomba-great-northern-beans-1kg.avif
katoomba-greeen-chilli-312g,KATOOMBA GREEEN CHILLI 312G,$ 2.90,"Frozen Food , Processed/Preserved Vegetable & Fru",Katoomba,,,http://kingsspiceminimart.com.au/wp-content/uploads/2026/01/Untitled-design-60.png,https://kingsspiceminimart.com.au/product/katoomba-greeen-chilli-312g/,kingsspice_export/images/katoomba-greeen-chilli-312g.png
katoomba-green-chilli-312g,KATOOMBA GREEN CHILLI 312G,$ 2.90,"Grocery , seasonings / coconut cream",Katoomba,,,https://kingsspiceminimart.com.au/wp-content/uploads/2025/11/katoombagreenchilli312.webp,https://kingsspiceminimart.com.au/product/katoomba-green-chilli-312g/,kingsspice_export/images/katoomba-green-chilli-312g.webp
katoomba-green-lentils-laird-1kg,KATOOMBA GREEN LENTILS LAIRD 1KG,$ 4.50,"Grocery , pulses/ grains",Katoomba,,,https://kingsspiceminimart.com.au/wp-content/uploads/2026/01/Untitled-design-61.png,https://kingsspiceminimart.com.au/product/katoomba-green-lentils-laird-1kg/,kingsspice_export/images/katoomba-green-lentils-laird-1kg.png
katoomba-green-peas-312g-2,KATOOMBA GREEN PEAS 312G,$ 2.90,"Grocery , pulses/ grains",Katoomba,,,https://kingsspiceminimart.com.au/wp-content/uploads/2026/01/e63c0445-20c2-4311-bc42-f3b1545841d8.jpg,https://kingsspiceminimart.com.au/product/katoomba-green-peas-312g-2/,kingsspice_export/images/katoomba-green-peas-312g-2.jpg
katoomba-green-peas-312g,KATOOMBA GREEN PEAS 312G,$ 2.90,"Grocery , pulses/ grains",Katoomba,,,http://kingsspiceminimart.com.au/wp-content/uploads/2025/11/KatoombaMutter_GreenPeas312g.webp,https://kingsspiceminimart.com.au/product/katoomba-green-peas-312g/,kingsspice_export/images/katoomba-green-peas-312g.webp
katoomba-green-split-peas-1kg-2,KATOOMBA GREEN SPLIT PEAS 1KG,$ 3.90,"Grocery , pulses/ grains",Katoomba,,,https://kingsspiceminimart.com.au/wp-content/uploads/2026/01/af92a534-c343-4bdf-892e-f46fb5746ed1.jpg,https://kingsspiceminimart.com.au/product/katoomba-green-split-peas-1kg-2/,kingsspice_export/images/katoomba-green-split-peas-1kg-2.jpg
katoomba-green-split-peas-1kg,KATOOMBA GREEN SPLIT PEAS 1KG,$ 3.90,"Grocery , pulses/ grains",Katoomba,,,http://kingsspiceminimart.com.au/wp-content/uploads/2025/11/Katoomba-Green-Split-Peas-1kg.jpg,https://kingsspiceminimart.com.au/product/katoomba-green-split-peas-1kg/,kingsspice_export/images/katoomba-green-split-peas-1kg.jpg
katoomba-hot-spicy-samosa-1-26kg,KATOOMBA HOT & SPICY SAMOSA 1.26KG,$ 17.00,"Grocery , Snacks",Katoomba,,,http://kingsspiceminimart.com.au/wp-content/uploads/2025/11/Hot-Spicy-Samosa-18pcs-_E2_80_93-Katoomba_533x.webp,https://kingsspiceminimart.com.au/product/katoomba-hot-spicy-samosa-1-26kg/,kingsspice_export/images/katoomba-hot-spicy-samosa-1-26kg.webp
katoomba-hot-spicy-samosa-1-2kg,KATOOMBA HOT & SPICY SAMOSA 1.2KG,$ 17.00,"Frozen Food , Frozen RTC Snacks",Katoomba,,,https://kingsspiceminimart.com.au/wp-content/uploads/2026/01/Untitled-design-62.png,https://kingsspiceminimart.com.au/product/katoomba-hot-spicy-samosa-1-2kg/,kingsspice_export/images/katoomba-hot-spicy-samosa-1-2kg.png
katoomba-hot-spicy-samosa-560g-2,KATOOMBA HOT & SPICY SAMOSA 560G,$ 8.50,"Frozen Food , Frozen RTC Snacks",Katoomba,,,https://kingsspiceminimart.com.au/wp-content/uploads/2026/01/acc0b851-e2de-4496-a064-55529680b58e.jpg,https://kingsspiceminimart.com.au/product/katoomba-hot-spicy-samosa-560g-2/,kingsspice_export/images/katoomba-hot-spicy-samosa-560g-2.jpg
katoomba-hot-spicy-samosa-560g,KATOOMBA HOT & SPICY SAMOSA 560G,$ 8.50,"Grocery , Snacks",Katoomba,,,https://kingsspiceminimart.com.au/wp-content/uploads/2025/11/Katoomba_Samosa_8-Pack_Hot_Spicy_No-BG-640w.webp,https://kingsspiceminimart.com.au/product/katoomba-hot-spicy-samosa-560g/,kingsspice_export/images/katoomba-hot-spicy-samosa-560g.webp
katoomba-hot-sweet-samosa-560g-2,KATOOMBA HOT & SWEET SAMOSA  560G,$ 8.50,"Frozen Food , Frozen RTC Snacks",Katoomba,,,https://kingsspiceminimart.com.au/wp-content/uploads/2026/01/39ec45c9-7d3b-48ed-9223-fa5fa251d14f.jpg,https://kingsspiceminimart.com.au/product/katoomba-hot-sweet-samosa-560g-2/,kingsspice_export/images/katoomba-hot-sweet-samosa-560g-2.jpg
katoomba-hot-sweet-samosa-560g,KATOOMBA HOT & SWEET SAMOSA 560G,$ 8.50,"Grocery , Snacks",Katoomba,,,https://kingsspiceminimart.com.au/wp-content/uploads/2025/11/Katoomba_Samosa_18-Pack_Hot_Sweet_No-BG-1920w.webp,https://kingsspiceminimart.com.au/product/katoomba-hot-sweet-samosa-560g/,kingsspice_export/images/katoomba-hot-sweet-samosa-560g.webp
katoomba-lima-beans-1kg-2,KATOOMBA LIMA BEANS 1KG,$ 8.50,"Grocery , pulses/ grains",Katoomba,,,https://kingsspiceminimart.com.au/wp-content/uploads/2026/01/Untitled-design-63.png,https://kingsspiceminimart.com.au/product/katoomba-lima-beans-1kg-2/,kingsspice_export/images/katoomba-lima-beans-1kg-2.png
katoomba-lima-beans-1kg,KATOOMBA LIMA BEANS 1KG,$ 8.50,"Grocery , pulses/ grains",Katoomba,,,http://kingsspiceminimart.com.au/wp-content/uploads/2025/11/original-195.jpeg,https://kingsspiceminimart.com.au/product/katoomba-lima-beans-1kg/,kingsspice_export/images/katoomba-lima-beans-1kg.jpeg
katoomba-malabar-paratha-2kg-2,KATOOMBA MALABAR PARATHA 2KG,$ 15.00,"Frozen Food , frozen pastry sheets / dough",Katoomba,,,https://kingsspiceminimart.com.au/wp-content/uploads/2026/01/281b2be9-62e1-4f4b-89a2-494b0a51ad87.jpg,https://kingsspiceminimart.com.au/product/katoomba-malabar-paratha-2kg-2/,kingsspice_export/images/katoomba-malabar-paratha-2kg-2.jpg
katoomba-malabar-paratha-2kg,KATOOMBA MALABAR PARATHA 2KG,$ 15.00,"Frozen Food , Prepared meals",Katoomba,,,https://kingsspiceminimart.com.au/wp-content/uploads/2025/11/Untitled-design-16-2.png,https://kingsspiceminimart.com.au/product/katoomba-malabar-paratha-2kg/,kingsspice_export/images/katoomba-malabar-paratha-2kg.png
katoomba-mango-pulp-2,KATOOMBA MANGO PULP,$ 3.70,"Frozen Food , frozen pastry sheets / dough",Katoomba,,,https://kingsspiceminimart.com.au/wp-content/uploads/2026/01/b45aa64a-57f3-4892-9c26-d0ee70ed0b07.jpg,https://kingsspiceminimart.com.au/product/katoomba-mango-pulp-2/,kingsspice_export/images/katoomba-mango-pulp-2.jpg
katoomba-mango-pulp,KATOOMBA MANGO PULP,$ 3.70,"Grocery , meal accompaniments , processed /preserved fish - meat",Katoomba,,,https://kingsspiceminimart.com.au/wp-content/uploads/2025/11/Untitled-1_9de5e5f0-dd3a-4f49-ae3b-278678036647.webp,https://kingsspiceminimart.com.au/product/katoomba-mango-pulp/,kingsspice_export/images/katoomba-mango-pulp.webp
katoomba-methi-312g-2,KATOOMBA METHI 312G,$ 2.90,"Frozen Food , Processed/Preserved Vegetable & Fru",Katoomba,,,https://kingsspiceminimart.com.au/wp-content/uploads/2026/01/1e00d624-b36c-4ed2-b2ef-b2c37521dbb2.jpg,https://kingsspiceminimart.com.au/product/katoomba-methi-312g-2/,kingsspice_export/images/katoomba-methi-312g-2.jpg
katoomba-methi-312g,KATOOMBA METHI 312G,$ 2.90,"Grocery , seasonings / coconut cream",,,,https://kingsspiceminimart.com.au/wp-content/uploads/2025/11/c74da68f9a24373f87d75cdae216f82603296fd8.webp,https://kingsspiceminimart.com.au/product/katoomba-methi-312g/,kingsspice_export/images/katoomba-methi-312g.webp
katoomba-mung-beans-berken-1kg,KATOOMBA MUNG BEANS BERKEN 1KG,$ 4.50,"Grocery , pulses/ grains",Katoomba,,,https://kingsspiceminimart.com.au/wp-content/uploads/2026/01/69441cfa-5e74-4e26-ad66-d473e55f09ab.jpg,https://kingsspiceminimart.com.au/product/katoomba-mung-beans-berken-1kg/,kingsspice_export/images/katoomba-mung-beans-berken-1kg.jpg
katoomba-mung-beans-celera-1kg,KATOOMBA MUNG BEANS CELERA 1KG,$ 4.90,pulses/ grains,Katoomba,,,http://kingsspiceminimart.com.au/wp-content/uploads/2025/11/Mung-Beans-Small-1kg-Katoomba-download.webp,https://kingsspiceminimart.com.au/product/katoomba-mung-beans-celera-1kg/,kingsspice_export/images/katoomba-mung-beans-celera-1kg.webp
katoomba-mung-beans-celeria-1kg,KATOOMBA MUNG BEANS CELERIA 1KG,$ 4.90,"Grocery , pulses/ grains",Katoomba,,,https://kingsspiceminimart.com.au/wp-content/uploads/2026/01/c5288b1a-4344-4c71-a058-92062ee521b9-1.jpg,https://kingsspiceminimart.com.au/product/katoomba-mung-beans-celeria-1kg/,kingsspice_export/images/katoomba-mung-beans-celeria-1kg.jpg
katoomba-mung-split-1kg,KATOOMBA MUNG SPLIT 1KG,$ 4.90,"Grocery , pulses/ grains",Katoomba,,,https://kingsspiceminimart.com.au/wp-content/uploads/2025/11/Katoomba-MungSplitChilka-1Kg-FRONT-w-640w.webp,https://kingsspiceminimart.com.au/product/katoomba-mung-split-1kg/,kingsspice_export/images/katoomba-mung-split-1kg.webp
katoomba-mung-splits-1kg,KATOOMBA MUNG SPLITS 1KG,$ 4.90,"Grocery , pulses/ grains",Katoomba,,,https://kingsspiceminimart.com.au/wp-content/uploads/2026/01/531bcc97-4ce3-4059-b173-259333eb6e50.jpg,https://kingsspiceminimart.com.au/product/katoomba-mung-splits-1kg/,kingsspice_export/images/katoomba-mung-splits-1kg.jpg
katoomba-mustard-whole-250g-2,KATOOMBA MUSTARD WHOLE 250G,$ 2.70,"Grocery , pulses/ grains",Katoomba,,,https://kingsspiceminimart.com.au/wp-content/uploads/2026/01/Untitled-design-64.png,https://kingsspiceminimart.com.au/product/katoomba-mustard-whole-250g-2/,kingsspice_export/images/katoomba-mustard-whole-250g-2.png
katoomba-mustard-whole-250g,KATOOMBA MUSTARD WHOLE 250G,$ 2.70,"Grocery , seasonings / coconut cream",Katoomba,,,https://kingsspiceminimart.com.au/wp-content/uploads/2025/11/mustard_black.webp,https://kingsspiceminimart.com.au/product/katoomba-mustard-whole-250g/,kingsspice_export/images/katoomba-mustard-whole-250g.webp
katoomba-mustard-whole-500g,KATOOMBA MUSTARD WHOLE 500G,$ 3.90,"Grocery , seasonings / coconut cream",Katoomba,,,https://kingsspiceminimart.com.au/wp-content/uploads/2025/11/Mustard-Seeds-500g-Katoomba.jpg,https://kingsspiceminimart.com.au/product/katoomba-mustard-whole-500g/,kingsspice_export/images/katoomba-mustard-whole-500g.jpg
katoomba-ord-river-chick-peas-1kg-2,KATOOMBA ORD RIVER CHICK PEAS 1KG,$ 5.80,"Grocery , pulses/ grains",Katoomba,,,https://kingsspiceminimart.com.au/wp-content/uploads/2026/01/Untitled-design-65.png,https://kingsspiceminimart.com.au/product/katoomba-ord-river-chick-peas-1kg-2/,kingsspice_export/images/katoomba-ord-river-chick-peas-1kg-2.png
katoomba-ord-river-chick-peas-1kg,KATOOMBA ORD RIVER CHICK PEAS 1KG,$ 5.80,"Grocery , pulses/ grains",Katoomba,,,https://kingsspiceminimart.com.au/wp-content/uploads/2025/11/images.jpg,https://kingsspiceminimart.com.au/product/katoomba-ord-river-chick-peas-1kg/,kingsspice_export/images/katoomba-ord-river-chick-peas-1kg.jpg
katoomba-original-samosa-560g,KATOOMBA ORIGINAL SAMOSA 560G,$ 7.50,"Frozen Food , Frozen RTC Snacks",Katoomba,,,https://kingsspiceminimart.com.au/wp-content/uploads/woocommerce-placeholder-600x600.webp,https://kingsspiceminimart.com.au/product/katoomba-original-samosa-560g/,kingsspice_export/images/katoomba-original-samosa-560g.webp
katoomba-panipuri-chutney-220g-2,KATOOMBA PANIPURI CHUTNEY 220G,$ 2.90,"Grocery , suaces",Katoomba,,,https://kingsspiceminimart.com.au/wp-content/uploads/2026/01/ded51041-2082-4135-9e8b-131edfc8d3dd.jpg,https://kingsspiceminimart.com.au/product/katoomba-panipuri-chutney-220g-2/,kingsspice_export/images/katoomba-panipuri-chutney-220g-2.jpg
katoomba-panipuri-chutney-220g,KATOOMBA PANIPURI CHUTNEY 220G,$ 2.90,"Grocery , meal accompaniments",Katoomba,,,https://kingsspiceminimart.com.au/wp-content/uploads/2025/11/Panipuri-chutney-640w.webp,https://kingsspiceminimart.com.au/product/katoomba-panipuri-chutney-220g/,kingsspice_export/images/katoomba-panipuri-chutney-220g.webp
katoomba-paprika-250g,KATOOMBA PAPRIKA 250G,$ 4.20,"Grocery , pulses/ grains",Katoomba,,,https://kingsspiceminimart.com.au/wp-content/uploads/2026/01/Untitled-design-66.png,https://kingsspiceminimart.com.au/product/katoomba-paprika-250g/,kingsspice_export/images/katoomba-paprika-250g.png
katoomba-phool-makhana-100g-2,KATOOMBA PHOOL MAKHANA 100G,$ 5.90,"Grocery , pulses/ grains",Katoomba,,,https://kingsspiceminimart.com.au/wp-content/uploads/2026/01/Untitled-design-67.png,https://kingsspiceminimart.com.au/product/katoomba-phool-makhana-100g-2/,kingsspice_export/images/katoomba-phool-makhana-100g-2.png
katoomba-phool-makhana-100g,KATOOMBA PHOOL MAKHANA 100G,$ 5.90,"Grocery , Snacks",Katoomba,,,https://kingsspiceminimart.com.au/wp-content/uploads/2025/11/KT-Phool-Makhana-100g.jpg,https://kingsspiceminimart.com.au/product/katoomba-phool-makhana-100g/,kingsspice_export/images/katoomba-phool-makhana-100g.jpg
katoomba-plain-pappadam-100g-2,KATOOMBA PLAIN PAPPADAM 100G,$ 1.90,"Frozen Food , frozen pastry sheets / dough , Grocery",Katoomba,,,https://kingsspiceminimart.com.au/wp-content/uploads/2026/01/Untitled-design-68.png,https://kingsspiceminimart.com.au/product/katoomba-plain-pappadam-100g-2/,kingsspice_export/images/katoomba-plain-pappadam-100g-2.png
katoomba-plain-pappadam-100g,KATOOMBA PLAIN PAPPADAM 100G,$ 1.90,"Grocery , meal accompaniments",,,,https://kingsspiceminimart.com.au/wp-content/uploads/2025/11/Katoomba-Plain-Pap-FRONT-w-1f36e26a-640w.webp,https://kingsspiceminimart.com.au/product/katoomba-plain-pappadam-100g/,kingsspice_export/images/katoomba-plain-pappadam-100g.webp
katoomba-poona-beans-1kg-2,KATOOMBA POONA BEANS 1KG,$ 6.90,"Grocery , pulses/ grains",Katoomba,,,https://kingsspiceminimart.com.au/wp-content/uploads/2026/01/1e99365c-58fa-43b1-b0b9-411fe92f29c5.jpg,https://kingsspiceminimart.com.au/product/katoomba-poona-beans-1kg-2/,kingsspice_export/images/katoomba-poona-beans-1kg-2.jpg
katoomba-poona-beans-1kg,KATOOMBA POONA BEANS 1KG,$ 6.90,"Grocery , pulses/ grains",Katoomba,,,http://kingsspiceminimart.com.au/wp-content/uploads/2025/11/Katoomba-PoonaBeans-1Kg-FRONT-w-640w.webp,https://kingsspiceminimart.com.au/product/katoomba-poona-beans-1kg/,kingsspice_export/images/katoomba-poona-beans-1kg.webp
katoomba-popcorn-1kg,KATOOMBA POPCORN 1KG,$ 3.80,"Frozen Food , Frozen RTC Snacks",Katoomba,,,https://kingsspiceminimart.com.au/wp-content/uploads/2026/01/b21b1d57-0621-4453-b2ac-5c27dd397d6f.jpg,https://kingsspiceminimart.com.au/product/katoomba-popcorn-1kg/,kingsspice_export/images/katoomba-popcorn-1kg.jpg
katoomba-premium-australian-chana-dal-1kg,Katoomba Premium Australian Chana dal 1kg,$ 2.99,"Grocery , pulses/ grains",Katoomba,,,http://kingsspiceminimart.com.au/wp-content/uploads/2025/11/4-3.png,https://kingsspiceminimart.com.au/product/katoomba-premium-australian-chana-dal-1kg/,kingsspice_export/images/katoomba-premium-australian-chana-dal-1kg.png
katoomba-premium-australian-red-lentils-split-1kg,Katoomba  Premium Australian Red Lentils ( split) 1kg,$ 2.99,"Grocery , pulses/ grains",Katoomba,,,https://kingsspiceminimart.com.au/wp-content/uploads/2025/11/7-2.png,https://kingsspiceminimart.com.au/product/katoomba-premium-australian-red-lentils-split-1kg/,kingsspice_export/images/katoomba-premium-australian-red-lentils-split-1kg.png
katoomba-premium-basmati-5kg-2,KATOOMBA PREMIUM BASMATI 5KG,$ 19.00,"Basmati rice , Grocery , rice",Katoomba,,,https://kingsspiceminimart.com.au/wp-content/uploads/2026/01/Untitled-design-69.png,https://kingsspiceminimart.com.au/product/katoomba-premium-basmati-5kg-2/,kingsspice_export/images/katoomba-premium-basmati-5kg-2.png
katoomba-premium-basmati-5kg,KATOOMBA PREMIUM BASMATI 5KG,$ 19.00,"Grocery , rice",Katoomba,,,https://kingsspiceminimart.com.au/wp-content/uploads/2025/11/155084.avif,https://kingsspiceminimart.com.au/product/katoomba-premium-basmati-5kg/,kingsspice_export/images/katoomba-premium-basmati-5kg.avif
katoomba-premium-bay-leaves-whole-25g,KATOOMBA PREMIUM BAY LEAVES WHOLE 25G,$ 2.20,"Grocery , pulses/ grains",Katoomba,,,http://kingsspiceminimart.com.au/wp-content/uploads/2026/01/Untitled-design-70.png,https://kingsspiceminimart.com.au/product/katoomba-premium-bay-leaves-whole-25g/,kingsspice_export/images/katoomba-premium-bay-leaves-whole-25g.png
katoomba-premium-clove-whole-100g-2,KATOOMBA PREMIUM CLOVE WHOLE 100G,$ 4.70,"Grocery , pulses/ grains",Katoomba,,,https://kingsspiceminimart.com.au/wp-content/uploads/2026/01/Untitled-design-71.png,https://kingsspiceminimart.com.au/product/katoomba-premium-clove-whole-100g-2/,kingsspice_export/images/katoomba-premium-clove-whole-100g-2.png
katoomba-premium-clove-whole-100g,KATOOMBA PREMIUM CLOVE WHOLE 100G,$ 4.70,"Grocery , seasonings / coconut cream",Katoomba,,,https://kingsspiceminimart.com.au/wp-content/uploads/2025/11/285032.avif,https://kingsspiceminimart.com.au/product/katoomba-premium-clove-whole-100g/,kingsspice_export/images/katoomba-premium-clove-whole-100g.avif
katoomba-premium-coriander-cumin-powder-2,KATOOMBA PREMIUM CORIANDER CUMIN POWDER 2,$ 2.90,"Grocery , seasonings / coconut cream",Katoomba,,,https://kingsspiceminimart.com.au/wp-content/uploads/2025/11/997150f5-6f75-4edc-88ed-3179c9cca1d0.jpg,https://kingsspiceminimart.com.au/product/katoomba-premium-coriander-cumin-powder-2/,kingsspice_export/images/katoomba-premium-coriander-cumin-powder-2.jpg
katoomba-premium-coriander-cumin-powder-250g,KATOOMBA PREMIUM CORIANDER CUMIN POWDER 250G,$ 2.90,"Grocery , pulses/ grains",Katoomba,,,https://kingsspiceminimart.com.au/wp-content/uploads/2026/01/KATOOMBA-PREMIUM-CORIANDER-CUMIN-POWDER-250G.jpg,https://kingsspiceminimart.com.au/product/katoomba-premium-coriander-cumin-powder-250g/,kingsspice_export/images/katoomba-premium-coriander-cumin-powder-250g.jpg
katoomba-premium-coriander-powder-1kg-2,KATOOMBA PREMIUM CORIANDER POWDER 1KG,$ 7.90,"Grocery , seasonings / coconut cream",Katoomba,,,https://kingsspiceminimart.com.au/wp-content/uploads/2026/01/Untitled-design-72.png,https://kingsspiceminimart.com.au/product/katoomba-premium-coriander-powder-1kg-2/,kingsspice_export/images/katoomba-premium-coriander-powder-1kg-2.png
katoomba-premium-coriander-powder-1kg,KATOOMBA PREMIUM CORIANDER POWDER 1KG,$ 7.20,"Grocery , seasonings / coconut cream",Katoomba,,,https://kingsspiceminimart.com.au/wp-content/uploads/2025/11/s-l1600.webp,https://kingsspiceminimart.com.au/product/katoomba-premium-coriander-powder-1kg/,kingsspice_export/images/katoomba-premium-coriander-powder-1kg.webp
katoomba-premium-coriander-powder-500g,KATOOMBA PREMIUM CORIANDER POWDER 500G,$ 5.20,"Grocery , seasonings / coconut cream",Katoomba,,,https://kingsspiceminimart.com.au/wp-content/uploads/2026/01/Untitled-design-73.png,https://kingsspiceminimart.com.au/product/katoomba-premium-coriander-powder-500g/,kingsspice_export/images/katoomba-premium-coriander-powder-500g.png
katoomba-premium-coriander-seeds-250g-2,KATOOMBA PREMIUM CORIANDER SEEDS 250G,$ 5.90,"Grocery , pulses/ grains",Katoomba,,,https://kingsspiceminimart.com.au/wp-content/uploads/2026/01/Untitled-design-74.png,https://kingsspiceminimart.com.au/product/katoomba-premium-coriander-seeds-250g-2/,kingsspice_export/images/katoomba-premium-coriander-seeds-250g-2.png
katoomba-premium-coriander-seeds-250g,KATOOMBA PREMIUM CORIANDER SEEDS 250G,$ 2.70,"Grocery , seasonings / coconut cream",Katoomba,,,https://kingsspiceminimart.com.au/wp-content/uploads/2025/11/284831.avif,https://kingsspiceminimart.com.au/product/katoomba-premium-coriander-seeds-250g/,kingsspice_export/images/katoomba-premium-coriander-seeds-250g.avif
katoomba-premium-cumin-powder-250g-2,KATOOMBA PREMIUM CUMIN POWDER 250G,$ 3.90,"Grocery , pulses/ grains",Katoomba,,,https://kingsspiceminimart.com.au/wp-content/uploads/2026/01/Untitled-design-75.png,https://kingsspiceminimart.com.au/product/katoomba-premium-cumin-powder-250g-2/,kingsspice_export/images/katoomba-premium-cumin-powder-250g-2.png
katoomba-premium-cumin-powder-250g,KATOOMBA PREMIUM CUMIN POWDER 250G,$ 3.90,"Grocery , seasonings / coconut cream",Katoomba,,,https://kingsspiceminimart.com.au/wp-content/uploads/2025/11/6009177.avif,https://kingsspiceminimart.com.au/product/katoomba-premium-cumin-powder-250g/,kingsspice_export/images/katoomba-premium-cumin-powder-250g.avif
katoomba-premium-fennel-seeds-500g-2,KATOOMBA PREMIUM FENNEL SEEDS 500G,$ 5.90,"Grocery , pulses/ grains",Katoomba,,,http://kingsspiceminimart.com.au/wp-content/uploads/2026/01/Untitled-design-76.png,https://kingsspiceminimart.com.au/product/katoomba-premium-fennel-seeds-500g-2/,kingsspice_export/images/katoomba-premium-fennel-seeds-500g-2.png
katoomba-premium-fennel-seeds-500g,KATOOMBA PREMIUM FENNEL SEEDS 500G,$ 5.90,"Grocery , seasonings / coconut cream",Katoomba,,,https://kingsspiceminimart.com.au/wp-content/uploads/2025/11/WhatsAppImage2025-01-08at14.13.13_3d51d24c-1.webp,https://kingsspiceminimart.com.au/product/katoomba-premium-fennel-seeds-500g/,kingsspice_export/images/katoomba-premium-fennel-seeds-500g.webp
katoomba-premium-fenugreek-whole-250g-2,KATOOMBA PREMIUM FENUGREEK WHOLE 250G,$ 3.10,"Grocery , pulses/ grains",Katoomba,,,http://kingsspiceminimart.com.au/wp-content/uploads/2026/01/Untitled-design-77.png,https://kingsspiceminimart.com.au/product/katoomba-premium-fenugreek-whole-250g-2/,kingsspice_export/images/katoomba-premium-fenugreek-whole-250g-2.png
katoomba-premium-fenugreek-whole-250g,KATOOMBA PREMIUM FENUGREEK WHOLE 250G,$ 3.10,"Grocery , seasonings / coconut cream",Katoomba,,,https://kingsspiceminimart.com.au/wp-content/uploads/2025/11/280401.avif,https://kingsspiceminimart.com.au/product/katoomba-premium-fenugreek-whole-250g/,kingsspice_export/images/katoomba-premium-fenugreek-whole-250g.avif
katoomba-premium-greeen-cardamom-100g,KATOOMBA PREMIUM GREEEN CARDAMOM 100G,$ 10.00,"Grocery , seasonings / coconut cream",Katoomba,,,https://kingsspiceminimart.com.au/wp-content/uploads/2026/01/KATOOMBA-PREMIUM-GREEEN-CARDAMOM-100G.jpg,https://kingsspiceminimart.com.au/product/katoomba-premium-greeen-cardamom-100g/,kingsspice_export/images/katoomba-premium-greeen-cardamom-100g.jpg
katoomba-premium-greeen-cardamom-50g,KATOOMBA PREMIUM GREEEN CARDAMOM 50G,$ 7.90,"Grocery , seasonings / coconut cream",Katoomba,,,https://kingsspiceminimart.com.au/wp-content/uploads/2026/01/Untitled-design-78.png,https://kingsspiceminimart.com.au/product/katoomba-premium-greeen-cardamom-50g/,kingsspice_export/images/katoomba-premium-greeen-cardamom-50g.png
katoomba-premium-green-cardamom-100g,KATOOMBA PREMIUM GREEN CARDAMOM 100G,$ 10.00,Uncategorized,,,,https://kingsspiceminimart.com.au/wp-content/uploads/2025/11/GreenCardamom100g-Katoomba.webp,https://kingsspiceminimart.com.au/product/katoomba-premium-green-cardamom-100g/,kingsspice_export/images/katoomba-premium-green-cardamom-100g.webp
katoomba-premium-green-cardamom-50g,KATOOMBA PREMIUM GREEN CARDAMOM 50G,$ 7.90,"Grocery , seasonings / coconut cream",Katoomba,,,https://kingsspiceminimart.com.au/wp-content/uploads/2025/11/6008435.avif,https://kingsspiceminimart.com.au/product/katoomba-premium-green-cardamom-50g/,kingsspice_export/images/katoomba-premium-green-cardamom-50g.avif
katoomba-premium-idly-rice-5kg-2,KATOOMBA PREMIUM IDLY RICE 5KG,$ 12.00,"Grocery , rice",Katoomba,,,http://kingsspiceminimart.com.au/wp-content/uploads/2026/01/Untitled-design-79.png,https://kingsspiceminimart.com.au/product/katoomba-premium-idly-rice-5kg-2/,kingsspice_export/images/katoomba-premium-idly-rice-5kg-2.png
katoomba-premium-idly-rice-5kg,KATOOMBA PREMIUM IDLY RICE 5KG,$ 12.00,"Grocery , rice",Katoomba,,,https://kingsspiceminimart.com.au/wp-content/uploads/2025/11/Idly-Rice-5kg-Katoomba-download.webp,https://kingsspiceminimart.com.au/product/katoomba-premium-idly-rice-5kg/,kingsspice_export/images/katoomba-premium-idly-rice-5kg.webp
katoomba-premium-moong-dal-1kg-2,KATOOMBA PREMIUM MOONG DAL 1KG,$ 4.50,"Grocery , pulses/ grains",Katoomba,,,http://kingsspiceminimart.com.au/wp-content/uploads/2026/01/MOONG-DHAL.jpg,https://kingsspiceminimart.com.au/product/katoomba-premium-moong-dal-1kg-2/,kingsspice_export/images/katoomba-premium-moong-dal-1kg-2.jpg
katoomba-premium-moong-dal-1kg,KATOOMBA PREMIUM MOONG DAL 1KG,$ 4.50,"Grocery , pulses/ grains",Katoomba,,,https://kingsspiceminimart.com.au/wp-content/uploads/2025/11/KatoombaMoongDal-1Kg-FRONT-w-640w.webp,https://kingsspiceminimart.com.au/product/katoomba-premium-moong-dal-1kg/,kingsspice_export/images/katoomba-premium-moong-dal-1kg.webp
katoomba-premium-ponni-rice-5kg-2,KATOOMBA PREMIUM PONNI RICE 5KG,$ 13.00,"Grocery , rice",Katoomba,,,https://kingsspiceminimart.com.au/wp-content/uploads/2026/01/Untitled-design-80.png,https://kingsspiceminimart.com.au/product/katoomba-premium-ponni-rice-5kg-2/,kingsspice_export/images/katoomba-premium-ponni-rice-5kg-2.png
katoomba-premium-ponni-rice-5kg,KATOOMBA PREMIUM PONNI RICE 5KG,$ 13.00,"Grocery , rice",Katoomba,,,https://kingsspiceminimart.com.au/wp-content/uploads/2025/11/Ponni-Parboiled-Rice-5kg-Katoomba.webp,https://kingsspiceminimart.com.au/product/katoomba-premium-ponni-rice-5kg/,kingsspice_export/images/katoomba-premium-ponni-rice-5kg.webp
katoomba-premium-red-chilli-powder-1kg-2,KATOOMBA PREMIUM RED CHILLI POWDER 1KG,$ 9.90,Uncategorized,Katoomba,,,https://kingsspiceminimart.com.au/wp-content/uploads/2026/01/Untitled-design-81.png,https://kingsspiceminimart.com.au/product/katoomba-premium-red-chilli-powder-1kg-2/,kingsspice_export/images/katoomba-premium-red-chilli-powder-1kg-2.png
katoomba-premium-red-chilli-powder-1kg,KATOOMBA PREMIUM RED CHILLI POWDER 1KG,$ 9.90,"Grocery , seasonings / coconut cream",Katoomba,,,https://kingsspiceminimart.com.au/wp-content/uploads/2025/11/Untitled-design-17-2.png,https://kingsspiceminimart.com.au/product/katoomba-premium-red-chilli-powder-1kg/,kingsspice_export/images/katoomba-premium-red-chilli-powder-1kg.png
katoomba-premium-red-chilli-powder-250g-2,KATOOMBA PREMIUM RED CHILLI POWDER 250G,$ 5.50,"Grocery , seasonings / coconut cream",Katoomba,,,https://kingsspiceminimart.com.au/wp-content/uploads/2026/01/KATOOMBA-PREMIUM-CUMIN-POWDER-250G.jpg,https://kingsspiceminimart.com.au/product/katoomba-premium-red-chilli-powder-250g-2/,kingsspice_export/images/katoomba-premium-red-chilli-powder-250g-2.jpg
katoomba-premium-red-chilli-powder-250g,KATOOMBA PREMIUM RED CHILLI POWDER 250G,$ 5.50,"Grocery , seasonings / coconut cream",Katoomba,,,https://kingsspiceminimart.com.au/wp-content/uploads/2025/11/81e6VGvVVJL._AC_UL600_SR600600_.jpg,https://kingsspiceminimart.com.au/product/katoomba-premium-red-chilli-powder-250g/,kingsspice_export/images/katoomba-premium-red-chilli-powder-250g.jpg
katoomba-premium-sona-masoori-5kg-2,KATOOMBA PREMIUM SONA MASOORI 5KG,$ 13.00,"Grocery , rice",Katoomba,,,https://kingsspiceminimart.com.au/wp-content/uploads/2026/01/Untitled-design-82.png,https://kingsspiceminimart.com.au/product/katoomba-premium-sona-masoori-5kg-2/,kingsspice_export/images/katoomba-premium-sona-masoori-5kg-2.png
katoomba-premium-sona-masoori-5kg,KATOOMBA PREMIUM SONA MASOORI 5KG,$ 13.00,"Grocery , rice",Katoomba,,,http://kingsspiceminimart.com.au/wp-content/uploads/2025/11/Premium-Andhra-Sona-Masoori-Rice-5kg-Katoomba-download.webp,https://kingsspiceminimart.com.au/product/katoomba-premium-sona-masoori-5kg/,kingsspice_export/images/katoomba-premium-sona-masoori-5kg.webp
katoomba-premium-toor-dal-1kg,Katoomba Premium toor dal 1kg,$ 2.99,"Grocery , pulses/ grains",Katoomba,,,https://kingsspiceminimart.com.au/wp-content/uploads/2025/11/2-2.png,https://kingsspiceminimart.com.au/product/katoomba-premium-toor-dal-1kg/,kingsspice_export/images/katoomba-premium-toor-dal-1kg.png
katoomba-premium-toor-dal-2kg,KATOOMBA PREMIUM TOOR DAL 2KG,$ 9.80,"Grocery , pulses/ grains",Katoomba,,,http://kingsspiceminimart.com.au/wp-content/uploads/2026/01/Untitled-design-83.png,https://kingsspiceminimart.com.au/product/katoomba-premium-toor-dal-2kg/,kingsspice_export/images/katoomba-premium-toor-dal-2kg.png
katoomba-punjabi-hot-spicy-25pcs-2,KATOOMBA PUNJABI HOT & SPICY 25PCS,$ 18.00,"Frozen Food , Frozen RTC Snacks",Katoomba,,,https://kingsspiceminimart.com.au/wp-content/uploads/2026/01/Untitled-design-84.png,https://kingsspiceminimart.com.au/product/katoomba-punjabi-hot-spicy-25pcs-2/,kingsspice_export/images/katoomba-punjabi-hot-spicy-25pcs-2.png
katoomba-punjabi-hot-spicy-25pcs,KATOOMBA PUNJABI HOT & SPICY 25PCS,$ 18.00,"Frozen Food , Frozen RTC Snacks",Katoomba,,,https://kingsspiceminimart.com.au/wp-content/uploads/2025/11/Untitled-design-18-2.png,https://kingsspiceminimart.com.au/product/katoomba-punjabi-hot-spicy-25pcs/,kingsspice_export/images/katoomba-punjabi-hot-spicy-25pcs.png
katoomba-punjabi-samosa-25pcs-2,KATOOMBA PUNJABI SAMOSA 25PCS,$ 13.00,"Frozen Food , Frozen RTC Snacks",Katoomba,,,https://kingsspiceminimart.com.au/wp-content/uploads/2026/01/Untitled-design-85.png,https://kingsspiceminimart.com.au/product/katoomba-punjabi-samosa-25pcs-2/,kingsspice_export/images/katoomba-punjabi-samosa-25pcs-2.png
katoomba-punjabi-samosa-25pcs,KATOOMBA PUNJABI SAMOSA 25PCS,$ 13.00,"Frozen Food , Frozen RTC Snacks",Katoomba,,,https://kingsspiceminimart.com.au/wp-content/uploads/2025/11/Untitled-design-19-2.png,https://kingsspiceminimart.com.au/product/katoomba-punjabi-samosa-25pcs/,kingsspice_export/images/katoomba-punjabi-samosa-25pcs.png
katoomba-ragi-flour-1kg-2,KATOOMBA RAGI FLOUR 1KG,$ 4.70,"flour , Grocery",Katoomba,,,http://kingsspiceminimart.com.au/wp-content/uploads/2026/01/Untitled-design-86.png,https://kingsspiceminimart.com.au/product/katoomba-ragi-flour-1kg-2/,kingsspice_export/images/katoomba-ragi-flour-1kg-2.png
katoomba-ragi-flour-1kg,KATOOMBA RAGI FLOUR 1KG,$ 4.70,"flour , Grocery",Katoomba,,,https://kingsspiceminimart.com.au/wp-content/uploads/2025/11/Katoomba_Ragi_Flour_1kg.jpg,https://kingsspiceminimart.com.au/product/katoomba-ragi-flour-1kg/,kingsspice_export/images/katoomba-ragi-flour-1kg.jpg
katoomba-red-chilli-kashmiri-500g-2,KATOOMBA RED CHILLI KASHMIRI 500G,$ 8.20,"Grocery , seasonings / coconut cream",Katoomba,,,https://kingsspiceminimart.com.au/wp-content/uploads/2026/01/KATOOMBA-RED-CHILLI-KASHMIRI-500G.jpg,https://kingsspiceminimart.com.au/product/katoomba-red-chilli-kashmiri-500g-2/,kingsspice_export/images/katoomba-red-chilli-kashmiri-500g-2.jpg
katoomba-red-chilli-kashmiri-500g,KATOOMBA RED CHILLI KASHMIRI 500G,$ 8.20,"Grocery , seasonings / coconut cream",Katoomba,,,https://kingsspiceminimart.com.au/wp-content/uploads/2025/11/kashmiri-red-chilli-78049220-1920w.webp,https://kingsspiceminimart.com.au/product/katoomba-red-chilli-kashmiri-500g/,kingsspice_export/images/katoomba-red-chilli-kashmiri-500g.webp
katoomba-red-chilli-powder-500g-2,KATOOMBA RED CHILLI POWDER 500G,$ 6.50,"Grocery , seasonings / coconut cream",Katoomba,,,http://kingsspiceminimart.com.au/wp-content/uploads/2026/01/Untitled-design-89.png,https://kingsspiceminimart.com.au/product/katoomba-red-chilli-powder-500g-2/,kingsspice_export/images/katoomba-red-chilli-powder-500g-2.png
katoomba-red-chilli-powder-500g,KATOOMBA RED CHILLI POWDER 500G,$ 6.50,"Grocery , seasonings / coconut cream",Katoomba,,,https://kingsspiceminimart.com.au/wp-content/uploads/2025/11/1e4d128bc57eaca983f5619bb0ca12f570dbecb0.webp,https://kingsspiceminimart.com.au/product/katoomba-red-chilli-powder-500g/,kingsspice_export/images/katoomba-red-chilli-powder-500g.webp
katoomba-red-chilli-powder-extra-hot-1kg-2,KATOOMBA RED CHILLI POWDER EXTRA HOT 1KG,$ 13.00,"Grocery , seasonings / coconut cream",Katoomba,,,https://kingsspiceminimart.com.au/wp-content/uploads/2026/01/Untitled-design-90.png,https://kingsspiceminimart.com.au/product/katoomba-red-chilli-powder-extra-hot-1kg-2/,kingsspice_export/images/katoomba-red-chilli-powder-extra-hot-1kg-2.png
katoomba-red-chilli-powder-extra-hot-1kg,KATOOMBA RED CHILLI POWDER EXTRA HOT 1KG,$ 13.00,"Grocery , seasonings / coconut cream",Katoomba,,,https://kingsspiceminimart.com.au/wp-content/uploads/2025/11/Untitled-design-21-2.png,https://kingsspiceminimart.com.au/product/katoomba-red-chilli-powder-extra-hot-1kg/,kingsspice_export/images/katoomba-red-chilli-powder-extra-hot-1kg.png
katoomba-red-chilli-powder-extra-hot-250g,KATOOMBA RED CHILLI POWDER (EXTRA HOT) 250G,$ 3.20,"Grocery , seasonings / coconut cream",Katoomba,,,https://kingsspiceminimart.com.au/wp-content/uploads/2026/01/Untitled-design-88.png,https://kingsspiceminimart.com.au/product/katoomba-red-chilli-powder-extra-hot-250g/,kingsspice_export/images/katoomba-red-chilli-powder-extra-hot-250g.png
katoomba-red-chilli-powder-extra-hot-500g,KATOOMBA RED CHILLI POWDER EXTRA HOT 500G,$ 6.50,"Grocery , seasonings / coconut cream",Katoomba,,,https://kingsspiceminimart.com.au/wp-content/uploads/2026/01/Untitled-design-91.png,https://kingsspiceminimart.com.au/product/katoomba-red-chilli-powder-extra-hot-500g/,kingsspice_export/images/katoomba-red-chilli-powder-extra-hot-500g.png
katoomba-red-chilli-powder-kashmiri-1kg-2,KATOOMBA RED CHILLI POWDER KASHMIRI 1KG,$ 15.00,"Grocery , seasonings / coconut cream",Katoomba,,,https://kingsspiceminimart.com.au/wp-content/uploads/2026/01/Untitled-design-87.png,https://kingsspiceminimart.com.au/product/katoomba-red-chilli-powder-kashmiri-1kg-2/,kingsspice_export/images/katoomba-red-chilli-powder-kashmiri-1kg-2.png
katoomba-red-chilli-powder-kashmiri-1kg,KATOOMBA RED CHILLI POWDER  KASHMIRI 1KG,$ 15.00,"Grocery , seasonings / coconut cream",Katoomba,,,http://kingsspiceminimart.com.au/wp-content/uploads/2025/11/Untitled-design-20-2.png,https://kingsspiceminimart.com.au/product/katoomba-red-chilli-powder-kashmiri-1kg/,kingsspice_export/images/katoomba-red-chilli-powder-kashmiri-1kg.png
katoomba-red-kidney-beans-light-1kg,KATOOMBA RED KIDNEY BEANS LIGHT 1KG,$ 5.90,"Grocery , pulses/ grains",Katoomba,,,https://kingsspiceminimart.com.au/wp-content/uploads/2025/11/c9e555b67e3bbc4173402986647ecf2cdd0dfd42.webp,https://kingsspiceminimart.com.au/product/katoomba-red-kidney-beans-light-1kg/,kingsspice_export/images/katoomba-red-kidney-beans-light-1kg.webp
katoomba-red-kidney-beans-light-500g,KATOOMBA RED KIDNEY BEANS LIGHT 500G,$ 5.90,"Grocery , pulses/ grains",Katoomba,,,http://kingsspiceminimart.com.au/wp-content/uploads/2026/01/kidney-ban-light.jpg,https://kingsspiceminimart.com.au/product/katoomba-red-kidney-beans-light-500g/,kingsspice_export/images/katoomba-red-kidney-beans-light-500g.jpg
katoomba-red-lentils-split-1kg,Katoomba  Red Lentils ( split) 1kg,$ 2.99,"Grocery , pulses/ grains",Katoomba,,,http://kingsspiceminimart.com.au/wp-content/uploads/2025/11/6-2.png,https://kingsspiceminimart.com.au/product/katoomba-red-lentils-split-1kg/,kingsspice_export/images/katoomba-red-lentils-split-1kg.png
katoomba-red-rice-flour-1kg,KATOOMBA RED RICE FLOUR 1KG,$ 4.70,"flour , Grocery",Katoomba,,,https://kingsspiceminimart.com.au/wp-content/uploads/2026/01/red-rice-flour-fine.jpg,https://kingsspiceminimart.com.au/product/katoomba-red-rice-flour-1kg/,kingsspice_export/images/katoomba-red-rice-flour-1kg.jpg
katoomba-rice-flour-fine-1kg,KATOOMBA RICE FLOUR FINE 1KG,$ 4.70,"flour , Grocery",Katoomba,,,http://kingsspiceminimart.com.au/wp-content/uploads/2025/11/Katoomba_Rice_Flour_1kg.webp,https://kingsspiceminimart.com.au/product/katoomba-rice-flour-fine-1kg/,kingsspice_export/images/katoomba-rice-flour-fine-1kg.webp
katoomba-roti-paratha-20pcs-2,KATOOMBA ROTI PARATHA 20PCS,$ 11.00,"Frozen Food , frozen pastry sheets / dough",Katoomba,,,https://kingsspiceminimart.com.au/wp-content/uploads/2026/01/Untitled-design-92.png,https://kingsspiceminimart.com.au/product/katoomba-roti-paratha-20pcs-2/,kingsspice_export/images/katoomba-roti-paratha-20pcs-2.png
katoomba-roti-paratha-20pcs,KATOOMBA ROTI PARATHA 20PCS,$ 11.00,"Frozen Food , Prepared meals",Katoomba,,,https://kingsspiceminimart.com.au/wp-content/uploads/2025/11/Katoomba-20-Pack-Roti-Lite-Bread-24-640w.webp,https://kingsspiceminimart.com.au/product/katoomba-roti-paratha-20pcs/,kingsspice_export/images/katoomba-roti-paratha-20pcs.webp
katoomba-roti-paratha-30pcs-2,KATOOMBA ROTI PARATHA 30PCS,$ 15.00,"Frozen Food , Prepared meals",Katoomba,,,https://kingsspiceminimart.com.au/wp-content/uploads/2025/11/Katoomba-30-Pack-Roti-Bread-24-640w.webp,https://kingsspiceminimart.com.au/product/katoomba-roti-paratha-30pcs-2/,kingsspice_export/images/katoomba-roti-paratha-30pcs-2.webp
katoomba-roti-paratha-30pcs-3,KATOOMBA ROTI PARATHA 30PCS,$ 15.00,"Frozen Food , frozen pastry sheets / dough",Katoomba,,,https://kingsspiceminimart.com.au/wp-content/uploads/2026/01/Untitled-design-93.png,https://kingsspiceminimart.com.au/product/katoomba-roti-paratha-30pcs-3/,kingsspice_export/images/katoomba-roti-paratha-30pcs-3.png
katoomba-roti-paratha-30pcs,Katoomba roti paratha 30pcs,$ 14.00,"Frozen Food , Prepared meals",Katoomba,,,https://kingsspiceminimart.com.au/wp-content/uploads/2025/11/Untitled-design-13-1.png,https://kingsspiceminimart.com.au/product/katoomba-roti-paratha-30pcs/,kingsspice_export/images/katoomba-roti-paratha-30pcs.png
katoomba-roti-paratha-lite-20pcs-2,KATOOMBA ROTI PARATHA LITE 20PCS,$ 11.00,"Frozen Food , frozen pastry sheets / dough",Katoomba,,,https://kingsspiceminimart.com.au/wp-content/uploads/2026/01/Untitled-design-94.png,https://kingsspiceminimart.com.au/product/katoomba-roti-paratha-lite-20pcs-2/,kingsspice_export/images/katoomba-roti-paratha-lite-20pcs-2.png
katoomba-roti-paratha-lite-20pcs,KATOOMBA ROTI PARATHA LITE 20PCS,$ 11.00,"Frozen Food , Prepared meals",Katoomba,,,http://kingsspiceminimart.com.au/wp-content/uploads/2025/11/WhatsApp-Image-2025-04-12-at-22.15.34_a04d7ffa.webp,https://kingsspiceminimart.com.au/product/katoomba-roti-paratha-lite-20pcs/,kingsspice_export/images/katoomba-roti-paratha-lite-20pcs.webp
katoomba-samosa-hot-sweet-1-267kg,KATOOMBA SAMOSA HOT & SWEET 1.267KG,$ 12.00,"Frozen Food , Frozen RTC Snacks",Katoomba,,,http://kingsspiceminimart.com.au/wp-content/uploads/2026/01/Katoomba_Samosa_18-Pack_Hot_Sweet_No-BG-640w.webp,https://kingsspiceminimart.com.au/product/katoomba-samosa-hot-sweet-1-267kg/,kingsspice_export/images/katoomba-samosa-hot-sweet-1-267kg.webp
katoomba-samosa-hotsweet-1-26kg,KATOOMBA SAMOSA HOT&SWEET 1.26KG,$ 12.00,"Frozen Food , Frozen RTC Snacks",Katoomba,,,https://kingsspiceminimart.com.au/wp-content/uploads/2025/11/Katoomba_Samosa_18-Pack_Hot_Sweet_No-BG-640w.webp,https://kingsspiceminimart.com.au/product/katoomba-samosa-hotsweet-1-26kg/,kingsspice_export/images/katoomba-samosa-hotsweet-1-26kg.webp
katoomba-samosa-original-1-267kg,KATOOMBA SAMOSA ORIGINAL 1.267KG,$ 12.00,"Frozen Food , Frozen RTC Snacks",Katoomba,,,https://kingsspiceminimart.com.au/wp-content/uploads/2026/01/download-2.jpg,https://kingsspiceminimart.com.au/product/katoomba-samosa-original-1-267kg/,kingsspice_export/images/katoomba-samosa-original-1-267kg.jpg
katoomba-samosa-original-560g,KATOOMBA SAMOSA ORIGINAL 560G,$ 7.50,"Frozen Food , Frozen RTC Snacks",Katoomba,,,https://kingsspiceminimart.com.au/wp-content/uploads/2025/11/icon-512-512-true-86efce34ceaf27f8d812621891623da8.png,https://kingsspiceminimart.com.au/product/katoomba-samosa-original-560g/,kingsspice_export/images/katoomba-samosa-original-560g.png
katoomba-sesame-1kg,KATOOMBA SESAME 1KG,$ 11.00,"Grocery , pulses/ grains",Katoomba,,,https://kingsspiceminimart.com.au/wp-content/uploads/2025/11/Untitled-design-37.png,https://kingsspiceminimart.com.au/product/katoomba-sesame-1kg/,kingsspice_export/images/katoomba-sesame-1kg.png
katoomba-tindora-312g-2,KATOOMBA TINDORA 312G,$ 2.90,"packed , Vegitables",Katoomba,,,https://kingsspiceminimart.com.au/wp-content/uploads/2026/01/Untitled-design-96.png,https://kingsspiceminimart.com.au/product/katoomba-tindora-312g-2/,kingsspice_export/images/katoomba-tindora-312g-2.png
katoomba-tindora-312g,KATOOMBA TINDORA 312G,$ 2.90,"packed , Vegitables",Katoomba,,,https://kingsspiceminimart.com.au/wp-content/uploads/2025/11/katoomba-tindora-frozen-vegetable-koval-ivygourd-indiangourd.webp,https://kingsspiceminimart.com.au/product/katoomba-tindora-312g/,kingsspice_export/images/katoomba-tindora-312g.webp
katoomba-toor-dal-1kg,KATOOMBA TOOR DAL 1KG,$ 2.90,"Grocery , pulses/ grains",Katoomba,,,https://kingsspiceminimart.com.au/wp-content/uploads/2025/11/katoomba-Toor-dal.webp,https://kingsspiceminimart.com.au/product/katoomba-toor-dal-1kg/,kingsspice_export/images/katoomba-toor-dal-1kg.webp
katoomba-tumeric-powder-1kg,KATOOMBA TUMERIC POWDER 1KG,$ 9.50,"Grocery , seasonings / coconut cream",Katoomba,,,https://kingsspiceminimart.com.au/wp-content/uploads/2025/11/11f35bfd0bbd82adc724bbebaa7436a4f5a34108.webp,https://kingsspiceminimart.com.au/product/katoomba-tumeric-powder-1kg/,kingsspice_export/images/katoomba-tumeric-powder-1kg.webp
katoomba-turmeric-powder-1kg,KATOOMBA TURMERIC POWDER 1KG,$ 9.50,"Grocery , pulses/ grains",Katoomba,,,https://kingsspiceminimart.com.au/wp-content/uploads/2026/01/1KG.webp,https://kingsspiceminimart.com.au/product/katoomba-turmeric-powder-1kg/,kingsspice_export/images/katoomba-turmeric-powder-1kg.webp
katoomba-turmeric-powder-250g-2,KATOOMBA TURMERIC POWDER 250G,$ 2.90,"Grocery , seasonings / coconut cream",Katoomba,,,https://kingsspiceminimart.com.au/wp-content/uploads/2026/01/250-TURMERIC.webp,https://kingsspiceminimart.com.au/product/katoomba-turmeric-powder-250g-2/,kingsspice_export/images/katoomba-turmeric-powder-250g-2.webp
katoomba-turmeric-powder-250g,KATOOMBA TURMERIC POWDER 250G,$ 2.90,"Grocery , seasonings / coconut cream",Katoomba,,,https://kingsspiceminimart.com.au/wp-content/uploads/2025/11/11f35bfd0bbd82adc724bbebaa7436a4f5a34108-1.webp,https://kingsspiceminimart.com.au/product/katoomba-turmeric-powder-250g/,kingsspice_export/images/katoomba-turmeric-powder-250g.webp
katoomba-turmeric-powder-500g-2,KATOOMBA TURMERIC POWDER 500G,$ 4.90,"Grocery , seasonings / coconut cream",Katoomba,,,https://kingsspiceminimart.com.au/wp-content/uploads/2026/01/500-TURMERIC.avif,https://kingsspiceminimart.com.au/product/katoomba-turmeric-powder-500g-2/,kingsspice_export/images/katoomba-turmeric-powder-500g-2.avif
katoomba-turmeric-powder-500g,KATOOMBA TURMERIC POWDER 500G,$ 4.90,"Grocery , pulses/ grains , seasonings / coconut cream",Katoomba,,,https://kingsspiceminimart.com.au/wp-content/uploads/2025/11/282530.avif,https://kingsspiceminimart.com.au/product/katoomba-turmeric-powder-500g/,kingsspice_export/images/katoomba-turmeric-powder-500g.avif
katoomba-urid-dal-1kg,KATOOMBA URID DAL 1KG,$ 4.90,"Grocery , pulses/ grains",Katoomba,,,http://kingsspiceminimart.com.au/wp-content/uploads/2026/01/Untitled-design-98.png,https://kingsspiceminimart.com.au/product/katoomba-urid-dal-1kg/,kingsspice_export/images/katoomba-urid-dal-1kg.png
katoomba-urid-gota-1kg,KATOOMBA URID GOTA 1KG,$ 5.50,"Grocery , pulses/ grains",Katoomba,,,https://kingsspiceminimart.com.au/wp-content/uploads/2026/01/GOTA.jpg,https://kingsspiceminimart.com.au/product/katoomba-urid-gota-1kg/,kingsspice_export/images/katoomba-urid-gota-1kg.jpg
katoomba-urid-split-1kg,KATOOMBA URID SPLIT 1KG,$ 4.80,"Grocery , seasonings / coconut cream",Katoomba,,,https://kingsspiceminimart.com.au/wp-content/uploads/2025/11/urid-plit-with-skin.webp,https://kingsspiceminimart.com.au/product/katoomba-urid-split-1kg/,kingsspice_export/images/katoomba-urid-split-1kg.webp
katoomba-vada-450g-2,KATOOMBA VADA 450G,$ 4.50,"Frozen Food , Frozen RTC Snacks",Katoomba,,,https://kingsspiceminimart.com.au/wp-content/uploads/2026/01/Untitled-design-99.png,https://kingsspiceminimart.com.au/product/katoomba-vada-450g-2/,kingsspice_export/images/katoomba-vada-450g-2.png
katoomba-vada-450g,KATOOMBA VADA 450G,$ 4.50,"Frozen Food , Frozen RTC Snacks",Katoomba,,,http://kingsspiceminimart.com.au/wp-content/uploads/2025/11/Untitled-design-38.png,https://kingsspiceminimart.com.au/product/katoomba-vada-450g/,kingsspice_export/images/katoomba-vada-450g.png
katoomba-vatara-white-peas-1kg-2,KATOOMBA VATARA WHITE PEAS 1KG,$ 3.70,"Grocery , pulses/ grains",Katoomba,,,http://kingsspiceminimart.com.au/wp-content/uploads/2026/01/Untitled-design-100.png,https://kingsspiceminimart.com.au/product/katoomba-vatara-white-peas-1kg-2/,kingsspice_export/images/katoomba-vatara-white-peas-1kg-2.png
katoomba-vatara-white-peas-1kg,KATOOMBA VATARA WHITE PEAS 1KG,$ 3.70,"Grocery , pulses/ grains",Katoomba,,,http://kingsspiceminimart.com.au/wp-content/uploads/2025/11/Untitled-design-23-3.png,https://kingsspiceminimart.com.au/product/katoomba-vatara-white-peas-1kg/,kingsspice_export/images/katoomba-vatara-white-peas-1kg.png
katoomba-veg-spring-rolls-1596,KATOOMBA VEG SPRING ROLLS 15*96,$ 21.00,"Frozen Food , Frozen RTC Snacks",Katoomba,,,http://kingsspiceminimart.com.au/wp-content/uploads/2026/01/ROLL.jpg,https://kingsspiceminimart.com.au/product/katoomba-veg-spring-rolls-1596/,kingsspice_export/images/katoomba-veg-spring-rolls-1596.jpg
katoomba-veg-spring-rolls-15x96,KATOOMBA VEG SPRING ROLLS 15X96,$ 21.00,"Frozen Food , Frozen RTC Snacks",Katoomba,,,http://kingsspiceminimart.com.au/wp-content/uploads/2025/11/KATOOMBA-COCKTAIL-VEGETABLE-SPRING-ROLL-1440G-640w.webp,https://kingsspiceminimart.com.au/product/katoomba-veg-spring-rolls-15x96/,kingsspice_export/images/katoomba-veg-spring-rolls-15x96.webp
katoomba-virgin-coconut-oil-700ml-2,KATOOMBA VIRGIN COCONUT OIL 700ML,$ 11.00,"Grocery , oil/ fats",Katoomba,,,https://kingsspiceminimart.com.au/wp-content/uploads/2025/11/KAtooomba-Coconut-OilA-de7361ae-640w-1.webp,https://kingsspiceminimart.com.au/product/katoomba-virgin-coconut-oil-700ml-2/,kingsspice_export/images/katoomba-virgin-coconut-oil-700ml-2.webp
katoomba-virgin-coconut-oil-700ml-3,KATOOMBA VIRGIN COCONUT OIL 700ML,$ 11.00,"Grocery , oil/ fats",Katoomba,,,https://kingsspiceminimart.com.au/wp-content/uploads/2026/01/download-3-1.jpg,https://kingsspiceminimart.com.au/product/katoomba-virgin-coconut-oil-700ml-3/,kingsspice_export/images/katoomba-virgin-coconut-oil-700ml-3.jpg
katoomba-virgin-coconut-oil-700ml,Katoomba Virgin Coconut Oil 700ml,$ 11.99,"Grocery , oil/ fats",Katoomba,,,https://kingsspiceminimart.com.au/wp-content/uploads/2025/11/KAtooomba-Coconut-OilA-de7361ae-640w.webp,https://kingsspiceminimart.com.au/product/katoomba-virgin-coconut-oil-700ml/,kingsspice_export/images/katoomba-virgin-coconut-oil-700ml.webp
katoomba-whole-meal-roti-paratha-30pcs,KATOOMBA WHOLE MEAL ROTI PARATHA 30PCS,$ 15.00,"Frozen Food , frozen pastry sheets / dough",Katoomba,,,https://kingsspiceminimart.com.au/wp-content/uploads/2026/01/Untitled-design-2026-01-27T153251.235.png,https://kingsspiceminimart.com.au/product/katoomba-whole-meal-roti-paratha-30pcs/,kingsspice_export/images/katoomba-whole-meal-roti-paratha-30pcs.png
katoomba-whole-wheat-malabar-paratha-2kg,KATOOMBA WHOLE WHEAT MALABAR PARATHA 2KG,$ 14.00,"Frozen Food , frozen pastry sheets / dough",Katoomba,,,https://kingsspiceminimart.com.au/wp-content/uploads/2026/01/Untitled-design-2026-01-27T152514.503.png,https://kingsspiceminimart.com.au/product/katoomba-whole-wheat-malabar-paratha-2kg/,kingsspice_export/images/katoomba-whole-wheat-malabar-paratha-2kg.png
katoomba-whole-wmeal-roti-paratha-2kg,KATOOMBA WHOLE MEAL ROTI PARATHA 20PCS,$ 11.00,"Frozen Food , frozen pastry sheets / dough",Katoomba,,,https://kingsspiceminimart.com.au/wp-content/uploads/2026/01/Untitled-design-2026-01-27T153614.244.png,https://kingsspiceminimart.com.au/product/katoomba-whole-wmeal-roti-paratha-2kg/,kingsspice_export/images/katoomba-whole-wmeal-roti-paratha-2kg.png
katoomba-wholemeal-roti-paratha-30pcs,KATOOMBA WHOLEMEAL ROTI PARATHA 30PCS,$ 15.00,"Frozen Food , Prepared meals",Katoomba,,,https://kingsspiceminimart.com.au/wp-content/uploads/2025/11/orangewholemeal30pack-1920w.webp,https://kingsspiceminimart.com.au/product/katoomba-wholemeal-roti-paratha-30pcs/,kingsspice_export/images/katoomba-wholemeal-roti-paratha-30pcs.webp
katoomba-yellow-split-peas-1kg-2,KATOOMBA YELLOW SPLIT PEAS 1KG,$ 3.50,"Grocery , pulses/ grains",Katoomba,,,https://kingsspiceminimart.com.au/wp-content/uploads/2025/11/Katoomba-YellowSplitPeas-1Kg-FRONT-w-1920w.webp,https://kingsspiceminimart.com.au/product/katoomba-yellow-split-peas-1kg-2/,kingsspice_export/images/katoomba-yellow-split-peas-1kg-2.webp
katoomba-yellow-split-peas-1kg-3,KATOOMBA YELLOW SPLIT PEAS 1KG,$ 3.50,"Grocery , pulses/ grains",Katoomba,,,https://kingsspiceminimart.com.au/wp-content/uploads/2026/01/KATOOMBA-YELLOW-SPLIT-PEAS-1KG.jpg,https://kingsspiceminimart.com.au/product/katoomba-yellow-split-peas-1kg-3/,kingsspice_export/images/katoomba-yellow-split-peas-1kg-3.jpg
katoomba-yellow-split-peas-1kg,Katoomba Yellow split peas 1kg,$ 2.99,"Grocery , pulses/ grains",Katoomba,,,http://kingsspiceminimart.com.au/wp-content/uploads/2025/11/3-3.png,https://kingsspiceminimart.com.au/product/katoomba-yellow-split-peas-1kg/,kingsspice_export/images/katoomba-yellow-split-peas-1kg.png
kemchho-coconut-slices-340g,Kemchho Coconut Slices 340g,$ 4.75,"Frozen Food , Processed/Preserved Vegetable & Fru",Kemchho,,,https://kingsspiceminimart.com.au/wp-content/uploads/2025/11/Untitled-design-43.png,https://kingsspiceminimart.com.au/product/kemchho-coconut-slices-340g/,kingsspice_export/images/kemchho-coconut-slices-340g.png
kemchho-grated-coconut-454g,Kemchho Grated Coconut 454g,$ 5.95,"Frozen Food , Processed/Preserved Vegetable & Fru",Kemchho,,,https://kingsspiceminimart.com.au/wp-content/uploads/2025/11/Untitled-design-42.png,https://kingsspiceminimart.com.au/product/kemchho-grated-coconut-454g/,kingsspice_export/images/kemchho-grated-coconut-454g.png
kemchho-shredded-coconut-340g,Kemchho Shredded Coconut 340g,$ 4.90,"Frozen Food , Processed/Preserved Vegetable & Fru",Kemchho,,,https://kingsspiceminimart.com.au/wp-content/uploads/2025/11/Untitled-design-44.png,https://kingsspiceminimart.com.au/product/kemchho-shredded-coconut-340g/,kingsspice_export/images/kemchho-shredded-coconut-340g.png
kerala-taste-coconut-oil-2l,KERALA TASTE COCONUT OIL 2L,$ 22.00,"Grocery , oil/ fats",Kerala Taste,,,http://kingsspiceminimart.com.au/wp-content/uploads/2026/02/KERALA-TASTE-COCONUT-OIL-2L.webp,https://kingsspiceminimart.com.au/product/kerala-taste-coconut-oil-2l/,kingsspice_export/images/kerala-taste-coconut-oil-2l.webp
kerala-taste-pure-coconut-oil-1l,Kerala Taste Pure Coconut Oil 1L,$ 12.50,"Grocery , oil/ fats",Kerala Taste,,,https://kingsspiceminimart.com.au/wp-content/uploads/2025/11/CoconutOilKeralaTaste.webp,https://kingsspiceminimart.com.au/product/kerala-taste-pure-coconut-oil-1l/,kingsspice_export/images/kerala-taste-pure-coconut-oil-1l.webp
kerala-taste-pure-coconut-oil-2l,Kerala Taste Pure Coconut Oil 2l,$ 22.90,"Grocery , oil/ fats",Kerala Taste,,,https://kingsspiceminimart.com.au/wp-content/uploads/2025/11/IMG_2944_800x.webp,https://kingsspiceminimart.com.au/product/kerala-taste-pure-coconut-oil-2l/,kingsspice_export/images/kerala-taste-pure-coconut-oil-2l.webp
khomba-original-herbal-100g,KHOMBA ORIGINAL HERBAL 100G,$ 2.50,"bath / body , Household",,,,https://kingsspiceminimart.com.au/wp-content/uploads/2026/02/Untitled-design-2026-02-06T131804.185-1.png,https://kingsspiceminimart.com.au/product/khomba-original-herbal-100g/,kingsspice_export/images/khomba-original-herbal-100g.png
kitchen-treasures-chemba-puttu-podi-1kg,KITCHEN TREASURES CHEMBA PUTTU PODI 1KG,$ 5.10,"Grocery , pulses/ grains",,,,http://kingsspiceminimart.com.au/wp-content/uploads/2026/02/Untitled-design-2026-02-06T142103.623.png,https://kingsspiceminimart.com.au/product/kitchen-treasures-chemba-puttu-podi-1kg/,kingsspice_export/images/kitchen-treasures-chemba-puttu-podi-1kg.png
klf-pure-coconut-oil-1l,KLF Pure Coconut Oil 1l,$ 10.90,"Grocery , oil/ fats",KLF,,,https://kingsspiceminimart.com.au/wp-content/uploads/2025/11/303800.jpg,https://kingsspiceminimart.com.au/product/klf-pure-coconut-oil-1l/,kingsspice_export/images/klf-pure-coconut-oil-1l.jpg
klf-pure-coconut-oil-2l,KLF Pure Coconut Oil 2l,$ 21.50,"Grocery , oil/ fats",KLF,,,https://kingsspiceminimart.com.au/wp-content/uploads/2025/11/304175.jpg,https://kingsspiceminimart.com.au/product/klf-pure-coconut-oil-2l/,kingsspice_export/images/klf-pure-coconut-oil-2l.jpg
kumbakonam-filter-coffee-200g,KUMBAKONAM FILTER COFFEE 200G,$ 4.50,"Beverages , coffee",Katoomba,,,https://kingsspiceminimart.com.au/wp-content/uploads/2026/01/Untitled-design-35-1.png,https://kingsspiceminimart.com.au/product/kumbakonam-filter-coffee-200g/,kingsspice_export/images/kumbakonam-filter-coffee-200g.png
leafy-dried-sprats-sambol-150g,Leafy Dried Sprats Sambol 150g,$ 4.90,"Grocery , meal accompaniments , New Arrivals",Leafy,,,https://kingsspiceminimart.com.au/wp-content/uploads/2025/11/3-1.png,https://kingsspiceminimart.com.au/product/leafy-dried-sprats-sambol-150g/,kingsspice_export/images/leafy-dried-sprats-sambol-150g.png
leafy-moringa-powder-50g,Leafy Moringa Powder 50g,$ 6.90,"canned food / soup , Grocery , New Arrivals",Leafy,,,https://kingsspiceminimart.com.au/wp-content/uploads/2025/11/1.png,https://kingsspiceminimart.com.au/product/leafy-moringa-powder-50g/,kingsspice_export/images/leafy-moringa-powder-50g.png
leafy-moringa-spinach-soup-powder-50g,Leafy Moringa Spinach Soup Powder 50g,$ 6.90,"canned food / soup , Grocery , New Arrivals",Leafy,,,http://kingsspiceminimart.com.au/wp-content/uploads/2025/11/Fruits-1.png,https://kingsspiceminimart.com.au/product/leafy-moringa-spinach-soup-powder-50g/,kingsspice_export/images/leafy-moringa-spinach-soup-powder-50g.png
leafy-neem-leaves-powder-50g,Leafy Neem Leaves Powder 50g,$ 6.50,"canned food / soup , Grocery , New Arrivals",Leafy,,,http://kingsspiceminimart.com.au/wp-content/uploads/2025/11/4-1.png,https://kingsspiceminimart.com.au/product/leafy-neem-leaves-powder-50g/,kingsspice_export/images/leafy-neem-leaves-powder-50g.png
leafy-special-coffee-powder-200g,Leafy Special Coffee Powder 200g,$ 6.99,"Beverages , coffee , New Arrivals",Leafy,,,http://kingsspiceminimart.com.au/wp-content/uploads/2025/11/2-1.png,https://kingsspiceminimart.com.au/product/leafy-special-coffee-powder-200g/,kingsspice_export/images/leafy-special-coffee-powder-200g.png
leela-pure-gingelly-oil-750ml,LEELA PURE GINGELLY OIL 750ML,$ 15.00,"Grocery , oil/ fats",,,,https://kingsspiceminimart.com.au/wp-content/uploads/2026/02/LEELA-PURE-GINGELLY-OIL-750ML.jpg,https://kingsspiceminimart.com.au/product/leela-pure-gingelly-oil-750ml/,kingsspice_export/images/leela-pure-gingelly-oil-750ml.jpg
lifebuoy-oliveoil-honey-75g,LIFEBUOY OLIVEOIL & HONEY 75G,$ 2.00,"bath / body , Household",,,,https://kingsspiceminimart.com.au/wp-content/uploads/2026/02/LIFEBUOY-LEMON-FRESH-98G.jpg,https://kingsspiceminimart.com.au/product/lifebuoy-oliveoil-honey-75g/,kingsspice_export/images/lifebuoy-oliveoil-honey-75g.jpg
lipton-black-tea-50g,LIPTON BLACK TEA 50G,$ 3.50,"Beverages , Tea",,,,http://kingsspiceminimart.com.au/wp-content/uploads/2026/02/LIPTON-BLACK-TEA-50G.jpg,https://kingsspiceminimart.com.au/product/lipton-black-tea-50g/,kingsspice_export/images/lipton-black-tea-50g.jpg
lipton-lemon-ice-tea-500ml,LIPTON LEMON ICE TEA 500ML,$ 3.70,"Beverages , Tea",,,,https://kingsspiceminimart.com.au/wp-content/uploads/2026/02/Untitled-design-2026-02-17T161940.038.png,https://kingsspiceminimart.com.au/product/lipton-lemon-ice-tea-500ml/,kingsspice_export/images/lipton-lemon-ice-tea-500ml.png
lipton-yellow-label-danedar-tea-475g,LIPTON YELLOW LABEL DANEDAR TEA 475G,$ 12.00,"Beverages , Tea",,,,http://kingsspiceminimart.com.au/wp-content/uploads/2026/02/LIPTON-YELLOW-LABEL-DANEDAR-TEA-475G.jpg,https://kingsspiceminimart.com.au/product/lipton-yellow-label-danedar-tea-475g/,kingsspice_export/images/lipton-yellow-label-danedar-tea-475g.jpg
liril-lime-tea-tree-oil-125g,LIRIL LIME & TEA TREE OIL 125G,$ 3.20,"bath / body , Household",,,,https://kingsspiceminimart.com.au/wp-content/uploads/2026/02/download-9.jpg,https://kingsspiceminimart.com.au/product/liril-lime-tea-tree-oil-125g/,kingsspice_export/images/liril-lime-tea-tree-oil-125g.jpg
lux-fresh-glow-98g,LUX FRESH GLOW 98G,$ 2.50,"bath / body , Household",,,,http://kingsspiceminimart.com.au/wp-content/uploads/2026/02/download-11.jpg,https://kingsspiceminimart.com.au/product/lux-fresh-glow-98g/,kingsspice_export/images/lux-fresh-glow-98g.jpg
lux-radiant-glow-150g,LUX RADIANT GLOW 150G,$ 2.50,"bath / body , Household",,,,https://kingsspiceminimart.com.au/wp-content/uploads/2026/02/Untitled-design-2026-02-06T133202.047.png,https://kingsspiceminimart.com.au/product/lux-radiant-glow-150g/,kingsspice_export/images/lux-radiant-glow-150g.png
m-p-lingam-gingelly-oil-635ml,M.P.LINGAM GINGELLY OIL 635ML,$ 16.00,"Grocery , oil/ fats",,,,http://kingsspiceminimart.com.au/wp-content/uploads/2026/02/Untitled-design-2026-02-23T161237.798.png,https://kingsspiceminimart.com.au/product/m-p-lingam-gingelly-oil-635ml/,kingsspice_export/images/m-p-lingam-gingelly-oil-635ml.png
m-p-lingam-pure-gingelly-oil-240ml,M.P.LINGAM PURE GINGELLY OIL 240ML,$ 8.50,"Grocery , oil/ fats",,,,https://kingsspiceminimart.com.au/wp-content/uploads/2026/02/Untitled-design-2026-02-23T161436.022.png,https://kingsspiceminimart.com.au/product/m-p-lingam-pure-gingelly-oil-240ml/,kingsspice_export/images/m-p-lingam-pure-gingelly-oil-240ml.png
malabar-treats-achappam-170g,MALABAR TREATS ACHAPPAM 170G,$ 3.95,"Frozen Food , Frozen RTC Snacks",Malabar Treats,,,https://kingsspiceminimart.com.au/wp-content/uploads/2026/01/achappam-300x300-1.webp,https://kingsspiceminimart.com.au/product/malabar-treats-achappam-170g/,kingsspice_export/images/malabar-treats-achappam-170g.webp
malabar-treats-andhra-mixture-400g,MALABAR TREATS ANDHRA MIXTURE 400G,$ 5.50,"Grocery , Snacks",Malabar Treats,,,http://kingsspiceminimart.com.au/wp-content/uploads/2026/01/MALABAR-TREATS-ANDHRA-MIXTURE-400G.webp,https://kingsspiceminimart.com.au/product/malabar-treats-andhra-mixture-400g/,kingsspice_export/images/malabar-treats-andhra-mixture-400g.webp
malabar-treats-banana-chilli-chips-454g,MALABAR TREATS BANANA CHILLI CHIPS 454G,$ 9.50,"Frozen Food , Frozen RTC Snacks",Malabar Treats,,,https://kingsspiceminimart.com.au/wp-content/uploads/2026/01/BANANA-CHILLI-CHIPS-150G-300x300-1.webp,https://kingsspiceminimart.com.au/product/malabar-treats-banana-chilli-chips-454g/,kingsspice_export/images/malabar-treats-banana-chilli-chips-454g.webp
malabar-treats-banana-chilli-chips-908g,MALABAR TREATS BANANA CHILLI CHIPS 908G,,Uncategorized,,,,https://kingsspiceminimart.com.au/wp-content/uploads/2026/01/MALABAR-TREATS-BANANA-CHILLI-CHIPS-908G.png,https://kingsspiceminimart.com.au/product/malabar-treats-banana-chilli-chips-908g/,kingsspice_export/images/malabar-treats-banana-chilli-chips-908g.png
malabar-treats-banana-cut-chips-200g,MALABAR TREATS BANANA CUT CHIPS 200G,$ 3.99,"Grocery , Snacks",Malabar Treats,,,https://kingsspiceminimart.com.au/wp-content/uploads/2026/01/BANANA-CUT-CHIPS-200G-300x300-1.webp,https://kingsspiceminimart.com.au/product/malabar-treats-banana-cut-chips-200g/,kingsspice_export/images/malabar-treats-banana-cut-chips-200g.webp
malabar-treats-banana-fry-350g,MALABAR TREATS BANANA FRY 350G,$ 5.90,"Frozen Food , Frozen RTC Snacks",Malabar Treats,,,https://kingsspiceminimart.com.au/wp-content/uploads/2026/01/MALABAR-TREATS-BANANA-FRY-350G-1.png,https://kingsspiceminimart.com.au/product/malabar-treats-banana-fry-350g/,kingsspice_export/images/malabar-treats-banana-fry-350g.png
malabar-treats-banana-long-cut-400g,MALABAR TREATS BANANA LONG CUT 400G,$ 7.50,"Frozen Food , Frozen RTC Snacks",Malabar Treats,,,https://kingsspiceminimart.com.au/wp-content/uploads/2026/01/MALABAR-TREATS-BANANA-LONG-CUT-400G.webp,https://kingsspiceminimart.com.au/product/malabar-treats-banana-long-cut-400g/,kingsspice_export/images/malabar-treats-banana-long-cut-400g.webp
malabar-treats-bitter-gourd-chips-200g,MALABAR TREATS BITTER GOURD CHIPS 200G,$ 4.95,"Grocery , Snacks",Malabar Treats,,,https://kingsspiceminimart.com.au/wp-content/uploads/2026/01/BITTER-GOURD-CHIPS-200G-300x300-1.webp,https://kingsspiceminimart.com.au/product/malabar-treats-bitter-gourd-chips-200g/,kingsspice_export/images/malabar-treats-bitter-gourd-chips-200g.webp
malabar-treats-butter-murukku-454g,MALABAR TREATS BUTTER MURUKKU 454G,$ 6.30,"Grocery , Snacks",Malabar Treats,,,https://kingsspiceminimart.com.au/wp-content/uploads/2026/01/BUTTER-MURUKKU-400g-300x300-1.webp,https://kingsspiceminimart.com.au/product/malabar-treats-butter-murukku-454g/,kingsspice_export/images/malabar-treats-butter-murukku-454g.webp
malabar-treats-cashew-shaped-biscuits-200g,MALABAR TREATS CASHEW SHAPED BISCUITS 200G,$ 4.99,"Biscuits , Grocery",Malabar Treats,,,https://kingsspiceminimart.com.au/wp-content/uploads/2026/01/CASHEW-SHAPED-BISCUITS-200G-300x300-1.webp,https://kingsspiceminimart.com.au/product/malabar-treats-cashew-shaped-biscuits-200g/,kingsspice_export/images/malabar-treats-cashew-shaped-biscuits-200g.webp
malabar-treats-diamond-cut-masala-200g,MALABAR TREATS DIAMOND CUT MASALA 200G,$ 3.50,"Frozen Food , Frozen RTC Snacks",Malabar Treats,,,http://kingsspiceminimart.com.au/wp-content/uploads/2026/01/DIAMOND-CUT-MASALA125G-300x300-1.webp,https://kingsspiceminimart.com.au/product/malabar-treats-diamond-cut-masala-200g/,kingsspice_export/images/malabar-treats-diamond-cut-masala-200g.webp
malabar-treats-garam-masala-mixture-400g,MALABAR TREATS GARAM MASALA MIXTURE 400G,$ 5.20,"Grocery , Snacks",Malabar Treats,,,http://kingsspiceminimart.com.au/wp-content/uploads/2026/01/GARAM-MASALA-MIXTURE-400G-300x300-1.webp,https://kingsspiceminimart.com.au/product/malabar-treats-garam-masala-mixture-400g/,kingsspice_export/images/malabar-treats-garam-masala-mixture-400g.webp
malabar-treats-garlic-mixture-400g,MALABAR TREATS GARLIC MIXTURE 400G,$ 5.20,"Grocery , Snacks",Malabar Treats,,,http://kingsspiceminimart.com.au/wp-content/uploads/2026/01/GARLIC-MIXTURE-400-G-300x300-1.webp,https://kingsspiceminimart.com.au/product/malabar-treats-garlic-mixture-400g/,kingsspice_export/images/malabar-treats-garlic-mixture-400g.webp
malabar-treats-gingelly-balls-200g,MALABAR TREATS GINGELLY BALLS 200G,$ 4.30,"Grocery , Snacks",Malabar Treats,,,https://kingsspiceminimart.com.au/wp-content/uploads/2026/01/GINGELLY-BALL-200G-300x300-1.webp,https://kingsspiceminimart.com.au/product/malabar-treats-gingelly-balls-200g/,kingsspice_export/images/malabar-treats-gingelly-balls-200g.webp
malabar-treats-gingerly-balls-black-200g,MALABAR TREATS GINGERLY BALLS BLACK 200G,$ 4.50,"Grocery , Snacks",Malabar Treats,,,https://kingsspiceminimart.com.au/wp-content/uploads/2026/01/MALABAR-TREATS-GINGERLY-BALLS-BLACK-200G.png,https://kingsspiceminimart.com.au/product/malabar-treats-gingerly-balls-black-200g/,kingsspice_export/images/malabar-treats-gingerly-balls-black-200g.png
malabar-treats-hot-and-spicy-mixture-400g,MALABAR TREATS HOT AND SPICY MIXTURE 400G,$ 5.20,"Grocery , Snacks",Malabar Treats,,,https://kingsspiceminimart.com.au/wp-content/uploads/2026/01/Untitled-design-2026-01-29T194952.544.png,https://kingsspiceminimart.com.au/product/malabar-treats-hot-and-spicy-mixture-400g/,kingsspice_export/images/malabar-treats-hot-and-spicy-mixture-400g.png
malabar-treats-jackfruit-chips-200g,MALABAR TREATS JACKFRUIT CHIPS 200G,$ 4.90,"Grocery , Snacks",Malabar Treats,,,http://kingsspiceminimart.com.au/wp-content/uploads/2026/01/MALABAR-TREATS-JACKFRUIT-CHIPS-200G.webp,https://kingsspiceminimart.com.au/product/malabar-treats-jackfruit-chips-200g/,kingsspice_export/images/malabar-treats-jackfruit-chips-200g.webp
malabar-treats-jackfruit-chips-400g,MALABAR TREATS JACKFRUIT CHIPS 400G,$ 9.50,"Grocery , Snacks",Malabar Treats,,,https://kingsspiceminimart.com.au/wp-content/uploads/2026/01/MALABAR-TREATS-JACKFRUIT-CHIPS-400G.jpg,https://kingsspiceminimart.com.au/product/malabar-treats-jackfruit-chips-400g/,kingsspice_export/images/malabar-treats-jackfruit-chips-400g.jpg
malabar-treats-jaggary-cubes-1kg,MALABAR TREATS JAGGARY CUBES 1KG,$ 5.65,"Grocery , sugar",Malabar Treats,,,https://kingsspiceminimart.com.au/wp-content/uploads/2026/01/MALABAR-TREATS-JAGGARY-CUBES-1KG.jpg,https://kingsspiceminimart.com.au/product/malabar-treats-jaggary-cubes-1kg/,kingsspice_export/images/malabar-treats-jaggary-cubes-1kg.jpg
malabar-treats-jaggary-powder-dark-1kg,MALABAR TREATS JAGGARY POWDER DARK 1KG,$ 6.75,"Grocery , sugar",Malabar Treats,,,https://kingsspiceminimart.com.au/wp-content/uploads/2026/01/Untitled-design-2026-01-29T182204.982.png,https://kingsspiceminimart.com.au/product/malabar-treats-jaggary-powder-dark-1kg/,kingsspice_export/images/malabar-treats-jaggary-powder-dark-1kg.png
malabar-treats-jaggary-round-yellow-1kg,MALABAR TREATS JAGGARY ROUND YELLOW 1KG,$ 6.35,"Grocery , sugar",Malabar Treats,,,https://kingsspiceminimart.com.au/wp-content/uploads/2026/01/Untitled-design-2026-01-29T181451.660.png,https://kingsspiceminimart.com.au/product/malabar-treats-jaggary-round-yellow-1kg/,kingsspice_export/images/malabar-treats-jaggary-round-yellow-1kg.png
malabar-treats-jaggary-round-yellow-500g,MALABAR TREATS JAGGARY ROUND YELLOW 500G,$ 3.95,"Grocery , sugar",Malabar Treats,,,https://kingsspiceminimart.com.au/wp-content/uploads/2026/01/Untitled-design-2026-01-29T181246.357.png,https://kingsspiceminimart.com.au/product/malabar-treats-jaggary-round-yellow-500g/,kingsspice_export/images/malabar-treats-jaggary-round-yellow-500g.png
malabar-treats-kerala-mixture-400g,MALABAR TREATS KERALA MIXTURE 400G,$ 5.80,"Frozen Food , Frozen RTC Snacks",Malabar Treats,,,https://kingsspiceminimart.com.au/wp-content/uploads/2026/01/Untitled-design-2026-01-29T180903.786.png,https://kingsspiceminimart.com.au/product/malabar-treats-kerala-mixture-400g/,kingsspice_export/images/malabar-treats-kerala-mixture-400g.png
malabar-treats-kerala-mixture-908g,MALABAR TREATS KERALA MIXTURE 908G,$ 11.99,"Frozen Food , Frozen RTC Snacks",Malabar Treats,,,https://kingsspiceminimart.com.au/wp-content/uploads/2026/02/images-4.jpg,https://kingsspiceminimart.com.au/product/malabar-treats-kerala-mixture-908g/,kingsspice_export/images/malabar-treats-kerala-mixture-908g.jpg
malabar-treats-kerala-mixture-extra-hot-400g,MALABAR TREATS KERALA MIXTURE EXTRA HOT 400G,$ 5.50,"Frozen Food , Frozen RTC Snacks",Malabar Treats,,,https://kingsspiceminimart.com.au/wp-content/uploads/2026/01/KERALA-MIXTURE-EXTRA-HOT-300x300-1.webp,https://kingsspiceminimart.com.au/product/malabar-treats-kerala-mixture-extra-hot-400g/,kingsspice_export/images/malabar-treats-kerala-mixture-extra-hot-400g.webp
malabar-treats-kozhikoden-banana-chips-200g,MALABAR TREATS KOZHIKODEN BANANA CHIPS 200G,$ 4.20,"Frozen Food , Frozen RTC Snacks",Malabar Treats,,,https://kingsspiceminimart.com.au/wp-content/uploads/2026/01/KOZHIKODEN-BANANA-CHIPS-200G.webp,https://kingsspiceminimart.com.au/product/malabar-treats-kozhikoden-banana-chips-200g/,kingsspice_export/images/malabar-treats-kozhikoden-banana-chips-200g.webp
malabar-treats-kozhikoden-banana-chips-400g,MALABAR TREATS KOZHIKODEN BANANA CHIPS 400G,$ 7.90,"Frozen Food , Frozen RTC Snacks",Malabar Treats,,,https://kingsspiceminimart.com.au/wp-content/uploads/2026/01/MALABAR-TREATS-KOZHIKODEN-BANANA-CHIPS-400G.webp,https://kingsspiceminimart.com.au/product/malabar-treats-kozhikoden-banana-chips-400g/,kingsspice_export/images/malabar-treats-kozhikoden-banana-chips-400g.webp
malabar-treats-kozhikoden-banana-chips-800g,MALABAR TREATS KOZHIKODEN BANANA CHIPS 800G,$ 12.90,"Frozen Food , Frozen RTC Snacks",Malabar Treats,,,https://kingsspiceminimart.com.au/wp-content/uploads/2026/01/MALABAR-TREATS-KOZHIKODEN-BANANA-CHIPS-800G.webp,https://kingsspiceminimart.com.au/product/malabar-treats-kozhikoden-banana-chips-800g/,kingsspice_export/images/malabar-treats-kozhikoden-banana-chips-800g.webp
malabar-treats-kozhikoden-mixture-400g,MALABAR TREATS KOZHIKODEN MIXTURE 400G,$ 4.90,"Frozen Food , Frozen RTC Snacks",Malabar Treats,,,https://kingsspiceminimart.com.au/wp-content/uploads/2026/01/MALABAR-TREATS-KOZHIKODEN-MIXTURE-400G.jpg,https://kingsspiceminimart.com.au/product/malabar-treats-kozhikoden-mixture-400g/,kingsspice_export/images/malabar-treats-kozhikoden-mixture-400g.jpg
malabar-treats-kuzhalappam-350g,MALABAR TREATS KUZHALAPPAM 350G,$ 4.95,"Frozen Food , Frozen RTC Snacks",Malabar Treats,,,http://kingsspiceminimart.com.au/wp-content/uploads/2026/01/KUZHALAPPAM-SALT-300x300-1.webp,https://kingsspiceminimart.com.au/product/malabar-treats-kuzhalappam-350g/,kingsspice_export/images/malabar-treats-kuzhalappam-350g.webp
malabar-treats-kuzhalappam-sweet-250g,MALABAR TREATS KUZHALAPPAM SWEET 250G,$ 4.90,"Frozen Food , Frozen RTC Snacks",Malabar Treats,,,http://kingsspiceminimart.com.au/wp-content/uploads/2026/01/KUZHALAPPAM-SWEET-300x300-1.webp,https://kingsspiceminimart.com.au/product/malabar-treats-kuzhalappam-sweet-250g/,kingsspice_export/images/malabar-treats-kuzhalappam-sweet-250g.webp
malabar-treats-madhura-seva-200g,MALABAR TREATS MADHURA SEVA 200G,$ 3.90,Snacks,Malabar Treats,,,http://kingsspiceminimart.com.au/wp-content/uploads/2026/01/MALABAR-TREATS-MADHURA-SEVA-200G.jpg,https://kingsspiceminimart.com.au/product/malabar-treats-madhura-seva-200g/,kingsspice_export/images/malabar-treats-madhura-seva-200g.jpg
malabar-treats-madras-mixture-400g,MALABAR TREATS MADRAS MIXTURE 400G,$ 5.50,"Grocery , Snacks",Malabar Treats,,,http://kingsspiceminimart.com.au/wp-content/uploads/2026/01/MADRAS-MIXTURE-400-G-300x300-1.webp,https://kingsspiceminimart.com.au/product/malabar-treats-madras-mixture-400g/,kingsspice_export/images/malabar-treats-madras-mixture-400g.webp
malabar-treats-malabar-mixture-400g,MALABAR TREATS MALABAR MIXTURE 400G,$ 5.50,"Grocery , Snacks",Malabar Treats,,,http://kingsspiceminimart.com.au/wp-content/uploads/2026/01/MALABAR-TREATS-MALABAR-MIXTURE-400G.webp,https://kingsspiceminimart.com.au/product/malabar-treats-malabar-mixture-400g/,kingsspice_export/images/malabar-treats-malabar-mixture-400g.webp
malabar-treats-marayoor-jaggary-powder-1kg,MALABAR TREATS MARAYOOR JAGGARY POWDER 1KG,$ 7.99,"Grocery , sugar",Malabar Treats,,,http://kingsspiceminimart.com.au/wp-content/uploads/2026/01/images-1.jpg,https://kingsspiceminimart.com.au/product/malabar-treats-marayoor-jaggary-powder-1kg/,kingsspice_export/images/malabar-treats-marayoor-jaggary-powder-1kg.jpg
malabar-treats-marayoor-jaggary-round-1kg,MALABAR TREATS MARAYOOR JAGGARY ROUND 1KG,$ 7.75,"Grocery , sugar",Malabar Treats,,,http://kingsspiceminimart.com.au/wp-content/uploads/2026/01/MARAYOOR-JAGGERY-BALL-300x300-1.webp,https://kingsspiceminimart.com.au/product/malabar-treats-marayoor-jaggary-round-1kg/,kingsspice_export/images/malabar-treats-marayoor-jaggary-round-1kg.webp
malabar-treats-masala-murukku-454g-2,MALABAR TREATS MASALA MURUKKU 454G,$ 6.20,"Frozen Food , Frozen RTC Snacks",Malabar Treats,,,https://kingsspiceminimart.com.au/wp-content/uploads/2026/02/download-25.jpg,https://kingsspiceminimart.com.au/product/malabar-treats-masala-murukku-454g-2/,kingsspice_export/images/malabar-treats-masala-murukku-454g-2.jpg
malabar-treats-masala-murukku-454g,MALABAR TREATS MASALA MURUKKU 454G,$ 6.20,"Frozen Food , Frozen RTC Snacks",Malabar Treats,,,https://kingsspiceminimart.com.au/wp-content/uploads/2026/01/MASALA-MURUKKU-150G-300x300-1.webp,https://kingsspiceminimart.com.au/product/malabar-treats-masala-murukku-454g/,kingsspice_export/images/malabar-treats-masala-murukku-454g.webp
malabar-treats-nannari-sharbat-750ml,MALABAR TREATS NANNARI SHARBAT 750ML,$ 7.50,"Chilled , chilled beverages",Malabar Treats,,,https://kingsspiceminimart.com.au/wp-content/uploads/2026/01/Untitled-design-2026-01-28T212104.696.png,https://kingsspiceminimart.com.au/product/malabar-treats-nannari-sharbat-750ml/,kingsspice_export/images/malabar-treats-nannari-sharbat-750ml.png
malabar-treats-nool-poratta-908g,MALABAR TREATS NOOL PORATTA 908G,$ 9.50,"Frozen Food , frozen pastry sheets / dough",Malabar Treats,,,https://kingsspiceminimart.com.au/wp-content/uploads/2026/01/NoolPorotta.webp,https://kingsspiceminimart.com.au/product/malabar-treats-nool-poratta-908g/,kingsspice_export/images/malabar-treats-nool-poratta-908g.webp
malabar-treats-onion-mixture-400g,MALABAR TREATS ONION MIXTURE 400G,$ 5.20,"Frozen Food , Frozen RTC Snacks",Malabar Treats,,,https://kingsspiceminimart.com.au/wp-content/uploads/2026/01/OION-MIXTURE-300x300-1.webp,https://kingsspiceminimart.com.au/product/malabar-treats-onion-mixture-400g/,kingsspice_export/images/malabar-treats-onion-mixture-400g.webp
malabar-treats-peanut-candy-ball-200g,MALABAR TREATS PEANUT CANDY BALL 200G,$ 4.20,"Frozen Food , Frozen RTC Snacks",Malabar Treats,,,https://kingsspiceminimart.com.au/wp-content/uploads/2026/01/PEANUT-CANDY-BALL-200G-300x300-1.webp,https://kingsspiceminimart.com.au/product/malabar-treats-peanut-candy-ball-200g/,kingsspice_export/images/malabar-treats-peanut-candy-ball-200g.webp
malabar-treats-peanut-candy-bar-200g,MALABAR TREATS PEANUT CANDY BAR 200G,$ 4.20,"Frozen Food , Frozen RTC Snacks",Malabar Treats,,,https://kingsspiceminimart.com.au/wp-content/uploads/2026/01/PEANUT-CANDY-BAR-200G-300x300-1.webp,https://kingsspiceminimart.com.au/product/malabar-treats-peanut-candy-bar-200g/,kingsspice_export/images/malabar-treats-peanut-candy-bar-200g.webp
malabar-treats-peanut-masala-200g,MALABAR TREATS PEANUT MASALA 200G,$ 4.50,"Frozen Food , Frozen RTC Snacks",Malabar Treats,,,https://kingsspiceminimart.com.au/wp-content/uploads/2026/01/PEANUT-MASALA-200G-300x300-1.webp,https://kingsspiceminimart.com.au/product/malabar-treats-peanut-masala-200g/,kingsspice_export/images/malabar-treats-peanut-masala-200g.webp
malabar-treats-potato-chilli-chips-200g,MALABAR TREATS POTATO CHILLI CHIPS 200G,$ 4.99,"Frozen Food , Frozen RTC Snacks",Malabar Treats,,,https://kingsspiceminimart.com.au/wp-content/uploads/2026/01/POTATO-CHILLI-CHIPS-200G-600x600-1.webp,https://kingsspiceminimart.com.au/product/malabar-treats-potato-chilli-chips-200g/,kingsspice_export/images/malabar-treats-potato-chilli-chips-200g.webp
malabar-treats-potato-pineapple-drops-200g,MALABAR TREATS POTATO PINEAPPLE DROPS 200G,$ 3.99,"Frozen Food , Frozen RTC Snacks",Malabar Treats,,,http://kingsspiceminimart.com.au/wp-content/uploads/2026/01/PINEAPPLE-DROPS-150G-600x600-1.webp,https://kingsspiceminimart.com.au/product/malabar-treats-potato-pineapple-drops-200g/,kingsspice_export/images/malabar-treats-potato-pineapple-drops-200g.webp
malabar-treats-puffed-rice-laddu-300g,MALABAR TREATS PUFFED RICE LADDU 300G,$ 3.99,"Frozen Food , Frozen RTC Snacks",Malabar Treats,,,https://kingsspiceminimart.com.au/wp-content/uploads/2026/01/PUFFED-RICE-LADDOO-1.webp,https://kingsspiceminimart.com.au/product/malabar-treats-puffed-rice-laddu-300g/,kingsspice_export/images/malabar-treats-puffed-rice-laddu-300g.webp
malabar-treats-pure-coconut-oil-2l-2,MALABAR TREATS PURE COCONUT OIL 2L,$ 20.00,"Grocery , oil/ fats",Malabar Treats,,,http://kingsspiceminimart.com.au/wp-content/uploads/2026/02/MALABAR-TREATS-PURE-COCONUT-OIL-2L.webp,https://kingsspiceminimart.com.au/product/malabar-treats-pure-coconut-oil-2l-2/,kingsspice_export/images/malabar-treats-pure-coconut-oil-2l-2.webp
malabar-treats-pure-coconut-oil-2l,Malabar treats Pure Coconut Oil 2l,$ 20.80,"Grocery , oil/ fats",,,,http://kingsspiceminimart.com.au/wp-content/uploads/2025/11/Coconut-Oil-2-Litre-_E2_80_93-Malabar.webp,https://kingsspiceminimart.com.au/product/malabar-treats-pure-coconut-oil-2l/,kingsspice_export/images/malabar-treats-pure-coconut-oil-2l.webp
malabar-treats-roasted-coconut-oil-908g-2,MALABAR TREATS ROASTED COCONUT OIL 908G,$ 12.00,"Grocery , oil/ fats",Malabar Treats,,,https://kingsspiceminimart.com.au/wp-content/uploads/2026/02/MALABAR-TREATS-ROASTED-COCONUT-OIL-908G.jpg,https://kingsspiceminimart.com.au/product/malabar-treats-roasted-coconut-oil-908g-2/,kingsspice_export/images/malabar-treats-roasted-coconut-oil-908g-2.jpg
malabar-treats-roasted-coconut-oil-908g,MALABAR TREATS ROASTED COCONUT OIL 908G,$ 12.50,"Grocery , oil/ fats",Malabar Treats,,,http://kingsspiceminimart.com.au/wp-content/uploads/2026/01/MT.Roasted.Coconut.Oil_.1.jpg,https://kingsspiceminimart.com.au/product/malabar-treats-roasted-coconut-oil-908g/,kingsspice_export/images/malabar-treats-roasted-coconut-oil-908g.jpg
malabar-treats-roasted-rava-1kg,MALABAR TREATS ROASTED RAVA 1KG,$ 4.99,"Grocery , pulses/ grains",Malabar Treats,,,https://kingsspiceminimart.com.au/wp-content/uploads/2026/01/Malabar_No1_Roasted_Rava_1Kg619839.jpg,https://kingsspiceminimart.com.au/product/malabar-treats-roasted-rava-1kg/,kingsspice_export/images/malabar-treats-roasted-rava-1kg.jpg
malabar-treats-soya-chunks-400g,MALABAR TREATS SOYA CHUNKS 400G,$ 4.95,"Grocery , soya meat",Malabar Treats,,,https://kingsspiceminimart.com.au/wp-content/uploads/2026/01/AAAA.webp,https://kingsspiceminimart.com.au/product/malabar-treats-soya-chunks-400g/,kingsspice_export/images/malabar-treats-soya-chunks-400g.webp
malabar-treats-special-murukku-300g,MALABAR TREATS SPECIAL MURUKKU 300G,$ 5.50,"Grocery , Snacks",Malabar Treats,,,https://kingsspiceminimart.com.au/wp-content/uploads/2026/01/SPECIAL-MURUKKU-300G.webp,https://kingsspiceminimart.com.au/product/malabar-treats-special-murukku-300g/,kingsspice_export/images/malabar-treats-special-murukku-300g.webp
malabar-treats-special-palak-murukku-454g,MALABAR TREATS SPECIAL PALAK MURUKKU 454G,$ 5.99,"Grocery , Snacks",Malabar Treats,,,https://kingsspiceminimart.com.au/wp-content/uploads/2026/01/Untitled-design-2026-01-27T192736.829.png,https://kingsspiceminimart.com.au/product/malabar-treats-special-palak-murukku-454g/,kingsspice_export/images/malabar-treats-special-palak-murukku-454g.png
malabar-treats-special-rice-murukku-454g,MALABAR TREATS SPECIAL RICE MURUKKU 454G,$ 6.20,"Grocery , Snacks",Malabar Treats,,,https://kingsspiceminimart.com.au/wp-content/uploads/2026/01/Untitled-design-2026-01-27T192424.395.png,https://kingsspiceminimart.com.au/product/malabar-treats-special-rice-murukku-454g/,kingsspice_export/images/malabar-treats-special-rice-murukku-454g.png
malabar-treats-sweet-banana-chips-200g-2,MALABAR TREATS SWEET BANANA CHIPS 200G,$ 3.95,"Grocery , Snacks",Malabar Treats,,,https://kingsspiceminimart.com.au/wp-content/uploads/2026/01/BANANA-SWEET-CHIPS-150G-300x300-1.webp,https://kingsspiceminimart.com.au/product/malabar-treats-sweet-banana-chips-200g-2/,kingsspice_export/images/malabar-treats-sweet-banana-chips-200g-2.webp
malabar-treats-sweet-banana-chips-200g,MALABAR TREATS SWEET BANANA CHIPS 200G,$ 4.50,"Frozen Food , Frozen RTC Snacks",Malabar Treats,,,https://kingsspiceminimart.com.au/wp-content/uploads/2026/01/MALABAR-TREATS-SWEETENED-BANANA-CHIPS-200G.webp,https://kingsspiceminimart.com.au/product/malabar-treats-sweet-banana-chips-200g/,kingsspice_export/images/malabar-treats-sweet-banana-chips-200g.webp
malabar-treats-sweetened-banana-chips-400g,MALABAR TREATS SWEETENED BANANA CHIPS 400G,$ 7.50,"Frozen Food , Frozen RTC Snacks",Malabar Treats,,,https://kingsspiceminimart.com.au/wp-content/uploads/2026/01/SWEETENED-BANANA-200G-300x300-1.webp,https://kingsspiceminimart.com.au/product/malabar-treats-sweetened-banana-chips-400g/,kingsspice_export/images/malabar-treats-sweetened-banana-chips-400g.webp
malabar-treats-tamarind-500g,MALABAR TREATS TAMARIND 500G,$ 5.75,"Grocery , pulses/ grains",Malabar Treats,,,https://kingsspiceminimart.com.au/wp-content/uploads/2026/01/161.webp,https://kingsspiceminimart.com.au/product/malabar-treats-tamarind-500g/,kingsspice_export/images/malabar-treats-tamarind-500g.webp
malabar-treats-tapioca-chips-masala-150g,MALABAR TREATS TAPIOCA CHIPS MASALA 150G,$ 3.80,"Frozen Food , Frozen RTC Snacks",Malabar Treats,,,https://kingsspiceminimart.com.au/wp-content/uploads/2026/01/TAPIOCA-CHIPS-MASALA-150G.webp,https://kingsspiceminimart.com.au/product/malabar-treats-tapioca-chips-masala-150g/,kingsspice_export/images/malabar-treats-tapioca-chips-masala-150g.webp
malabar-treats-tapioca-stick-masala-150g,MALABAR TREATS TAPIOCA STICK MASALA 150G,$ 3.80,"Frozen Food , Frozen RTC Snacks",Malabar Treats,,,https://kingsspiceminimart.com.au/wp-content/uploads/2026/01/TAPIOCA-STICK-MASALA-150G-300x300-1.webp,https://kingsspiceminimart.com.au/product/malabar-treats-tapioca-stick-masala-150g/,kingsspice_export/images/malabar-treats-tapioca-stick-masala-150g.webp
malabar-treats-tomato-murukku-170g,MALABAR TREATS TOMATO MURUKKU 170G,$ 3.50,"Grocery , Snacks",Malabar Treats,,,http://kingsspiceminimart.com.au/wp-content/uploads/2026/01/MALABAR-TREATS-TOMATO-MURUKKU-170G.webp,https://kingsspiceminimart.com.au/product/malabar-treats-tomato-murukku-170g/,kingsspice_export/images/malabar-treats-tomato-murukku-170g.webp
malabar-treats-tomato-murukku-400g,MALABAR TREATS TOMATO MURUKKU 400G,$ 5.99,"Grocery , Snacks",Malabar Treats,,,https://kingsspiceminimart.com.au/wp-content/uploads/2026/01/MURUKKU.jpg,https://kingsspiceminimart.com.au/product/malabar-treats-tomato-murukku-400g/,kingsspice_export/images/malabar-treats-tomato-murukku-400g.jpg
malabar-treats-unnakaya-350g,MALABAR TREATS UNNAKAYA 350G,$ 5.99,"Frozen Food , Frozen RTC Snacks",Malabar Treats,,,https://kingsspiceminimart.com.au/wp-content/uploads/2026/01/UNNAKAYA.jpg,https://kingsspiceminimart.com.au/product/malabar-treats-unnakaya-350g/,kingsspice_export/images/malabar-treats-unnakaya-350g.jpg
malabar-treats-wheat-parota-908g,MALABAR TREATS WHEAT PAROTA 908G,$ 9.50,"Frozen Food , frozen pastry sheets / dough",Malabar Treats,,,https://kingsspiceminimart.com.au/wp-content/uploads/2026/01/PAROTA.webp,https://kingsspiceminimart.com.au/product/malabar-treats-wheat-parota-908g/,kingsspice_export/images/malabar-treats-wheat-parota-908g.webp
malabar-treatsbombay-mixture-400g,MALABAR TREATSBOMBAY MIXTURE 400G,$ 5.50,"Grocery , Snacks",Malabar Treats,,,http://kingsspiceminimart.com.au/wp-content/uploads/2026/01/BOMBAY-MIXTURE-400G-300x300-1.webp,https://kingsspiceminimart.com.au/product/malabar-treatsbombay-mixture-400g/,kingsspice_export/images/malabar-treatsbombay-mixture-400g.webp
malabar-tretas-tapioca-chips-150g,MALABAR TRETAS TAPIOCA CHIPS 150G,$ 3.90,"Frozen Food , Frozen RTC Snacks",Malabar Treats,,,https://kingsspiceminimart.com.au/wp-content/uploads/2026/01/MALABAR-TRETAS-TAPIOCA-CHIPS-150G.webp,https://kingsspiceminimart.com.au/product/malabar-tretas-tapioca-chips-150g/,kingsspice_export/images/malabar-tretas-tapioca-chips-150g.webp
maliban-bran-cracker-210g,MALIBAN BRAN CRACKER 210G,$ 1.99,"Biscuits , Grocery",Maliban,,,https://kingsspiceminimart.com.au/wp-content/uploads/2025/11/Untitled-design-4.png,https://kingsspiceminimart.com.au/product/maliban-bran-cracker-210g/,kingsspice_export/images/maliban-bran-cracker-210g.png
maliban-cheesebits-245g,MALIBAN CHEESEBITS 245G,$ 5.75,"Biscuits , Grocery",,,,http://kingsspiceminimart.com.au/wp-content/uploads/2025/11/Untitled-design-5.png,https://kingsspiceminimart.com.au/product/maliban-cheesebits-245g/,kingsspice_export/images/maliban-cheesebits-245g.png
maliban-cheesebits-2x170g,MALIBAN CHEESEBITS 2X170G,$ 4.90,"Biscuits , Grocery",Maliban,,,http://kingsspiceminimart.com.au/wp-content/uploads/2025/11/1942_1_ori.jpeg,https://kingsspiceminimart.com.au/product/maliban-cheesebits-2x170g/,kingsspice_export/images/maliban-cheesebits-2x170g.jpeg
maliban-cheesebits-80g,MALIBAN CHEESEBITS 80G,$ 2.20,"Biscuits , Grocery",Maliban,,,https://kingsspiceminimart.com.au/wp-content/uploads/2025/11/Untitled-design-6.png,https://kingsspiceminimart.com.au/product/maliban-cheesebits-80g/,kingsspice_export/images/maliban-cheesebits-80g.png
maliban-chick-bits-270g,MALIBAN CHICK BITS 270G,$ 5.75,"Biscuits , Grocery",Maliban,,,http://kingsspiceminimart.com.au/wp-content/uploads/2025/11/Untitled-design-7.png,https://kingsspiceminimart.com.au/product/maliban-chick-bits-270g/,kingsspice_export/images/maliban-chick-bits-270g.png
maliban-chick-bits-sav-bis-80g,Maliban chick bits sav bis 80g,$ 1.99,"Biscuits , Grocery",Maliban,,,https://kingsspiceminimart.com.au/wp-content/uploads/2025/11/Untitled-design-8.png,https://kingsspiceminimart.com.au/product/maliban-chick-bits-sav-bis-80g/,kingsspice_export/images/maliban-chick-bits-sav-bis-80g.png
maliban-chocolate-cream-biscuit-400g,MALIBAN CHOCOLATE CREAM BISCUIT 400G,$ 2.90,"Biscuits , Grocery",Maliban,,,https://kingsspiceminimart.com.au/wp-content/uploads/2025/11/Untitled-design-9.png,https://kingsspiceminimart.com.au/product/maliban-chocolate-cream-biscuit-400g/,kingsspice_export/images/maliban-chocolate-cream-biscuit-400g.png
maliban-chocolate-cream-wafers-225g,MALIBAN CHOCOLATE CREAM WAFERS 225G,$ 3.50,"Biscuits , Grocery",Maliban,,,http://kingsspiceminimart.com.au/wp-content/uploads/2025/11/Untitled-design-11.png,https://kingsspiceminimart.com.au/product/maliban-chocolate-cream-wafers-225g/,kingsspice_export/images/maliban-chocolate-cream-wafers-225g.png
maliban-classique-assortment-500g,MALIBAN CLASSIQUE ASSORTMENT 500G,$ 6.99,"Biscuits , Grocery",Maliban,,,https://kingsspiceminimart.com.au/wp-content/uploads/2025/11/Untitled-design-14.png,https://kingsspiceminimart.com.au/product/maliban-classique-assortment-500g/,kingsspice_export/images/maliban-classique-assortment-500g.png
maliban-cream-cracker-190g,Maliban Cream Cracker 190g,$ 1.50,"Biscuits , Grocery",Maliban,,,https://kingsspiceminimart.com.au/wp-content/uploads/2025/11/Untitled-design-15.png,https://kingsspiceminimart.com.au/product/maliban-cream-cracker-190g/,kingsspice_export/images/maliban-cream-cracker-190g.png
maliban-cream-cracker-500g,MALIBAN CREAM CRACKER 500G,$ 4.20,"Biscuits , Grocery",Maliban,,,http://kingsspiceminimart.com.au/wp-content/uploads/2025/11/Untitled-design-16.png,https://kingsspiceminimart.com.au/product/maliban-cream-cracker-500g/,kingsspice_export/images/maliban-cream-cracker-500g.png
maliban-family-selection-1kg,MALIBAN FAMILY SELECTION 1KG,$ 8.50,"Biscuits , Grocery",Maliban,,,http://kingsspiceminimart.com.au/wp-content/uploads/2025/11/Untitled-design-17.png,https://kingsspiceminimart.com.au/product/maliban-family-selection-1kg/,kingsspice_export/images/maliban-family-selection-1kg.png
maliban-gem-sweet-bicuits-200g,MALIBAN GEM SWEET BICUITS 200G,$ 2.99,"Biscuits , Grocery",Maliban,,,http://kingsspiceminimart.com.au/wp-content/uploads/2025/11/Untitled-design-18.png,https://kingsspiceminimart.com.au/product/maliban-gem-sweet-bicuits-200g/,kingsspice_export/images/maliban-gem-sweet-bicuits-200g.png
maliban-gift-selection-biscuit-assortment-400g,MALIBAN GIFT SELECTION BISCUIT ASSORTMENT 400G,$ 4.70,"Biscuits , Grocery",Maliban,,,https://kingsspiceminimart.com.au/wp-content/uploads/2025/11/Untitled-design-19.png,https://kingsspiceminimart.com.au/product/maliban-gift-selection-biscuit-assortment-400g/,kingsspice_export/images/maliban-gift-selection-biscuit-assortment-400g.png
maliban-ginger-cookie-320g,MALIBAN GINGER COOKIE 320G,$ 2.90,"Biscuits , Grocery",Maliban,,,http://kingsspiceminimart.com.au/wp-content/uploads/2025/11/Untitled-design-20.png,https://kingsspiceminimart.com.au/product/maliban-ginger-cookie-320g/,kingsspice_export/images/maliban-ginger-cookie-320g.png
maliban-gold-marie-2x150g,MALIBAN GOLD MARIE 2X150G,$ 2.90,"Biscuits , Grocery",Maliban,,,https://kingsspiceminimart.com.au/wp-content/uploads/2025/11/Untitled-design-21.png,https://kingsspiceminimart.com.au/product/maliban-gold-marie-2x150g/,kingsspice_export/images/maliban-gold-marie-2x150g.png
maliban-gold-marie-330g,MALIBAN GOLD MARIE 330G,$ 3.25,"Biscuits , Grocery",Maliban,,,https://kingsspiceminimart.com.au/wp-content/uploads/2025/11/Untitled-design-22.png,https://kingsspiceminimart.com.au/product/maliban-gold-marie-330g/,kingsspice_export/images/maliban-gold-marie-330g.png
maliban-gold-marie-75g,maliban gold marie 75g,$ 2.00,"Biscuits , Grocery",Maliban,,,http://kingsspiceminimart.com.au/wp-content/uploads/2025/11/D-_Working-File_NEW-WEB_New-Product_2020-3_2020-12-26_maliban-gold-marie-biscuit-75g.jpg,https://kingsspiceminimart.com.au/product/maliban-gold-marie-75g/,kingsspice_export/images/maliban-gold-marie-75g.jpg
maliban-krisco-snack-crackers-215g,MALIBAN KRISCO SNACK CRACKERS 215G,$ 5.75,"Biscuits , Grocery",Maliban,,,http://kingsspiceminimart.com.au/wp-content/uploads/2025/11/Untitled-design-23.png,https://kingsspiceminimart.com.au/product/maliban-krisco-snack-crackers-215g/,kingsspice_export/images/maliban-krisco-snack-crackers-215g.png
maliban-lemon-puff-2x200g,MALIBAN LEMON PUFF 2X200G,$ 2.90,"Biscuits , Grocery",Maliban,,,http://kingsspiceminimart.com.au/wp-content/uploads/2025/11/Untitled-design-24.png,https://kingsspiceminimart.com.au/product/maliban-lemon-puff-2x200g/,kingsspice_export/images/maliban-lemon-puff-2x200g.png
mayil-coconut-oil-1l-2,MAYIL COCONUT OIL 1L,$ 14.00,"Grocery , oil/ fats",Mayil,,,https://kingsspiceminimart.com.au/wp-content/uploads/2026/02/MAYIL-COCONUT-OIL-1L.jpg,https://kingsspiceminimart.com.au/product/mayil-coconut-oil-1l-2/,kingsspice_export/images/mayil-coconut-oil-1l-2.jpg
mayil-coconut-oil-1l,Mayil Coconut Oil 1l,$ 14.50,"Grocery , oil/ fats",Mayil,,,https://kingsspiceminimart.com.au/wp-content/uploads/2025/11/8906005627018.jpg,https://kingsspiceminimart.com.au/product/mayil-coconut-oil-1l/,kingsspice_export/images/mayil-coconut-oil-1l.jpg
mayil-coconut-oil-2l,MAYIL COCONUT OIL 2L,$ 24.00,"Grocery , oil/ fats",Mayil,,,http://kingsspiceminimart.com.au/wp-content/uploads/2026/02/Untitled-design-2026-02-23T161843.539.png,https://kingsspiceminimart.com.au/product/mayil-coconut-oil-2l/,kingsspice_export/images/mayil-coconut-oil-2l.png
mayil-coffee-powder-100g,MAYIL COFFEE POWDER 100G,$ 3.50,"Beverages , coffee",Katoomba,,,http://kingsspiceminimart.com.au/wp-content/uploads/2026/01/Untitled-design-36.png,https://kingsspiceminimart.com.au/product/mayil-coffee-powder-100g/,kingsspice_export/images/mayil-coffee-powder-100g.png
mayil-ginger-coffee-powder-150g,MAYIL GINGER COFFEE POWDER 150G,$ 3.90,"Beverages , coffee",Katoomba,,,https://kingsspiceminimart.com.au/wp-content/uploads/2026/01/Untitled-design-37.png,https://kingsspiceminimart.com.au/product/mayil-ginger-coffee-powder-150g/,kingsspice_export/images/mayil-ginger-coffee-powder-150g.png
md-amberelle-chutney-460g,MD Amberelle Chutney 460G,$ 8.05,meal accompaniments,MD,"Amberella Pieces, Sugar, Vinegar, Chilli Powder, Ginger & Garlic Paste, Salt, Cinnamon, Cardamom, Cloves & Nutmeg Description Typical Values per 100 g Energy 264 kcal / 1103 kJ Protein 1.00 g Carbohydrates 63.99 g Minerals 1.64 g Fat 0.50 g",,https://kingsspiceminimart.com.au/wp-content/uploads/2025/10/umbrella-chutny.jpg,https://kingsspiceminimart.com.au/product/md-amberelle-chutney-460g/,kingsspice_export/images/md-amberelle-chutney-460g.jpg
md-banana-blossom-in-brine-560g,MD BANANA BLOSSOM IN BRINE 560G,$ 5.75,"Grocery , Uncategorized",MD,,,https://kingsspiceminimart.com.au/wp-content/uploads/2025/10/1_10_2f15a3b4-7e46-416e-956f-ddd24e6e6375_800x.webp,https://kingsspiceminimart.com.au/product/md-banana-blossom-in-brine-560g/,kingsspice_export/images/md-banana-blossom-in-brine-560g.webp
md-biryani-mix-360g,MD BIRYANI MIX 360G,$ 7.99,"dessert pre mix , Grocery , Uncategorized",MD,,,https://kingsspiceminimart.com.au/wp-content/uploads/2025/10/Untitled-design-60.jpg,https://kingsspiceminimart.com.au/product/md-biryani-mix-360g/,kingsspice_export/images/md-biryani-mix-360g.jpg
md-bread-fruit-curry-565g,MD BREAD FRUIT CURRY 565G,$ 7.20,"Grocery , Uncategorized",MD,,,http://kingsspiceminimart.com.au/wp-content/uploads/2025/10/Untitled-design-59.jpg,https://kingsspiceminimart.com.au/product/md-bread-fruit-curry-565g/,kingsspice_export/images/md-bread-fruit-curry-565g.jpg
md-cashew-curry-560g,MD CASHEW CURRY 560G,$ 6.20,"Grocery , Uncategorized",MD,,,https://kingsspiceminimart.com.au/wp-content/uploads/2025/10/Untitled-design-58.jpg,https://kingsspiceminimart.com.au/product/md-cashew-curry-560g/,kingsspice_export/images/md-cashew-curry-560g.jpg
md-chilli-garlic-sauce-400g,MD CHILLI GARLIC SAUCE 400G,$ 4.95,"Grocery , suaces",MD,"Tomato Paste, Water, Sugar, Garlic Pieces, Chillie Pieces, Vinegar, Ginger Juice, Salt, Cinnamon, Cardamom, Cloves, Nutmeg & Permitted Preservatives Potassium Sorbate (E 202) & Sodium Metabisulphite (E 223) Description Typical Values per 100 g Energy 128 kcal / 535 kJ Protein 1.36 g Carbohydrates 30.24 g Minerals 4.03 g Fat 0.17 g",,https://kingsspiceminimart.com.au/wp-content/uploads/2025/10/MD-CHILLI-GARLIC-SAUCE-400G.png,https://kingsspiceminimart.com.au/product/md-chilli-garlic-sauce-400g/,kingsspice_export/images/md-chilli-garlic-sauce-400g.png
md-chilli-sauce-400g,MD CHILLI SAUCE 400G,$ 5.25,"Grocery , suaces",MD,"Tomato Paste, Water, Sugar, Chilli powder, Vinegar, Ginger & Garlic paste, Salt, Cinnamon, Cardamom, Cloves, Nutmeg & Permitted Preservatives Potassium Sorbate (E 202) & Sodium Metabisulphite (E 223) Description Typical Values per 100 g Energy 192 kcal / 803 kJ Protein 1.53 g Carbohydrates 44.50 g Minerals 3.70 g Fat 0.91 g",,https://kingsspiceminimart.com.au/wp-content/uploads/2025/10/MD-CHILLI-SAUCE-400G.png,https://kingsspiceminimart.com.au/product/md-chilli-sauce-400g/,kingsspice_export/images/md-chilli-sauce-400g.png
md-chinese-chilli-paste-with-maldive-fish-270g,MD CHINESE CHILLI PASTE WITH MALDIVE FISH 270G,$ 6.90,Grocery,MD,"Chilli Pieces, Vegetable Oil, Maldive Fish Chips, Ginger & Garlic Paste, Sugar, Vinegar & SaltDescription Description Typical Values per 100 g Energy 269 kcal / 1124 kJ Protein 10.80 g Carbohydrates 31.70 g Minerals 11.90 g Fat 11.00 g Additional information Weight 455 g Product Weight 270 g",,https://kingsspiceminimart.com.au/wp-content/uploads/2025/10/Untitled-design-57.jpg,https://kingsspiceminimart.com.au/product/md-chinese-chilli-paste-with-maldive-fish-270g/,kingsspice_export/images/md-chinese-chilli-paste-with-maldive-fish-270g.jpg
md-chow-chow-preserve-480g,MD CHOW CHOW PRESERVE 480G,$ 8.50,"Grocery , processed /preserved fish - meat",MD,"Chow Chow Pieces, Sugar, Water & Citric Acid (E 330) Description Typical Values per 100 g Energy 328 kcal / 1369 kJ Protein 0.50 g Carbohydrates 78.00 g Minerals 0.20 g Fat 1.50 g",,http://kingsspiceminimart.com.au/wp-content/uploads/2025/10/Untitled-design-56.jpg,https://kingsspiceminimart.com.au/product/md-chow-chow-preserve-480g/,kingsspice_export/images/md-chow-chow-preserve-480g.jpg
md-coconut-treacle-350ml,MD COCONUT TREACLE 350ML,$ 5.75,Grocery,MD,Description Typical Values per 100 g Energy 302.9 kcal / 1266 kJ Protein 71.3 g Carbohydrates 0.6 g Minerals 0.2 g Fat 0.1 g,,https://kingsspiceminimart.com.au/wp-content/uploads/2025/10/MD-COCONUT-TREACLE-350ML.png,https://kingsspiceminimart.com.au/product/md-coconut-treacle-350ml/,kingsspice_export/images/md-coconut-treacle-350ml.png
md-coconut-vinegar-350ml,MD COCONUT VINEGAR 350ML,$ 3.50,Grocery,MD,"Coconut Water, Sugar",,https://kingsspiceminimart.com.au/wp-content/uploads/2025/10/MD-COCONUT-VINEGAR-350ML.png,https://kingsspiceminimart.com.au/product/md-coconut-vinegar-350ml/,kingsspice_export/images/md-coconut-vinegar-350ml.png
md-date-lime-chutney-450g,MD Date  Lime Chutney 450G,$ 5.45,Uncategorized,,"Dates, Sugar, Pickled Lime, Vinegar, Salt, Chilli Powder, Ginger & Garlic Paste, Cardamom, Cinnamon, Cloves & Nutmeg Powder Description Typical Values per 100 g Energy 233 kcal / 974 kJ Protein 0.29 g Carbohydrates 57.47 g Minerals 2.08 g Fat 0.23 g",,https://kingsspiceminimart.com.au/wp-content/uploads/2025/10/Untitled-design-55.jpg,https://kingsspiceminimart.com.au/product/md-date-lime-chutney-450g/,kingsspice_export/images/md-date-lime-chutney-450g.jpg
md-divul-kiri-500ml,MD DIVUL KIRI 500ML,$ 4.90,Grocery,MD,,,https://kingsspiceminimart.com.au/wp-content/uploads/2025/10/MD-DIVUL-KIRI-500ML.png,https://kingsspiceminimart.com.au/product/md-divul-kiri-500ml/,kingsspice_export/images/md-divul-kiri-500ml.png
md-extra-hot-chilli-sauce-400g,MD EXTRA HOT CHILLI SAUCE 400G,$ 4.95,"Grocery , suaces , Uncategorized",MD,"Tomato Paste, Water, Sugar, Chilli Powder, Vinegar, Salt, Ginger & Garlic Paste, Cloves, Nutmeg, Cinnamon, Cardamom & Permitted Preservatives Potassium Sorbate (E 202) & Sodium Metabisulphite (E 223) Description Typical Values per 100 g Energy 161 kcal / 673 kJ Protein 0.77 g Carbohydrates 36.55 g Minerals 3.30 g Fat 1.27 g",,http://kingsspiceminimart.com.au/wp-content/uploads/2025/10/MD-EXTRA-HOT-CHILLI-SAUCE-400G.png,https://kingsspiceminimart.com.au/product/md-extra-hot-chilli-sauce-400g/,kingsspice_export/images/md-extra-hot-chilli-sauce-400g.png
md-golden-syrup-480g,MD GOLDEN SYRUP 480G,$ 5.25,Grocery,MD,"Sugar, Water, Citric Acid (E 330) and Caramel Colour (E 150d) Description Typical Values per 100 g Energy 346 kcal / 1448 kJ Protein 0.10 g Carbohydrates 83.80 g Minerals 0.10 g Fat 1.20 g",,https://kingsspiceminimart.com.au/wp-content/uploads/2025/10/Untitled-design-54.jpg,https://kingsspiceminimart.com.au/product/md-golden-syrup-480g/,kingsspice_export/images/md-golden-syrup-480g.jpg
md-goraka-paste-350g,MD GORAKA PASTE 350G,$ 8.75,Grocery,MD,Description Typical Values per 100 g Energy 66.2 kcal / 277 kJ Protein 0.70 g Carbohydrates 14.50 g Minerals 1.20 g Fat 0.60 g,,https://kingsspiceminimart.com.au/wp-content/uploads/2025/10/MD-GORAKA-PASTE-350G.png,https://kingsspiceminimart.com.au/product/md-goraka-paste-350g/,kingsspice_export/images/md-goraka-paste-350g.png
md-green-chilli-sauce-400g,MD GREEN CHILLI SAUCE 400G,$ 7.50,"Grocery , suaces",MD,"Green chilli pulp, Sugar, Vinegar, Salt, Ginger & Garlic Paste, Cinnamon, Cardamom, Cloves, Nutmeg & Permitted Colours (E 102, E 133) Description Typical Values per 100 g Energy 102 kcal / 425 kJ Protein 2.36 g Carbohydrates 21.70 g Minerals 4.59 g Fat 0.61 g",,https://kingsspiceminimart.com.au/wp-content/uploads/2025/10/MD-GREEN-CHILLI-SAUCE-400G.png,https://kingsspiceminimart.com.au/product/md-green-chilli-sauce-400g/,kingsspice_export/images/md-green-chilli-sauce-400g.png
md-green-jak-curry-520g,MD GREEN JAK CURRY 520G,$ 7.20,Grocery,MD,,,https://kingsspiceminimart.com.au/wp-content/uploads/2025/10/MD-GREEN-JAK-CURRY-520G.png,https://kingsspiceminimart.com.au/product/md-green-jak-curry-520g/,kingsspice_export/images/md-green-jak-curry-520g.png
md-green-jak-fruit-in-brine-560g,MD GREEN JAK FRUIT IN BRINE 560G,$ 5.80,Grocery,MD,,,http://kingsspiceminimart.com.au/wp-content/uploads/2025/10/MD-GREEN-JAK-FRUIT-IN-BRINE-560G.png,https://kingsspiceminimart.com.au/product/md-green-jak-fruit-in-brine-560g/,kingsspice_export/images/md-green-jak-fruit-in-brine-560g.png
md-jack-seeds-in-brine-560g,MD JACK SEEDS IN BRINE 560G,$ 6.95,Grocery,MD,,,https://kingsspiceminimart.com.au/wp-content/uploads/2025/10/Untitled-design-53.jpg,https://kingsspiceminimart.com.au/product/md-jack-seeds-in-brine-560g/,kingsspice_export/images/md-jack-seeds-in-brine-560g.jpg
mdk-easy-hopper-flour-400g-2,MDK EASY HOPPER FLOUR 400G,$ 3.60,"flour , Grocery",MDK,,,https://kingsspiceminimart.com.au/wp-content/uploads/2025/11/mdk-rice-flour-easy-hopper-mix-400g.png,https://kingsspiceminimart.com.au/product/mdk-easy-hopper-flour-400g-2/,kingsspice_export/images/mdk-easy-hopper-flour-400g-2.png
mdk-easy-hopper-flour-400g,MDK EASY HOPPER FLOUR 400G,$ 3.60,Grocery,MDK,,,https://kingsspiceminimart.com.au/wp-content/uploads/2025/10/Untitled-design-10.png,https://kingsspiceminimart.com.au/product/mdk-easy-hopper-flour-400g/,kingsspice_export/images/mdk-easy-hopper-flour-400g.png
mdk-red-rice-string-hopper-flour-1kg,MDK RED RICE STRING HOPPER FLOUR 1KG,$ 4.75,"flour , Grocery",MDK,,,https://kingsspiceminimart.com.au/wp-content/uploads/2025/11/114445-01-1556128326.jpeg,https://kingsspiceminimart.com.au/product/mdk-red-rice-string-hopper-flour-1kg/,kingsspice_export/images/mdk-red-rice-string-hopper-flour-1kg.jpeg
mdk-red-rice-string-hopper-flour-700g-2,MDK RED RICE STRING HOPPER FLOUR 700G,$ 3.95,"flour , Grocery",MDK,,,http://kingsspiceminimart.com.au/wp-content/uploads/2025/11/114443-01-1644720580.jpeg,https://kingsspiceminimart.com.au/product/mdk-red-rice-string-hopper-flour-700g-2/,kingsspice_export/images/mdk-red-rice-string-hopper-flour-700g-2.jpeg
mdk-red-rice-string-hopper-flour-700g,MDK RED RICE STRING HOPPER FLOUR 700G,$ 3.95,"Grocery , Uncategorized",MDK,,,http://kingsspiceminimart.com.au/wp-content/uploads/2025/10/Untitled-design-11.png,https://kingsspiceminimart.com.au/product/mdk-red-rice-string-hopper-flour-700g/,kingsspice_export/images/mdk-red-rice-string-hopper-flour-700g.png
mdk-thosai-mix-400g-2,MDK THOSAI MIX 400G,$ 4.25,"flour , Grocery",MDK,,,http://kingsspiceminimart.com.au/wp-content/uploads/2025/11/Untitled-design-12.png,https://kingsspiceminimart.com.au/product/mdk-thosai-mix-400g-2/,kingsspice_export/images/mdk-thosai-mix-400g-2.png
mdk-thosai-mix-400g,MDK THOSAI MIX 400G,$ 4.25,Grocery,MDK,,,http://kingsspiceminimart.com.au/wp-content/uploads/2025/10/Untitled-design-12.png,https://kingsspiceminimart.com.au/product/mdk-thosai-mix-400g/,kingsspice_export/images/mdk-thosai-mix-400g.png
mdk-white-rice-string-hopper-flour-1kg-2,MDK WHITE RICE STRING HOPPER FLOUR 1KG,$ 4.25,"flour , Grocery",MDK,,,http://kingsspiceminimart.com.au/wp-content/uploads/2025/11/114444-01-1556128326.jpeg,https://kingsspiceminimart.com.au/product/mdk-white-rice-string-hopper-flour-1kg-2/,kingsspice_export/images/mdk-white-rice-string-hopper-flour-1kg-2.jpeg
mdk-white-rice-string-hopper-flour-1kg-3,MDK WHITE RICE STRING HOPPER FLOUR 700g,$ 3.95,"flour , Grocery",MDK,,,https://kingsspiceminimart.com.au/wp-content/uploads/2025/11/Pic48343.jpg,https://kingsspiceminimart.com.au/product/mdk-white-rice-string-hopper-flour-1kg-3/,kingsspice_export/images/mdk-white-rice-string-hopper-flour-1kg-3.jpg
mdk-white-rice-string-hopper-flour-700g,MDK WHITE RICE STRING HOPPER FLOUR 700G,$ 3.95,Grocery,MDK,,,https://kingsspiceminimart.com.au/wp-content/uploads/2025/10/Untitled-design-34.jpg,https://kingsspiceminimart.com.au/product/mdk-white-rice-string-hopper-flour-700g/,kingsspice_export/images/mdk-white-rice-string-hopper-flour-700g.jpg
medimix-ayurvedic-125g,MEDIMIX AYURVEDIC 125G,$ 3.50,"bath / body , Household",,,,https://kingsspiceminimart.com.au/wp-content/uploads/2026/02/Untitled-design-2026-02-06T132724.731.png,https://kingsspiceminimart.com.au/product/medimix-ayurvedic-125g/,kingsspice_export/images/medimix-ayurvedic-125g.png
mt-banana-chilly-chips-200g,MT BANANA CHILLY CHIPS 200G,$ 3.50,"Frozen Food , Frozen RTC Snacks",Malabar Treats,,,https://kingsspiceminimart.com.au/wp-content/uploads/2026/01/AAAAAAAAA.webp,https://kingsspiceminimart.com.au/product/mt-banana-chilly-chips-200g/,kingsspice_export/images/mt-banana-chilly-chips-200g.webp
mt-jackfruit-ripe-300g,MT JACKFRUIT RIPE 300G,$ 4.99,"Frozen Food , Frozen RTC Snacks",Malabar Treats,,,https://kingsspiceminimart.com.au/wp-content/uploads/2026/01/MT-JACKFRUIT-RIPE-300G.png,https://kingsspiceminimart.com.au/product/mt-jackfruit-ripe-300g/,kingsspice_export/images/mt-jackfruit-ripe-300g.png
mt-kozhikoden-banana-chips-454g,MT KOZHIKODEN BANANA CHIPS 454G,$ 8.99,"Frozen Food , Frozen RTC Snacks",Malabar Treats,,,https://kingsspiceminimart.com.au/wp-content/uploads/2026/01/Untitled-design-2026-01-29T212635.520.png,https://kingsspiceminimart.com.au/product/mt-kozhikoden-banana-chips-454g/,kingsspice_export/images/mt-kozhikoden-banana-chips-454g.png
mt-marayoor-jaggery-round-1kg,MT MARAYOOR JAGGERY ROUND 1KG,$ 7.50,"Grocery , sugar",Malabar Treats,,,https://kingsspiceminimart.com.au/wp-content/uploads/2026/01/MARAYOOR-JAGGERY-BALL-300x300-1-1.webp,https://kingsspiceminimart.com.au/product/mt-marayoor-jaggery-round-1kg/,kingsspice_export/images/mt-marayoor-jaggery-round-1kg.webp
mt-palm-crystal-200g,MT PALM CRYSTAL 200G,$ 4.75,Uncategorized,Malabar Treats,,,https://kingsspiceminimart.com.au/wp-content/uploads/2026/01/MT-PALM-CRYSTAL-200G.jpg,https://kingsspiceminimart.com.au/product/mt-palm-crystal-200g/,kingsspice_export/images/mt-palm-crystal-200g.jpg
mt-pure-coconut-oil-2l,MT PURE COCONUT OIL 2L,$ 20.80,"Grocery , oil/ fats",Malabar Treats,,,http://kingsspiceminimart.com.au/wp-content/uploads/2026/01/Coconut-Oil-2-Litre-_E2_80_93-Malabar.webp,https://kingsspiceminimart.com.au/product/mt-pure-coconut-oil-2l/,kingsspice_export/images/mt-pure-coconut-oil-2l.webp
munchee-baby-rusks-original-100g,MUNCHEE BABY RUSKS ORIGINAL 100G,$ 3.95,"Biscuits , Grocery",Munchee,"Our Baby Rusks are a toothsome treat full of goodness for babies but we’ll let you in on a secret; they can be enjoyed at any age and they come in pillow packs of two to retain freshness. Available in: 60g, 100g",,https://kingsspiceminimart.com.au/wp-content/uploads/2025/10/MUNCHEE-BABY-RUSKS-ORIGINAL-100G.png,https://kingsspiceminimart.com.au/product/munchee-baby-rusks-original-100g/,kingsspice_export/images/munchee-baby-rusks-original-100g.png
munchee-cheese-buttons-170g,MUNCHEE CHEESE BUTTONS 170G,$ 6.25,"Biscuits , Grocery , Snacks",Munchee,"Light and crunchy biscuit buttons enveloped in sharp tangy cheese and packed with flavor. Available in: 30g, 60g, 170g, 216g",,https://kingsspiceminimart.com.au/wp-content/uploads/2025/10/MUNCHEE-CHEESE-BUTTONS-170G.png,https://kingsspiceminimart.com.au/product/munchee-cheese-buttons-170g/,kingsspice_export/images/munchee-cheese-buttons-170g.png
munchee-cheese-buttons-215g,MUNCHEE CHEESE BUTTONS 215G,$ 6.25,"Biscuits , Grocery , Snacks , Uncategorized",Munchee,"Light and crunchy biscuit buttons enveloped in sharp tangy cheese and packed with flavor. Available in: 30g, 60g, 170g, 215g",,https://kingsspiceminimart.com.au/wp-content/uploads/2025/10/Untitled-design-52.jpg,https://kingsspiceminimart.com.au/product/munchee-cheese-buttons-215g/,kingsspice_export/images/munchee-cheese-buttons-215g.jpg
munchee-chocolate-cream-365g,MUNCHEE CHOCOLATE CREAM 365G,$ 4.75,"Biscuits , Grocery",Munchee,"A classic combination of silky chocolate cream made with real chocolate sandwiched by two crisp chocolate biscuits Available in: 100g, 210g, 400g",,http://kingsspiceminimart.com.au/wp-content/uploads/2025/10/Untitled-design-51.jpg,https://kingsspiceminimart.com.au/product/munchee-chocolate-cream-365g/,kingsspice_export/images/munchee-chocolate-cream-365g.jpg
munchee-chocolate-cream-400g,MUNCHEE CHOCOLATE CREAM 400G,$ 5.90,Grocery,Munchee,A classic combination of silky chocolate cream made with real chocolate sandwiched by two crisp chocolate biscuits,,http://kingsspiceminimart.com.au/wp-content/uploads/2025/10/Untitled-design-50.jpg,https://kingsspiceminimart.com.au/product/munchee-chocolate-cream-400g/,kingsspice_export/images/munchee-chocolate-cream-400g.jpg
munchee-chocolate-puff-200g,MUNCHEE CHOCOLATE PUFF 200G,$ 2.20,"Biscuits , Grocery",Munchee,"A layer of smooth and fluffy lemon or chocolate cream sandwiched between light and airy puff biscuits with a light dusting of granulated sugar. Available in: Lemon and Chocolate 100g, 200g",,https://kingsspiceminimart.com.au/wp-content/uploads/2025/10/MUNCHEE-CHOCOLATE-PUFF-200G.png,https://kingsspiceminimart.com.au/product/munchee-chocolate-puff-200g/,kingsspice_export/images/munchee-chocolate-puff-200g.png
munchee-cream-cracker-190g,MUNCHEE CREAM CRACKER 190G,$ 2.60,"Biscuits , Grocery",Munchee,"The jewel in our cracker crown, this iconic vitamin enriched cracker is light, flaky and sugar free, baked to contain air pockets on its surface for the perfect crisp. Available in: Super Cream Cracker – 125g, 190g, 490g",,https://kingsspiceminimart.com.au/wp-content/uploads/2025/10/Untitled-design-49.jpg,https://kingsspiceminimart.com.au/product/munchee-cream-cracker-190g/,kingsspice_export/images/munchee-cream-cracker-190g.jpg
munchee-cream-cracker-490g,MUNCHEE CREAM CRACKER 490G,$ 5.50,"Biscuits , Grocery",Munchee,"The jewel in our cracker crown, this iconic vitamin enriched cracker is light, flaky and sugar free, baked to contain air pockets on its surface for the perfect crisp. Available in: Super Cream Cracker – 125g, 190g, 490g | Super Cream Cracker Handy – 85g, 230g, 330g",,https://kingsspiceminimart.com.au/wp-content/uploads/2025/10/Untitled-design-48.jpg,https://kingsspiceminimart.com.au/product/munchee-cream-cracker-490g/,kingsspice_export/images/munchee-cream-cracker-490g.jpg
mysore-sandal-150g,MYSORE SANDAL 150G,$ 3.50,"bath / body , Household",,,,https://kingsspiceminimart.com.au/wp-content/uploads/2026/02/download-5.jpg,https://kingsspiceminimart.com.au/product/mysore-sandal-150g/,kingsspice_export/images/mysore-sandal-150g.jpg
mysore-sandal-soap-450g,MYSORE SANDAL SOAP 450G,$ 8.50,"bath / body , Household",,,,https://kingsspiceminimart.com.au/wp-content/uploads/2026/02/Untitled-design-2026-02-06T130218.746.png,https://kingsspiceminimart.com.au/product/mysore-sandal-soap-450g/,kingsspice_export/images/mysore-sandal-soap-450g.png
nanak-desi-ghee-400g,NANAK DESI GHEE 400G,$ 12.50,"Grocery , oil/ fats , Special buys",NANAK,,,https://kingsspiceminimart.com.au/wp-content/uploads/2025/11/nanak-desi-ghee-400g-797677300105.webp,https://kingsspiceminimart.com.au/product/nanak-desi-ghee-400g/,kingsspice_export/images/nanak-desi-ghee-400g.webp
nanak-desi-ghee-800g,NANAK DESI GHEE 800G,$ 20.50,"Grocery , oil/ fats , Special buys",NANAK,,,https://kingsspiceminimart.com.au/wp-content/uploads/2025/11/81SKjC5CcKL._UF8941000_QL80_.jpg,https://kingsspiceminimart.com.au/product/nanak-desi-ghee-800g/,kingsspice_export/images/nanak-desi-ghee-800g.jpg
nanak-fried-paneer-cubes-1kg,Nanak Fried paneer cubes 1kg,$ 24.90,"cheese , Chilled",NANAK,,,https://kingsspiceminimart.com.au/wp-content/uploads/2025/11/nanakfriedpannercube1.webp,https://kingsspiceminimart.com.au/product/nanak-fried-paneer-cubes-1kg/,kingsspice_export/images/nanak-fried-paneer-cubes-1kg.webp
nanak-paneer-cube-1kg,Nanak paneer (Cube) – 1kg,$ 22.50,"cheese , Chilled",NANAK,,,https://kingsspiceminimart.com.au/wp-content/uploads/2025/11/Pannercube1kg-sam-01_4b5ed601-90eb-45cf-bc7d-ee966f3e8b15_1024x.webp,https://kingsspiceminimart.com.au/product/nanak-paneer-cube-1kg/,kingsspice_export/images/nanak-paneer-cube-1kg.webp
nanak-paneer-cube-400g,Nanak paneer (Cube) – 400g,$ 12.50,"cheese , Chilled",NANAK,,,https://kingsspiceminimart.com.au/wp-content/uploads/2025/11/nanakpannercube400.webp,https://kingsspiceminimart.com.au/product/nanak-paneer-cube-400g/,kingsspice_export/images/nanak-paneer-cube-400g.webp
narasu-extra-strong-coffee-100g,NARASU EXTRA STRONG COFFEE 100G,$ 6.70,"Beverages , coffee",Katoomba,,,https://kingsspiceminimart.com.au/wp-content/uploads/2026/01/Untitled-design-38.png,https://kingsspiceminimart.com.au/product/narasu-extra-strong-coffee-100g/,kingsspice_export/images/narasu-extra-strong-coffee-100g.png
narasus-coffee-pb-500g,NARASU’S COFFEE PB 500G,$ 13.00,"Beverages , coffee",Katoomba,,,https://kingsspiceminimart.com.au/wp-content/uploads/2026/01/Untitled-design-39.png,https://kingsspiceminimart.com.au/product/narasus-coffee-pb-500g/,kingsspice_export/images/narasus-coffee-pb-500g.png
narasus-dhivyam-filter-coffee-500g,NARASU’S DHIVYAM FILTER COFFEE 500G,$ 13.00,"Beverages , coffee",Katoomba,,,https://kingsspiceminimart.com.au/wp-content/uploads/2026/01/Untitled-design-40-1.png,https://kingsspiceminimart.com.au/product/narasus-dhivyam-filter-coffee-500g/,kingsspice_export/images/narasus-dhivyam-filter-coffee-500g.png
narasus-udhayam-roasted-ground-coffee-454g,NARASU’S UDHAYAM ROASTED GROUND COFFEE 454G,$ 13.00,"Beverages , coffee",Katoomba,,,https://kingsspiceminimart.com.au/wp-content/uploads/2026/01/Untitled-design-41.png,https://kingsspiceminimart.com.au/product/narasus-udhayam-roasted-ground-coffee-454g/,kingsspice_export/images/narasus-udhayam-roasted-ground-coffee-454g.png
nescafe-sunrise-instant-coffee-200g,NESCAFE SUNRISE INSTANT COFFEE 200G,$ 14.00,"Beverages , coffee",Katoomba,,,https://kingsspiceminimart.com.au/wp-content/uploads/2026/01/Untitled-design-42.png,https://kingsspiceminimart.com.au/product/nescafe-sunrise-instant-coffee-200g/,kingsspice_export/images/nescafe-sunrise-instant-coffee-200g.png
nirapara-coconut-oil-1l-2,NIRAPARA COCONUT OIL 1L,$ 11.00,"Grocery , oil/ fats",Nirapara,,,https://kingsspiceminimart.com.au/wp-content/uploads/2026/02/Untitled-design-2026-02-24T085852.792.png,https://kingsspiceminimart.com.au/product/nirapara-coconut-oil-1l-2/,kingsspice_export/images/nirapara-coconut-oil-1l-2.png
nirapara-coconut-oil-1l,Nirapara Coconut Oil 1l,$ 11.99,"Grocery , oil/ fats",Nirapara,,,https://kingsspiceminimart.com.au/wp-content/uploads/2025/11/Untitled-design-25.png,https://kingsspiceminimart.com.au/product/nirapara-coconut-oil-1l/,kingsspice_export/images/nirapara-coconut-oil-1l.png
nirapara-coconut-oil-2l,Nirapara Coconut Oil 2l,$ 20.99,"Grocery , oil/ fats",Nirapara,,,https://kingsspiceminimart.com.au/wp-content/uploads/2025/11/a9f9b4fd-f2a3-455d-8901-0e5aed600fc3.jpg,https://kingsspiceminimart.com.au/product/nirapara-coconut-oil-2l/,kingsspice_export/images/nirapara-coconut-oil-2l.jpg
nirapara-pathiri-podi-1kg,NIRAPARA PATHIRI PODI 1KG,$ 4.90,"Grocery , seasonings / coconut cream",Nirapara,,,https://kingsspiceminimart.com.au/wp-content/uploads/2026/02/download-20.jpg,https://kingsspiceminimart.com.au/product/nirapara-pathiri-podi-1kg/,kingsspice_export/images/nirapara-pathiri-podi-1kg.jpg
orange-1kg,Orange 1kg,$ 5.50,Fruits,,,,https://kingsspiceminimart.com.au/wp-content/uploads/2025/11/1-3.png,https://kingsspiceminimart.com.au/product/orange-1kg/,kingsspice_export/images/orange-1kg.png
organic-india-gotukola-tea-25bags,Organic India gotukola tea 25bags,$ 7.90,"Beverages , Tea",Organic India,,,https://kingsspiceminimart.com.au/wp-content/uploads/2025/12/Untitled-design-41.png,https://kingsspiceminimart.com.au/product/organic-india-gotukola-tea-25bags/,kingsspice_export/images/organic-india-gotukola-tea-25bags.png
organic-india-tulsi-cinnamon-rose-tea-25bags,Organic India Tulsi cinnamon rose tea 25bags,$ 7.50,"Beverages , Tea",Organic India,,,https://kingsspiceminimart.com.au/wp-content/uploads/2025/12/Untitled-design-37-1.png,https://kingsspiceminimart.com.au/product/organic-india-tulsi-cinnamon-rose-tea-25bags/,kingsspice_export/images/organic-india-tulsi-cinnamon-rose-tea-25bags.png
organic-india-tulsi-cinnamon-rose-tea-bags-45,ORGANIC INDIA TULSI CINNAMON ROSE TEA BAGS 45,$ 7.50,"Beverages , Tea",,,,http://kingsspiceminimart.com.au/wp-content/uploads/2026/02/Untitled-design-2026-02-17T162413.668.png,https://kingsspiceminimart.com.au/product/organic-india-tulsi-cinnamon-rose-tea-bags-45/,kingsspice_export/images/organic-india-tulsi-cinnamon-rose-tea-bags-45.png
organic-india-tulsi-cleanse-tea-25bags,Organic India Tulsi cleanse tea 25bags,$ 7.90,"Beverages , Tea",Organic India,,,http://kingsspiceminimart.com.au/wp-content/uploads/2025/12/Untitled-design-38-1.png,https://kingsspiceminimart.com.au/product/organic-india-tulsi-cleanse-tea-25bags/,kingsspice_export/images/organic-india-tulsi-cleanse-tea-25bags.png
organic-india-tulsi-ginger-tea-bags,ORGANIC INDIA TULSI GINGER TEA BAGS,$ 7.30,"Beverages , Tea",,,,http://kingsspiceminimart.com.au/wp-content/uploads/2026/02/ORGANIC-INDIA-TULSI-GINGER-TEA-BAGS.webp,https://kingsspiceminimart.com.au/product/organic-india-tulsi-ginger-tea-bags/,kingsspice_export/images/organic-india-tulsi-ginger-tea-bags.webp
organic-india-tulsi-moringa-tea-25bags-2,ORGANIC INDIA TULSI MORINGA TEA 25BAGS,$ 6.70,"Beverages , Tea",,,,http://kingsspiceminimart.com.au/wp-content/uploads/2026/02/ORGANIC-INDIA-TULSI-MORINGA-TEA-25BAGS.jpg,https://kingsspiceminimart.com.au/product/organic-india-tulsi-moringa-tea-25bags-2/,kingsspice_export/images/organic-india-tulsi-moringa-tea-25bags-2.jpg
organic-india-tulsi-moringa-tea-25bags,Organic India Tulsi moringa tea 25bags,$ 6.75,"Beverages , Tea",Organic India,,,https://kingsspiceminimart.com.au/wp-content/uploads/2025/12/Untitled-design-39.png,https://kingsspiceminimart.com.au/product/organic-india-tulsi-moringa-tea-25bags/,kingsspice_export/images/organic-india-tulsi-moringa-tea-25bags.png
organic-india-tulsi-peppermint-tea-25bags,ORGANIC INDIA TULSI PEPPERMINT TEA 25BAGS,$ 6.70,"Beverages , Tea",,,,http://kingsspiceminimart.com.au/wp-content/uploads/2026/02/Untitled-design-2026-02-17T182420.511.png,https://kingsspiceminimart.com.au/product/organic-india-tulsi-peppermint-tea-25bags/,kingsspice_export/images/organic-india-tulsi-peppermint-tea-25bags.png
organic-india-tulsi-sleep-tea-25bags,Organic India Tulsi sleep tea 25bags,$ 7.90,"Beverages , Tea",Organic India,,,https://kingsspiceminimart.com.au/wp-content/uploads/2025/12/Untitled-design-40.png,https://kingsspiceminimart.com.au/product/organic-india-tulsi-sleep-tea-25bags/,kingsspice_export/images/organic-india-tulsi-sleep-tea-25bags.png
papaya-1kg,Papaya 1kg,$ 6.90,Fruits,,,,http://kingsspiceminimart.com.au/wp-content/uploads/2025/11/8-2.png,https://kingsspiceminimart.com.au/product/papaya-1kg/,kingsspice_export/images/papaya-1kg.png
patanjali-cow-ghee-1l,PATANJALI COW GHEE 1L,$ 18.90,"Grocery , oil/ fats",PATANJALI,,,https://kingsspiceminimart.com.au/wp-content/uploads/2025/11/614DT5y3VHL.jpg,https://kingsspiceminimart.com.au/product/patanjali-cow-ghee-1l/,kingsspice_export/images/patanjali-cow-ghee-1l.jpg
pattu-ajwain-seed-400g,PATTU AJWAIN SEED 400G,$ 6.90,"Grocery , seasonings / coconut cream",Pattu,,,https://kingsspiceminimart.com.au/wp-content/uploads/2025/11/6KQ3KMU7GQIZEKQ2YJ7K3CY6.webp,https://kingsspiceminimart.com.au/product/pattu-ajwain-seed-400g/,kingsspice_export/images/pattu-ajwain-seed-400g.webp
pattu-ajwain-seeds-100g,PATTU AJWAIN SEEDS 100G,$ 2.80,"Grocery , seasonings / coconut cream",Pattu,,,https://kingsspiceminimart.com.au/wp-content/uploads/2025/11/3339378-zm.jpg,https://kingsspiceminimart.com.au/product/pattu-ajwain-seeds-100g/,kingsspice_export/images/pattu-ajwain-seeds-100g.jpg
pattu-ajwain-seeds-200g,PATTU AJWAIN SEEDS 200G,$ 3.75,"Grocery , seasonings / coconut cream",Pattu,,,https://kingsspiceminimart.com.au/wp-content/uploads/2025/11/3339378.jpg,https://kingsspiceminimart.com.au/product/pattu-ajwain-seeds-200g/,kingsspice_export/images/pattu-ajwain-seeds-200g.jpg
pattu-almonds-raw-1kg,PATTU ALMONDS RAW 1KG,$ 17.50,"Grocery , pulses/ grains",Pattu,,,https://kingsspiceminimart.com.au/wp-content/uploads/2025/11/41Jt11KojL.jpg,https://kingsspiceminimart.com.au/product/pattu-almonds-raw-1kg/,kingsspice_export/images/pattu-almonds-raw-1kg.jpg
pattu-almonds-raw-250g,PATTU ALMONDS RAW 250G,$ 6.90,"Grocery , pulses/ grains",Pattu,,,http://kingsspiceminimart.com.au/wp-content/uploads/2025/11/almondsraw250.webp,https://kingsspiceminimart.com.au/product/pattu-almonds-raw-250g/,kingsspice_export/images/pattu-almonds-raw-250g.webp
pattu-almonds-raw-500g,PATTU ALMONDS RAW 500G,$ 9.95,"Grocery , pulses/ grains",Pattu,,,http://kingsspiceminimart.com.au/wp-content/uploads/2025/11/PATTUAlmonds-Raw500gm_1042x_73465c71-6494-4050-82ba-3483760d36d1.webp,https://kingsspiceminimart.com.au/product/pattu-almonds-raw-500g/,kingsspice_export/images/pattu-almonds-raw-500g.webp
pattu-alphonso-mango-pulp-1kg,Pattu Alphonso Mango Pulp 1KG,$ 5.75,"canned food / soup , Grocery",Pattu,,,http://kingsspiceminimart.com.au/wp-content/uploads/2025/11/Untitled-design-29-1.png,https://kingsspiceminimart.com.au/product/pattu-alphonso-mango-pulp-1kg/,kingsspice_export/images/pattu-alphonso-mango-pulp-1kg.png
pattu-andhra-sona-masoori-rice-10kg,PATTU ANDHRA SONA MASOORI RICE 10KG,$ 26.50,"Grocery , rice",Pattu,,,https://kingsspiceminimart.com.au/wp-content/uploads/2025/11/Sona-Masuri-10kg-Pattu.jpg,https://kingsspiceminimart.com.au/product/pattu-andhra-sona-masoori-rice-10kg/,kingsspice_export/images/pattu-andhra-sona-masoori-rice-10kg.jpg
pattu-andhra-sona-masoori-rice-20kg,PATTU ANDHRA SONA MASOORI RICE  20KG,$ 49.95,"Grocery , rice",Pattu,,,https://kingsspiceminimart.com.au/wp-content/uploads/2025/11/SonaMasooriRice_Organic_20kg-Pattu.webp,https://kingsspiceminimart.com.au/product/pattu-andhra-sona-masoori-rice-20kg/,kingsspice_export/images/pattu-andhra-sona-masoori-rice-20kg.webp
pattu-andhra-sona-masoori-rice-5kg,PATTU ANDHRA SONA MASOORI RICE 5KG,$ 13.95,"Grocery , rice",Pattu,,,https://kingsspiceminimart.com.au/wp-content/uploads/2025/11/4354989.jpg,https://kingsspiceminimart.com.au/product/pattu-andhra-sona-masoori-rice-5kg/,kingsspice_export/images/pattu-andhra-sona-masoori-rice-5kg.jpg
pattu-aniseed-star-whole-100g,PATTU ANISEED STAR WHOLE 100G,$ 3.90,"Grocery , seasonings / coconut cream",Pattu,,,https://kingsspiceminimart.com.au/wp-content/uploads/2025/11/Untitled-1_d531fd4f-0b05-42ec-95b1-5e96217e60c8.webp,https://kingsspiceminimart.com.au/product/pattu-aniseed-star-whole-100g/,kingsspice_export/images/pattu-aniseed-star-whole-100g.webp
pattu-aniseed-star-whole-50g,PATTU ANISEED STAR WHOLE 50G,$ 2.50,"Grocery , seasonings / coconut cream",Pattu,,,https://kingsspiceminimart.com.au/wp-content/uploads/2025/11/aniseedstar.webp,https://kingsspiceminimart.com.au/product/pattu-aniseed-star-whole-50g/,kingsspice_export/images/pattu-aniseed-star-whole-50g.webp
pattu-b-pepper-coarse-200g,PATTU B.PEPPER COARSE 200G,$ 5.30,"Grocery , seasonings / coconut cream",Pattu,,,http://kingsspiceminimart.com.au/wp-content/uploads/2025/11/3705145634.jpg,https://kingsspiceminimart.com.au/product/pattu-b-pepper-coarse-200g/,kingsspice_export/images/pattu-b-pepper-coarse-200g.jpg
pattu-barley-pearled-1kg,PATTU BARLEY PEARLED 1KG,$ 2.99,"Grocery , pulses/ grains",Pattu,,,http://kingsspiceminimart.com.au/wp-content/uploads/2025/11/Untitled-design-30.png,https://kingsspiceminimart.com.au/product/pattu-barley-pearled-1kg/,kingsspice_export/images/pattu-barley-pearled-1kg.png
pattu-besan-900g,Pattu Besan 900g,$ 3.30,"flour , Grocery",Pattu,,,https://kingsspiceminimart.com.au/wp-content/uploads/2025/11/285276.avif,https://kingsspiceminimart.com.au/product/pattu-besan-900g/,kingsspice_export/images/pattu-besan-900g.avif
pattu-besan-coarse-800g,PATTU BESAN COARSE 800G,$ 4.75,"flour , Grocery",Pattu,,,https://kingsspiceminimart.com.au/wp-content/uploads/2025/11/Pattu-Besan-Coarse.png,https://kingsspiceminimart.com.au/product/pattu-besan-coarse-800g/,kingsspice_export/images/pattu-besan-coarse-800g.png
pattu-besan-fine-800g,PATTU BESAN FINE 800G,$ 3.95,"flour , Grocery",Pattu,,,https://kingsspiceminimart.com.au/wp-content/uploads/2025/11/pattu-besan-fine-800g-mahal-mart.jpg,https://kingsspiceminimart.com.au/product/pattu-besan-fine-800g/,kingsspice_export/images/pattu-besan-fine-800g.jpg
pattu-black-eye-beans-1kg,PATTU BLACK EYE BEANS 1KG,$ 6.90,"Grocery , pulses/ grains",Pattu,,,http://kingsspiceminimart.com.au/wp-content/uploads/2025/11/Untitled-design-31.png,https://kingsspiceminimart.com.au/product/pattu-black-eye-beans-1kg/,kingsspice_export/images/pattu-black-eye-beans-1kg.png
pattu-black-eye-beans-2kg,PATTU BLACK EYE BEANS 2KG,$ 12.90,"Grocery , pulses/ grains",Pattu,,,http://kingsspiceminimart.com.au/wp-content/uploads/2025/11/Untitled-design-32.png,https://kingsspiceminimart.com.au/product/pattu-black-eye-beans-2kg/,kingsspice_export/images/pattu-black-eye-beans-2kg.png
pavizham-appam-idiyappam-podi-1kg,PAVIZHAM APPAM IDIYAPPAM PODI 1KG,$ 4.30,"Grocery , pulses/ grains",Pavizham,,,https://kingsspiceminimart.com.au/wp-content/uploads/woocommerce-placeholder-600x600.webp,https://kingsspiceminimart.com.au/product/pavizham-appam-idiyappam-podi-1kg/,kingsspice_export/images/pavizham-appam-idiyappam-podi-1kg.webp
pavizham-appam-podi-1kg,PAVIZHAM APPAM PODI 1KG,$ 4.30,"flour , Grocery",Pavizham,,,https://kingsspiceminimart.com.au/wp-content/uploads/2026/02/qx2rmxb9dnrmr0cwc8cthx1aa0.png,https://kingsspiceminimart.com.au/product/pavizham-appam-podi-1kg/,kingsspice_export/images/pavizham-appam-podi-1kg.png
pavizham-chemba-puttu-podi-1kg,Pavizham Chemba Puttu Podi 1kg,$ 3.90,Frozen Food,Pavizham,,,https://kingsspiceminimart.com.au/wp-content/uploads/2026/02/qg8q23yrj1rmw0cwc8eb5n1zcc.png,https://kingsspiceminimart.com.au/product/pavizham-chemba-puttu-podi-1kg/,kingsspice_export/images/pavizham-chemba-puttu-podi-1kg.png
pavizham-coffee-powder-200g-2,PAVIZHAM COFFEE POWDER 200G,$ 6.20,"Beverages , coffee",Pavizham,,,https://kingsspiceminimart.com.au/wp-content/uploads/woocommerce-placeholder-600x600.webp,https://kingsspiceminimart.com.au/product/pavizham-coffee-powder-200g-2/,kingsspice_export/images/pavizham-coffee-powder-200g-2.webp
pavizham-coffee-powder-200g,PAVIZHAM COFFEE POWDER 200G,$ 6.20,"Beverages , coffee",Katoomba,,,https://kingsspiceminimart.com.au/wp-content/uploads/2026/01/Untitled-design-43.png,https://kingsspiceminimart.com.au/product/pavizham-coffee-powder-200g/,kingsspice_export/images/pavizham-coffee-powder-200g.png
pavizham-cut-mango-pickle-1kg,PAVIZHAM CUT MANGO PICKLE 1KG,$ 6.20,Frozen Food,Pavizham,,,https://kingsspiceminimart.com.au/wp-content/uploads/2026/02/Untitled-design-2026-02-15T215957.009.png,https://kingsspiceminimart.com.au/product/pavizham-cut-mango-pickle-1kg/,kingsspice_export/images/pavizham-cut-mango-pickle-1kg.png
pavizham-gingelly-oil-1l-2,PAVIZHAM GINGELLY OIL 1L,$ 9.50,"Grocery , oil/ fats",Pavizham,,,http://kingsspiceminimart.com.au/wp-content/uploads/2026/02/PAVIZHAM-GINGELLY-OIL-1L.webp,https://kingsspiceminimart.com.au/product/pavizham-gingelly-oil-1l-2/,kingsspice_export/images/pavizham-gingelly-oil-1l-2.webp
pavizham-gingelly-oil-1l,PAVIZHAM GINGELLY OIL 1L,$ 9.50,"Grocery , oil/ fats",Pavizham,,,https://kingsspiceminimart.com.au/wp-content/uploads/2026/02/download-4-1.jpg,https://kingsspiceminimart.com.au/product/pavizham-gingelly-oil-1l/,kingsspice_export/images/pavizham-gingelly-oil-1l.jpg
pavizham-ginger-coffee-100g-2,PAVIZHAM GINGER COFFEE 100G,$ 2.70,"Beverages , coffee",Pavizham,,,http://kingsspiceminimart.com.au/wp-content/uploads/2026/02/download-5-1.jpg,https://kingsspiceminimart.com.au/product/pavizham-ginger-coffee-100g-2/,kingsspice_export/images/pavizham-ginger-coffee-100g-2.jpg
pavizham-ginger-coffee-100g,PAVIZHAM GINGER COFFEE 100G,$ 2.70,"Beverages , coffee",Katoomba,,,https://kingsspiceminimart.com.au/wp-content/uploads/2026/01/Untitled-design-44.png,https://kingsspiceminimart.com.au/product/pavizham-ginger-coffee-100g/,kingsspice_export/images/pavizham-ginger-coffee-100g.png
pavizham-instant-palada-300g,PAVIZHAM INSTANT PALADA 300G,$ 3.50,Frozen Food,Pavizham,,,https://kingsspiceminimart.com.au/wp-content/uploads/woocommerce-placeholder-600x600.webp,https://kingsspiceminimart.com.au/product/pavizham-instant-palada-300g/,kingsspice_export/images/pavizham-instant-palada-300g.webp
pavizham-instant-pallappam-podi-1kg,PAVIZHAM INSTANT PALLAPPAM PODI 1KG,$ 2.50,Frozen Food,Pavizham,,,http://kingsspiceminimart.com.au/wp-content/uploads/2026/02/Untitled-design-2026-02-16T221601.472.png,https://kingsspiceminimart.com.au/product/pavizham-instant-pallappam-podi-1kg/,kingsspice_export/images/pavizham-instant-pallappam-podi-1kg.png
pavizham-instant-semiya-300g,PAVIZHAM INSTANT SEMIYA 300G,$ 3.50,Frozen Food,Pavizham,,,https://kingsspiceminimart.com.au/wp-content/uploads/2026/02/Untitled-design-2026-02-16T222017.552.png,https://kingsspiceminimart.com.au/product/pavizham-instant-semiya-300g/,kingsspice_export/images/pavizham-instant-semiya-300g.png
pavizham-jaggery-powder-1kg,PAVIZHAM JAGGERY POWDER 1KG,$ 5.90,"Grocery , sugar",Pavizham,,,https://kingsspiceminimart.com.au/wp-content/uploads/2026/02/PAVIZHAM-JAGGERY-POWDER-1KG.jpg,https://kingsspiceminimart.com.au/product/pavizham-jaggery-powder-1kg/,kingsspice_export/images/pavizham-jaggery-powder-1kg.jpg
pavizham-jaya-rice-10kg,PAVIZHAM JAYA RICE 10KG,$ 24.00,"Grocery , rice",Pavizham,,,https://kingsspiceminimart.com.au/wp-content/uploads/2026/02/PAVIZHAM-JAYA-RICE-10KG.jpg,https://kingsspiceminimart.com.au/product/pavizham-jaya-rice-10kg/,kingsspice_export/images/pavizham-jaya-rice-10kg.jpg
pavizham-jaya-rice-white-5kg,PAVIZHAM JAYA RICE WHITE 5KG,$ 15.00,"Grocery , rice",Pavizham,,,https://kingsspiceminimart.com.au/wp-content/uploads/2026/02/PAVIZHAM-JAYA-RICE-10KG-1.jpg,https://kingsspiceminimart.com.au/product/pavizham-jaya-rice-white-5kg/,kingsspice_export/images/pavizham-jaya-rice-white-5kg.jpg
pavizham-jeerakasala-5kg,PAVIZHAM JEERAKASALA 5KG,$ 23.00,"Grocery , rice",Pavizham,,,https://kingsspiceminimart.com.au/wp-content/uploads/2026/02/PAVIZHAM-JEERAKASALA-5KG.jpg,https://kingsspiceminimart.com.au/product/pavizham-jeerakasala-5kg/,kingsspice_export/images/pavizham-jeerakasala-5kg.jpg
pavizham-kuruva-rice-5kg,PAVIZHAM KURUVA RICE 5KG,$ 11.00,Grocery,Pavizham,,,https://kingsspiceminimart.com.au/wp-content/uploads/2026/02/PAVIZHAM-KURUVA-RICE-5KG.jpg,https://kingsspiceminimart.com.au/product/pavizham-kuruva-rice-5kg/,kingsspice_export/images/pavizham-kuruva-rice-5kg.jpg
pavizham-matta-raw-rice-1kg,PAVIZHAM MATTA RAW RICE 1KG,$ 3.90,"Grocery , rice",Pavizham,,,https://kingsspiceminimart.com.au/wp-content/uploads/2026/02/PAVIZHAM-MATTA-RAW-RICE-1KG.jpg,https://kingsspiceminimart.com.au/product/pavizham-matta-raw-rice-1kg/,kingsspice_export/images/pavizham-matta-raw-rice-1kg.jpg
pavizham-matta-rice-flakes-500g,PAVIZHAM MATTA RICE FLAKES 500G,$ 2.80,"Grocery , rice",Pavizham,,,https://kingsspiceminimart.com.au/wp-content/uploads/2026/02/Untitled-design-2026-02-16T223243.189.png,https://kingsspiceminimart.com.au/product/pavizham-matta-rice-flakes-500g/,kingsspice_export/images/pavizham-matta-rice-flakes-500g.png
pavizham-matta-roasted-rice-flakes-500g,PAVIZHAM MATTA ROASTED RICE FLAKES 500G,$ 2.90,"Grocery , rice",Pavizham,,,http://kingsspiceminimart.com.au/wp-content/uploads/2026/02/Untitled-design-2026-02-16T223826.414.png,https://kingsspiceminimart.com.au/product/pavizham-matta-roasted-rice-flakes-500g/,kingsspice_export/images/pavizham-matta-roasted-rice-flakes-500g.png
pavizham-nutri-sorted-10kg,PAVIZHAM NUTRI SORTED 10KG,$ 20.00,"Grocery , rice",Pavizham,,,https://kingsspiceminimart.com.au/wp-content/uploads/2026/02/PAVIZHAM-NUTRI-SORTED-10KG.jpg,https://kingsspiceminimart.com.au/product/pavizham-nutri-sorted-10kg/,kingsspice_export/images/pavizham-nutri-sorted-10kg.jpg
pavizham-ponni-white-rice-5kg,Pavizham Ponni White Rice 5kg,$ 10.00,"Grocery , rice",Pavizham,,,http://kingsspiceminimart.com.au/wp-content/uploads/2026/02/Untitled-design-2026-02-16T224317.336.png,https://kingsspiceminimart.com.au/product/pavizham-ponni-white-rice-5kg/,kingsspice_export/images/pavizham-ponni-white-rice-5kg.png
pavizham-pure-cococnut-oil-2l,PAVIZHAM PURE COCOCNUT OIL 2L,$ 24.00,"Grocery , oil/ fats",Pavizham,,,http://kingsspiceminimart.com.au/wp-content/uploads/2026/02/Untitled-design-2026-02-16T224625.205.png,https://kingsspiceminimart.com.au/product/pavizham-pure-cococnut-oil-2l/,kingsspice_export/images/pavizham-pure-cococnut-oil-2l.png
pavizham-pure-coconut-oil-1l-2,PAVIZHAM PURE COCONUT OIL 1L,$ 14.00,"Grocery , oil/ fats",Pavizham,,,https://kingsspiceminimart.com.au/wp-content/uploads/2026/02/PAVIZHAM-PURE-COCONUT-OIL-1L.jpg,https://kingsspiceminimart.com.au/product/pavizham-pure-coconut-oil-1l-2/,kingsspice_export/images/pavizham-pure-coconut-oil-1l-2.jpg
pavizham-pure-coconut-oil-1l-3,PAVIZHAM PURE COCONUT OIL 1L,$ 14.00,"Grocery , oil/ fats",Pavizham,,,https://kingsspiceminimart.com.au/wp-content/uploads/2026/02/PAVIZHAM-PURE-COCONUT-OIL-1L-1.jpg,https://kingsspiceminimart.com.au/product/pavizham-pure-coconut-oil-1l-3/,kingsspice_export/images/pavizham-pure-coconut-oil-1l-3.jpg
pavizham-pure-coconut-oil-1l,Pavizham Pure Coconut Oil 1l,$ 14.95,"Grocery , oil/ fats",Pavizham,,,https://kingsspiceminimart.com.au/wp-content/uploads/2025/11/Pavizham_Coconut_Oil_1Ltr_Pouch1.jpg,https://kingsspiceminimart.com.au/product/pavizham-pure-coconut-oil-1l/,kingsspice_export/images/pavizham-pure-coconut-oil-1l.jpg
pavizham-puttu-podi-1kg,PAVIZHAM PUTTU PODI 1KG,$ 4.30,Frozen Food,Pavizham,,,https://kingsspiceminimart.com.au/wp-content/uploads/2026/02/Untitled-design-2026-02-16T224849.223.png,https://kingsspiceminimart.com.au/product/pavizham-puttu-podi-1kg/,kingsspice_export/images/pavizham-puttu-podi-1kg.png
pavizham-raw-rice-5kg,PAVIZHAM RAW RICE 5KG,$ 15.00,"Grocery , rice",Pavizham,,,https://kingsspiceminimart.com.au/wp-content/uploads/2026/02/PAVIZHAM-RAW-RICE-5KG.jpg,https://kingsspiceminimart.com.au/product/pavizham-raw-rice-5kg/,kingsspice_export/images/pavizham-raw-rice-5kg.jpg
pavizham-rice-bran-cooking-oil-1ltr,PAVIZHAM RICE BRAN COOKING OIL 1LTR,$ 8.90,"Grocery , oil/ fats",Pavizham,,,https://kingsspiceminimart.com.au/wp-content/uploads/2026/02/PAVIZHAM-RICE-BRAN-COOKING-OIL-1LTR.jpg,https://kingsspiceminimart.com.au/product/pavizham-rice-bran-cooking-oil-1ltr/,kingsspice_export/images/pavizham-rice-bran-cooking-oil-1ltr.jpg
pavizham-surekha-rice-10kg,PAVIZHAM SUREKHA RICE 10KG,$ 24.00,"Grocery , rice",Pavizham,,,https://kingsspiceminimart.com.au/wp-content/uploads/2026/02/Untitled-design-2026-02-16T225535.970.png,https://kingsspiceminimart.com.au/product/pavizham-surekha-rice-10kg/,kingsspice_export/images/pavizham-surekha-rice-10kg.png
pears-pure-and-gentle-125g,PEARS PURE AND GENTLE 125G,$ 3.99,"bath / body , Household",,,,https://kingsspiceminimart.com.au/wp-content/uploads/2026/02/download-4.jpg,https://kingsspiceminimart.com.au/product/pears-pure-and-gentle-125g/,kingsspice_export/images/pears-pure-and-gentle-125g.jpg
ponnaganti-kura-200g,Ponnaganti Kura 200g,$ 5.50,"packed , Vegitables",Telugu Foods,,,https://kingsspiceminimart.com.au/wp-content/uploads/2025/11/4-5.png,https://kingsspiceminimart.com.au/product/ponnaganti-kura-200g/,kingsspice_export/images/ponnaganti-kura-200g.png
pran-mustard-oil-1l,PRAN MUSTARD OIL 1L,$ 8.50,"Grocery , oil/ fats",,,,https://kingsspiceminimart.com.au/wp-content/uploads/2026/02/PRAN-MUSTARD-OIL-1L.jpg,https://kingsspiceminimart.com.au/product/pran-mustard-oil-1l/,kingsspice_export/images/pran-mustard-oil-1l.jpg
pran-mustard-oil-250ml,PRAN MUSTARD OIL 250ML,$ 2.70,"Grocery , oil/ fats",,,,https://kingsspiceminimart.com.au/wp-content/uploads/2026/02/PRAN-MUSTARD-OIL-250ML.jpg,https://kingsspiceminimart.com.au/product/pran-mustard-oil-250ml/,kingsspice_export/images/pran-mustard-oil-250ml.jpg
pran-mustard-oil-500ml,PRAN MUSTARD OIL 500ML,$ 4.50,"Grocery , oil/ fats",,,,https://kingsspiceminimart.com.au/wp-content/uploads/2026/02/PRAN-MUSTARD-OIL-500ML.jpg,https://kingsspiceminimart.com.au/product/pran-mustard-oil-500ml/,kingsspice_export/images/pran-mustard-oil-500ml.jpg
ps-chocolate-roll-325g,P&S chocolate roll 325g,$ 12.90,"cake , Grocery",P&S,,,https://kingsspiceminimart.com.au/wp-content/uploads/2025/11/sri-lankan-groceries-usa-flavors-of-ceylon-perera-sons-p-s-chocolate-roll-325g-pick-up-only-35779675193544.jpg,https://kingsspiceminimart.com.au/product/ps-chocolate-roll-325g/,kingsspice_export/images/ps-chocolate-roll-325g.jpg
ps-fish-roti-454g,P&S fish roti 454g,$ 16.50,"Frozen Food , Frozen RTC Snacks",P&S,,,https://kingsspiceminimart.com.au/wp-content/uploads/2025/11/2-5.png,https://kingsspiceminimart.com.au/product/ps-fish-roti-454g/,kingsspice_export/images/ps-fish-roti-454g.png
ps-roasted-bread-bun-510g,P&S roasted bread bun 510g,$ 13.50,"bakery , Grocery",P&S,,,https://kingsspiceminimart.com.au/wp-content/uploads/2025/11/Untitled-design-19-3.png,https://kingsspiceminimart.com.au/product/ps-roasted-bread-bun-510g/,kingsspice_export/images/ps-roasted-bread-bun-510g.png
qarshi-johar-joshanda-tea-mix,QARSHI JOHAR JOSHANDA TEA MIX,$ 8.50,"Beverages , Tea",,,,http://kingsspiceminimart.com.au/wp-content/uploads/2026/02/QARSHI-JOHAR-JOSHANDA-TEA-MIX.webp,https://kingsspiceminimart.com.au/product/qarshi-johar-joshanda-tea-mix/,kingsspice_export/images/qarshi-johar-joshanda-tea-mix.webp
qf-idly-rice-5kg,QF Idly rice 5kg,$ 13.75 Original price was: $13.75. $ 7.95 Current price is: $7.95.,"Grocery , rice",QF,,,https://kingsspiceminimart.com.au/wp-content/uploads/2025/11/Untitled-design.png,https://kingsspiceminimart.com.au/product/qf-idly-rice-5kg/,kingsspice_export/images/qf-idly-rice-5kg.png
qf-palakkadan-matta-5kg,QF Palakkadan Matta 5kg,$ 13.75 Original price was: $13.75. $ 12.50 Current price is: $12.50.,"Grocery , rice",QF,,,https://kingsspiceminimart.com.au/wp-content/uploads/2025/11/Untitled-design-14-1.png,https://kingsspiceminimart.com.au/product/qf-palakkadan-matta-5kg/,kingsspice_export/images/qf-palakkadan-matta-5kg.png
qudarti-kashmiri-pink-tea-20nos,QUDARTI KASHMIRI PINK TEA 20NO’S,$ 5.50,"Beverages , Tea",,,,https://kingsspiceminimart.com.au/wp-content/uploads/2026/02/Untitled-design-2026-02-17T182933.211.png,https://kingsspiceminimart.com.au/product/qudarti-kashmiri-pink-tea-20nos/,kingsspice_export/images/qudarti-kashmiri-pink-tea-20nos.png
rabeena-coffee-powder-1501g,RABEENA COFFEE POWDER 1501G,$ 8.50,"Beverages , coffee",Katoomba,,,https://kingsspiceminimart.com.au/wp-content/uploads/2026/01/Untitled-design-45.png,https://kingsspiceminimart.com.au/product/rabeena-coffee-powder-1501g/,kingsspice_export/images/rabeena-coffee-powder-1501g.png
rabeena-spice-coffee-150g,RABEENA SPICE COFFEE 150G,$ 6.90,"Beverages , coffee",Katoomba,,,https://kingsspiceminimart.com.au/wp-content/uploads/2026/01/Untitled-design-46.png,https://kingsspiceminimart.com.au/product/rabeena-spice-coffee-150g/,kingsspice_export/images/rabeena-spice-coffee-150g.png
radiant-classic-500g,RADIANT CLASSIC 500G,$ 4.90,"Household , laundry care",,,,https://kingsspiceminimart.com.au/wp-content/uploads/2026/02/download-17.jpg,https://kingsspiceminimart.com.au/product/radiant-classic-500g/,kingsspice_export/images/radiant-classic-500g.jpg
ramajeyam-idly-rice,Ramajeyam Idly Rice,$ 11.99 Original price was: $11.99. $ 10.50 Current price is: $10.50.,"Flash Deals , Grocery , Idly Rice , rice",Ramajeyam,,,https://kingsspiceminimart.com.au/wp-content/uploads/2026/03/3.png,https://kingsspiceminimart.com.au/product/ramajeyam-idly-rice/,kingsspice_export/images/ramajeyam-idly-rice.png
rani-sandalwood-90g,RANI SANDALWOOD 90G,$ 2.50,"bath / body , Household",,,,http://kingsspiceminimart.com.au/wp-content/uploads/2026/02/Rani-Sandalwood-Soap-90g-1-Bar-Soap-Ceylon-Supermart.webp,https://kingsspiceminimart.com.au/product/rani-sandalwood-90g/,kingsspice_export/images/rani-sandalwood-90g.webp
red-label-tea-1kg,RED LABEL TEA 1KG,$ 16.00,"Beverages , Tea",,,,http://kingsspiceminimart.com.au/wp-content/uploads/2026/02/RED-LABEL-TEA-1KG.jpg,https://kingsspiceminimart.com.au/product/red-label-tea-1kg/,kingsspice_export/images/red-label-tea-1kg.jpg
richmi-dried-sprats-400g,RICHMI DRIED SPRATS 400G,$ 12.90,"Grocery , processed /preserved fish - meat",Richmi,,,https://kingsspiceminimart.com.au/wp-content/uploads/2025/11/Richmi-Sprats-1.webp,https://kingsspiceminimart.com.au/product/richmi-dried-sprats-400g/,kingsspice_export/images/richmi-dried-sprats-400g.webp
richmi-dried-sprats-fillet-200g,Richmi dried sprats fillet 200g,$ 6.95,"Grocery , processed /preserved fish - meat",Richmi,,,http://kingsspiceminimart.com.au/wp-content/uploads/2025/11/Richmi-Sprats.webp,https://kingsspiceminimart.com.au/product/richmi-dried-sprats-fillet-200g/,kingsspice_export/images/richmi-dried-sprats-fillet-200g.webp
richmi-dried-sprats-headless-400g,RICHMI DRIED SPRATS HEADLESS 400G,$ 13.50,"Grocery , processed /preserved fish - meat",Richmi,,,https://kingsspiceminimart.com.au/wp-content/uploads/2025/11/richmi.jpg,https://kingsspiceminimart.com.au/product/richmi-dried-sprats-headless-400g/,kingsspice_export/images/richmi-dried-sprats-headless-400g.jpg
rin-powder-1kg,RIN POWDER 1KG,$ 4.95,"Household , laundry care",,,,https://kingsspiceminimart.com.au/wp-content/uploads/2026/02/download-13.jpg,https://kingsspiceminimart.com.au/product/rin-powder-1kg/,kingsspice_export/images/rin-powder-1kg.jpg
rin-soap-120g,Rin Soap 120g,$ 1.75,"Household , laundry care",RIN,,,https://kingsspiceminimart.com.au/wp-content/uploads/2025/11/40002071-3_6-rin-rin-detergent-bar.webp,https://kingsspiceminimart.com.au/product/rin-soap-120g/,kingsspice_export/images/rin-soap-120g.webp
rin-washing-powder-1kg,Rin Washing Powder 1kg,$ 4.95,"Household , laundry care",RIN,,,https://kingsspiceminimart.com.au/wp-content/uploads/2025/11/Untitled-design-35.png,https://kingsspiceminimart.com.au/product/rin-washing-powder-1kg/,kingsspice_export/images/rin-washing-powder-1kg.png
rkg-classic-pure-cow-ghee-800g,RKG CLASSIC PURE COW GHEE 800G,$ 17.90,"Grocery , oil/ fats",RKG,,,https://kingsspiceminimart.com.au/wp-content/uploads/2025/11/1606247_main.avif,https://kingsspiceminimart.com.au/product/rkg-classic-pure-cow-ghee-800g/,kingsspice_export/images/rkg-classic-pure-cow-ghee-800g.avif
saurbhi-canola-oil-2l,SAURBHI CANOLA OIL 2L,$ 9.90 Original price was: $9.90. $ 7.90 Current price is: $7.90.,"Flash Deals , Grocery , oil/ fats",,,,http://kingsspiceminimart.com.au/wp-content/uploads/2026/02/Untitled-design-2026-02-24T152944.350.png,https://kingsspiceminimart.com.au/product/saurbhi-canola-oil-2l/,kingsspice_export/images/saurbhi-canola-oil-2l.png
saurbhi-sunflower-oil-2l,SAURBHI SUNFLOWER OIL 2L,$ 9.90 Original price was: $9.90. $ 7.90 Current price is: $7.90.,"Flash Deals , Grocery , oil/ fats",,,,http://kingsspiceminimart.com.au/wp-content/uploads/2026/02/SAURBHI-SUNFLOWER-OIL-2L.webp,https://kingsspiceminimart.com.au/product/saurbhi-sunflower-oil-2l/,kingsspice_export/images/saurbhi-sunflower-oil-2l.webp
saurbhi-vegetable-oil-2l,Saurbhi vegetable oil 2l,$ 9.90 Original price was: $9.90. $ 7.90 Current price is: $7.90.,"Flash Deals , Grocery , oil/ fats",Saurbhi,,,https://kingsspiceminimart.com.au/wp-content/uploads/2026/03/Untitled-design-29.png,https://kingsspiceminimart.com.au/product/saurbhi-vegetable-oil-2l/,kingsspice_export/images/saurbhi-vegetable-oil-2l.png
sharmas-kitchen-ghee-750ml,SHARMA’S KITCHEN GHEE 750ML,$ 24.90,"Grocery , oil/ fats",SHARMA'S,,,https://kingsspiceminimart.com.au/wp-content/uploads/2025/11/OIL217.webp,https://kingsspiceminimart.com.au/product/sharmas-kitchen-ghee-750ml/,kingsspice_export/images/sharmas-kitchen-ghee-750ml.webp
sharmas-paneer-1kg,Sharmas Paneer 1kg,$ 20.50,"cheese , Chilled",SHARMA'S,,,https://kingsspiceminimart.com.au/wp-content/uploads/2025/11/Untitled-design-34.png,https://kingsspiceminimart.com.au/product/sharmas-paneer-1kg/,kingsspice_export/images/sharmas-paneer-1kg.png
shuddh-desi-paneer-1kg,Shuddh Desi Paneer 1kg,$ 19.95,"cheese , Chilled",Shuddh,,,https://kingsspiceminimart.com.au/wp-content/uploads/2025/11/Untitled-design-33.png,https://kingsspiceminimart.com.au/product/shuddh-desi-paneer-1kg/,kingsspice_export/images/shuddh-desi-paneer-1kg.png
society-masala-tea-500g,SOCIETY MASALA TEA 500G,$ 13.00,"Beverages , Tea",,,,http://kingsspiceminimart.com.au/wp-content/uploads/2026/02/SOCIETY-MASALA-TEA-500G.jpg,https://kingsspiceminimart.com.au/product/society-masala-tea-500g/,kingsspice_export/images/society-masala-tea-500g.jpg
society-plain-tea-500g,SOCIETY PLAIN TEA 500G,$ 10.00,"Beverages , Tea",,,,https://kingsspiceminimart.com.au/wp-content/uploads/2026/02/Untitled-design-2026-02-17T183537.409.png,https://kingsspiceminimart.com.au/product/society-plain-tea-500g/,kingsspice_export/images/society-plain-tea-500g.png
sugar-banana-1kg,Sugar Banana 1kg,$ 7.90,Fruits,,,,https://kingsspiceminimart.com.au/wp-content/uploads/2025/11/6-3.png,https://kingsspiceminimart.com.au/product/sugar-banana-1kg/,kingsspice_export/images/sugar-banana-1kg.png
surf-excel-easy-wash-1kg,Surf Excel Easy Wash 1kg,$ 7.50,"Household , laundry care",surf excel,,,http://kingsspiceminimart.com.au/wp-content/uploads/2025/11/WhatsApp-Image-2025-04-08-at-1.41.59-PM.jpeg,https://kingsspiceminimart.com.au/product/surf-excel-easy-wash-1kg/,kingsspice_export/images/surf-excel-easy-wash-1kg.jpeg
surf-excel-powder-1kg,SURF EXCEL POWDER 1KG,$ 7.50,"Household , laundry care",,,,https://kingsspiceminimart.com.au/wp-content/uploads/2026/02/download-14.jpg,https://kingsspiceminimart.com.au/product/surf-excel-powder-1kg/,kingsspice_export/images/surf-excel-powder-1kg.jpg
surf-excel-stain-remover-250g,SURF EXCEL STAIN REMOVER 250G,$ 2.50,"Household , laundry care",,,,https://kingsspiceminimart.com.au/wp-content/uploads/2026/02/Untitled-design-2026-02-06T135942.928.png,https://kingsspiceminimart.com.au/product/surf-excel-stain-remover-250g/,kingsspice_export/images/surf-excel-stain-remover-250g.png
swetha-ragi-upma-rava-908g,SWETHA RAGI UPMA RAVA 908G,$ 4.95,"Grocery , pulses/ grains",,,,https://kingsspiceminimart.com.au/wp-content/uploads/2026/02/Untitled-design-2026-02-06T141128.925.png,https://kingsspiceminimart.com.au/product/swetha-ragi-upma-rava-908g/,kingsspice_export/images/swetha-ragi-upma-rava-908g.png
taj-mahal-tea-450g,TAJ MAHAL TEA 450G,$ 8.50,"Beverages , Tea",,,,https://kingsspiceminimart.com.au/wp-content/uploads/2026/02/TAJ-MAHAL-TEA-450G.jpg,https://kingsspiceminimart.com.au/product/taj-mahal-tea-450g/,kingsspice_export/images/taj-mahal-tea-450g.jpg
taj-mahal-tea-900g,TAJ MAHAL TEA 900G,$ 15.00,"Beverages , Tea",,,,https://kingsspiceminimart.com.au/wp-content/uploads/2026/02/TAJ-MAHAL-TEA-900G.webp,https://kingsspiceminimart.com.au/product/taj-mahal-tea-900g/,kingsspice_export/images/taj-mahal-tea-900g.webp
tapal-dandedar-tea-450g,TAPAL DANDEDAR TEA 450G,$ 8.50,"Beverages , Tea",,,,https://kingsspiceminimart.com.au/wp-content/uploads/2026/02/TAPAL-DANDEDAR-TEA-450G.jpg,https://kingsspiceminimart.com.au/product/tapal-dandedar-tea-450g/,kingsspice_export/images/tapal-dandedar-tea-450g.jpg
tapal-danedar-tea-900g,TAPAL DANEDAR TEA 900G,$ 14.00,"Beverages , Tea",,,,http://kingsspiceminimart.com.au/wp-content/uploads/2026/02/TAPAL-DANEDAR-TEA-900G.jpg,https://kingsspiceminimart.com.au/product/tapal-danedar-tea-900g/,kingsspice_export/images/tapal-danedar-tea-900g.jpg
tapal-danedar-tea-powder-1kg,TAPAL DANEDAR TEA POWDER 1KG,$ 16.00,"Beverages , Tea",,,,https://kingsspiceminimart.com.au/wp-content/uploads/2026/02/Untitled-design-2026-02-17T184345.994.png,https://kingsspiceminimart.com.au/product/tapal-danedar-tea-powder-1kg/,kingsspice_export/images/tapal-danedar-tea-powder-1kg.png
tapal-green-tea-45g,TAPAL GREEN TEA 45G,$ 3.50,"Beverages , Tea",,,,http://kingsspiceminimart.com.au/wp-content/uploads/2026/02/Untitled-design-2026-02-17T184725.743.png,https://kingsspiceminimart.com.au/product/tapal-green-tea-45g/,kingsspice_export/images/tapal-green-tea-45g.png
tapal-green-tea-cardamom-30bags,TAPAL GREEN TEA CARDAMOM 30BAGS,$ 2.90,"Beverages , Tea",,,,https://kingsspiceminimart.com.au/wp-content/uploads/2026/02/TAPAL-GREEN-TEA-CARDAMOM-30BAGS.jpg,https://kingsspiceminimart.com.au/product/tapal-green-tea-cardamom-30bags/,kingsspice_export/images/tapal-green-tea-cardamom-30bags.jpg
tapal-green-tea-elaichi-30nos,TAPAL GREEN TEA ELAICHI 30NO’S,$ 3.50,"Beverages , Tea",,,,http://kingsspiceminimart.com.au/wp-content/uploads/2026/02/TAPAL-GREEN-TEA-ELAICHI-30NOS.jpg,https://kingsspiceminimart.com.au/product/tapal-green-tea-elaichi-30nos/,kingsspice_export/images/tapal-green-tea-elaichi-30nos.jpg
tapal-green-tea-jasmine-30nos,TAPAL GREEN TEA JASMINE 30NO’S,$ 3.50,"Beverages , Tea",,,,http://kingsspiceminimart.com.au/wp-content/uploads/2026/02/TAPAL-GREEN-TEA-JASMINE-30NOS.jpg,https://kingsspiceminimart.com.au/product/tapal-green-tea-jasmine-30nos/,kingsspice_export/images/tapal-green-tea-jasmine-30nos.jpg
tapal-green-tea-lemon-30nos,TAPAL GREEN TEA LEMON 30NO’S,$ 3.50,"Beverages , Tea",,,,https://kingsspiceminimart.com.au/wp-content/uploads/2026/02/TAPAL-GREEN-TEA-LEMON-30NOS.jpg,https://kingsspiceminimart.com.au/product/tapal-green-tea-lemon-30nos/,kingsspice_export/images/tapal-green-tea-lemon-30nos.jpg
tapal-green-tea-moroccan-mint-45g,TAPAL GREEN TEA MOROCCAN MINT 45G,$ 3.50,"Beverages , Tea",,,,http://kingsspiceminimart.com.au/wp-content/uploads/2026/02/TAPAL-GREEN-TEA-MOROCCAN-MINT-45G.jpg,https://kingsspiceminimart.com.au/product/tapal-green-tea-moroccan-mint-45g/,kingsspice_export/images/tapal-green-tea-moroccan-mint-45g.jpg
tapal-lemon-green-tea-30bags,TAPAL LEMON GREEN TEA 30BAGS,$ 3.90,"Beverages , Tea",,,,http://kingsspiceminimart.com.au/wp-content/uploads/2026/02/TAPAL-LEMON-GREEN-TEA-30BAGS.webp,https://kingsspiceminimart.com.au/product/tapal-lemon-green-tea-30bags/,kingsspice_export/images/tapal-lemon-green-tea-30bags.webp
tasty-nibbles-dried-prawns-100g,TASTY NIBBLES DRIED PRAWNS 100G,$ 5.80,"Grocery , processed /preserved fish - meat",TASTY NIBBLES,,,https://kingsspiceminimart.com.au/wp-content/uploads/2025/11/50gmfrontmockup_2ed0166a-7604-423e-ae3d-6ed2f97718c8_800x.webp,https://kingsspiceminimart.com.au/product/tasty-nibbles-dried-prawns-100g/,kingsspice_export/images/tasty-nibbles-dried-prawns-100g.webp
tata-kanan-devan-classic-tea-1kg,TATA KANAN DEVAN CLASSIC TEA 1KG,$ 12.00,"Beverages , Tea",,,,https://kingsspiceminimart.com.au/wp-content/uploads/2026/02/TATA-KANAN-DEVAN-CLASSIC-TEA-1KG.jpg,https://kingsspiceminimart.com.au/product/tata-kanan-devan-classic-tea-1kg/,kingsspice_export/images/tata-kanan-devan-classic-tea-1kg.jpg
tata-kanan-devan-classic-tea-250g,TATA KANAN DEVAN CLASSIC TEA 250G,$ 4.20,"Beverages , Tea",,,,http://kingsspiceminimart.com.au/wp-content/uploads/2026/02/Untitled-design-2026-02-19T215645.929.png,https://kingsspiceminimart.com.au/product/tata-kanan-devan-classic-tea-250g/,kingsspice_export/images/tata-kanan-devan-classic-tea-250g.png
tata-kanan-devan-classic-tea-500g,TATA KANAN DEVAN CLASSIC TEA 500G,$ 6.90,"Beverages , Tea",,,,http://kingsspiceminimart.com.au/wp-content/uploads/2026/02/Untitled-design-2026-02-19T215645.929-1.png,https://kingsspiceminimart.com.au/product/tata-kanan-devan-classic-tea-500g/,kingsspice_export/images/tata-kanan-devan-classic-tea-500g.png
tata-premium-tea-powder-1kg,TATA PREMIUM TEA POWDER 1KG,$ 15.00,"Beverages , Tea",,,,https://kingsspiceminimart.com.au/wp-content/uploads/2026/02/TATA-PREMIUM-TEA-POWDER-1KG.avif,https://kingsspiceminimart.com.au/product/tata-premium-tea-powder-1kg/,kingsspice_export/images/tata-premium-tea-powder-1kg.avif
tata-tea-agni-1kg,TATA TEA AGNI 1KG,$ 14.00,"Beverages , Tea",,,,http://kingsspiceminimart.com.au/wp-content/uploads/2026/02/Untitled-design-2026-02-19T220236.970.png,https://kingsspiceminimart.com.au/product/tata-tea-agni-1kg/,kingsspice_export/images/tata-tea-agni-1kg.png
tata-tea-agni-500g,TATA TEA AGNI 500G,$ 5.50,"Beverages , Tea",,,,http://kingsspiceminimart.com.au/wp-content/uploads/2026/02/Untitled-design-2026-02-19T220514.440.png,https://kingsspiceminimart.com.au/product/tata-tea-agni-500g/,kingsspice_export/images/tata-tea-agni-500g.png
tata-tea-elaichi-chai-100g,TATA TEA ELAICHI CHAI 100G,$ 5.50,"Beverages , Tea",,,,http://kingsspiceminimart.com.au/wp-content/uploads/2026/02/TATA-TEA-ELAICHI-CHAI-100G.jpg,https://kingsspiceminimart.com.au/product/tata-tea-elaichi-chai-100g/,kingsspice_export/images/tata-tea-elaichi-chai-100g.jpg
tata-tea-ginger-chai-100g,TATA TEA GINGER CHAI 100G,$ 5.50,"Beverages , Tea",,,,https://kingsspiceminimart.com.au/wp-content/uploads/2026/02/TATA-TEA-GINGER-CHAI-100G.jpg,https://kingsspiceminimart.com.au/product/tata-tea-ginger-chai-100g/,kingsspice_export/images/tata-tea-ginger-chai-100g.jpg
tata-tea-gold-1kg,TATA TEA GOLD 1KG,$ 19.00,"Beverages , Tea",,,,https://kingsspiceminimart.com.au/wp-content/uploads/2026/02/TATA-TEA-GOLD-1KG.jpg,https://kingsspiceminimart.com.au/product/tata-tea-gold-1kg/,kingsspice_export/images/tata-tea-gold-1kg.jpg
tata-tea-gold-450g,TATA TEA GOLD 450G,$ 8.90,"Beverages , Tea",,,,http://kingsspiceminimart.com.au/wp-content/uploads/2026/02/Untitled-design-2026-02-19T221010.101.png,https://kingsspiceminimart.com.au/product/tata-tea-gold-450g/,kingsspice_export/images/tata-tea-gold-450g.png
tata-tea-gold-500g,TATA TEA GOLD 500G,$ 10.00,"Beverages , Tea",,,,https://kingsspiceminimart.com.au/wp-content/uploads/2026/02/TATA-TEA-GOLD-500G.jpg,https://kingsspiceminimart.com.au/product/tata-tea-gold-500g/,kingsspice_export/images/tata-tea-gold-500g.jpg
tata-tea-gold-900g,TATA TEA GOLD 900G,$ 11.00,"Beverages , Tea",,,,http://kingsspiceminimart.com.au/wp-content/uploads/2026/02/TATA-TEA-GOLD-900G.jpg,https://kingsspiceminimart.com.au/product/tata-tea-gold-900g/,kingsspice_export/images/tata-tea-gold-900g.jpg
tata-tea-kanan-devan-classic-1kg,TATA TEA KANAN DEVAN CLASSIC 1KG,$ 12.90,"Beverages , Tea",,,,http://kingsspiceminimart.com.au/wp-content/uploads/2026/02/Untitled-design-2026-02-06T143023.345.png,https://kingsspiceminimart.com.au/product/tata-tea-kanan-devan-classic-1kg/,kingsspice_export/images/tata-tea-kanan-devan-classic-1kg.png
tata-tea-masala-chai-100g,TATA TEA MASALA CHAI 100G,$ 5.50,"Beverages , Tea",,,,http://kingsspiceminimart.com.au/wp-content/uploads/2026/02/Untitled-design-2026-02-19T221354.377.png,https://kingsspiceminimart.com.au/product/tata-tea-masala-chai-100g/,kingsspice_export/images/tata-tea-masala-chai-100g.png
tata-tea-premium-1kg,TATA TEA PREMIUM 1KG,$ 13.00,"Beverages , Tea",,,,http://kingsspiceminimart.com.au/wp-content/uploads/2026/02/TATA-TEA-PREMIUM-1KG.jpg,https://kingsspiceminimart.com.au/product/tata-tea-premium-1kg/,kingsspice_export/images/tata-tea-premium-1kg.jpg
tata-tea-premium-450g7,TATA TEA PREMIUM 450G7,$ 7.20,"Beverages , Tea",,,,http://kingsspiceminimart.com.au/wp-content/uploads/2026/02/Untitled-design-2026-02-19T221722.678.png,https://kingsspiceminimart.com.au/product/tata-tea-premium-450g7/,kingsspice_export/images/tata-tea-premium-450g7.png
tata-tea-premium-500g,TATA TEA PREMIUM 500G,$ 7.90,"Beverages , Tea",,,,http://kingsspiceminimart.com.au/wp-content/uploads/2026/02/TATA-TEA-PREMIUM-500G.jpg,https://kingsspiceminimart.com.au/product/tata-tea-premium-500g/,kingsspice_export/images/tata-tea-premium-500g.jpg
telugu-foods-tamarind-paste-300g,TELUGU FOODS TAMARIND PASTE 300G,$ 3.50,Frozen Food,Telugu Foods,,,https://kingsspiceminimart.com.au/wp-content/uploads/2026/02/TELUGU-FOODS-TAMARIND-PASTE-300G.jpg,https://kingsspiceminimart.com.au/product/telugu-foods-tamarind-paste-300g/,kingsspice_export/images/telugu-foods-tamarind-paste-300g.jpg
tez-mustard-oil-1-90l,TEZ MUSTARD OIL 1.90L,$ 14.00,"Grocery , oil/ fats",,,,https://kingsspiceminimart.com.au/wp-content/uploads/2026/02/Untitled-design-2026-02-24T153441.655.png,https://kingsspiceminimart.com.au/product/tez-mustard-oil-1-90l/,kingsspice_export/images/tez-mustard-oil-1-90l.png
tez-mustard-oil-1l,TEZ MUSTARD OIL 1L,$ 8.90,"Grocery , oil/ fats",,,,https://kingsspiceminimart.com.au/wp-content/uploads/2026/02/Untitled-design-2026-02-24T153601.633.png,https://kingsspiceminimart.com.au/product/tez-mustard-oil-1l/,kingsspice_export/images/tez-mustard-oil-1l.png
tez-mustard-oil-2l,TEZ MUSTARD OIL 2L,$ 14.00,"Grocery , oil/ fats",,,,https://kingsspiceminimart.com.au/wp-content/uploads/2026/02/TEZ-MUSTARD-OIL-2L.jpg,https://kingsspiceminimart.com.au/product/tez-mustard-oil-2l/,kingsspice_export/images/tez-mustard-oil-2l.jpg
tez-mustard-oil-4-75l,TEZ MUSTARD OIL 4.75L,$ 37.00,"Grocery , oil/ fats",,,,https://kingsspiceminimart.com.au/wp-content/uploads/2026/02/Untitled-design-2026-02-24T153924.441.png,https://kingsspiceminimart.com.au/product/tez-mustard-oil-4-75l/,kingsspice_export/images/tez-mustard-oil-4-75l.png
tez-mustard-oil-500ml,TEZ MUSTARD OIL 500ML,$ 5.50,"Grocery , oil/ fats",,,,https://kingsspiceminimart.com.au/wp-content/uploads/2026/02/TEZ-MUSTARD-OIL-500ML.jpg,https://kingsspiceminimart.com.au/product/tez-mustard-oil-500ml/,kingsspice_export/images/tez-mustard-oil-500ml.jpg
thati-munjalu-300g,Thati Munjalu 300g,$ 8.50,"Fruits , Imported / Packed",Telugu Foods,,,http://kingsspiceminimart.com.au/wp-content/uploads/2025/11/1-4.png,https://kingsspiceminimart.com.au/product/thati-munjalu-300g/,kingsspice_export/images/thati-munjalu-300g.png
thulasi-barnyard-millet-1kg,THULASI BARNYARD MILLET 1KG,$ 6.95,pulses/ grains,Thulasi,,,https://kingsspiceminimart.com.au/wp-content/uploads/woocommerce-placeholder-600x600.webp,https://kingsspiceminimart.com.au/product/thulasi-barnyard-millet-1kg/,kingsspice_export/images/thulasi-barnyard-millet-1kg.webp
thulasi-barnyard-millet-500g,THULASI BARNYARD MILLET 500G,$ 3.99,pulses/ grains,Thulasi,,,https://kingsspiceminimart.com.au/wp-content/uploads/woocommerce-placeholder-600x600.webp,https://kingsspiceminimart.com.au/product/thulasi-barnyard-millet-500g/,kingsspice_export/images/thulasi-barnyard-millet-500g.webp
thulasi-chekku-peanut-oil-5l,THULASI CHEKKU PEANUT OIL 5L,$ 54.00,"Grocery , oil/ fats",Thulasi,,,https://kingsspiceminimart.com.au/wp-content/uploads/2026/04/Untitled-design-12.png,https://kingsspiceminimart.com.au/product/thulasi-chekku-peanut-oil-5l/,kingsspice_export/images/thulasi-chekku-peanut-oil-5l.png
thulasi-cold-pressed-oil-2lit,THULASI COLD PRESSED OIL 2LIT,$ 19.95,"Grocery , oil/ fats",Thulasi,,,https://kingsspiceminimart.com.au/wp-content/uploads/2026/04/Untitled-design.png,https://kingsspiceminimart.com.au/product/thulasi-cold-pressed-oil-2lit/,kingsspice_export/images/thulasi-cold-pressed-oil-2lit.png
thulasi-coriander-powder-500g,Thulasi Coriander Powder 500g,$ 3.30,Grocery,Thulasi,,,https://kingsspiceminimart.com.au/wp-content/uploads/2026/04/Untitled-design-16.png,https://kingsspiceminimart.com.au/product/thulasi-coriander-powder-500g/,kingsspice_export/images/thulasi-coriander-powder-500g.png
thulasi-country-jaggery-powder-500g,THULASI COUNTRY JAGGERY POWDER 500G,$ 3.50,Frozen Food,Thulasi,,,https://kingsspiceminimart.com.au/wp-content/uploads/woocommerce-placeholder-600x600.webp,https://kingsspiceminimart.com.au/product/thulasi-country-jaggery-powder-500g/,kingsspice_export/images/thulasi-country-jaggery-powder-500g.webp
thulasi-finger-millet-ragi-500g,THULASI FINGER MILLET/ RAGI 500G,$ 3.50,pulses/ grains,,,,https://kingsspiceminimart.com.au/wp-content/uploads/woocommerce-placeholder-600x600.webp,https://kingsspiceminimart.com.au/product/thulasi-finger-millet-ragi-500g/,kingsspice_export/images/thulasi-finger-millet-ragi-500g.webp
thulasi-foxtail-millet-1kg,THULASI FOXTAIL MILLET 1KG,$ 6.25,Grocery,Thulasi,,,https://kingsspiceminimart.com.au/wp-content/uploads/2026/04/iKg-9.png,https://kingsspiceminimart.com.au/product/thulasi-foxtail-millet-1kg/,kingsspice_export/images/thulasi-foxtail-millet-1kg.png
thulasi-guntur-long-chilli-200g,THULASI GUNTUR LONG CHILLI 200G,$ 3.95,Grocery,Thulasi,,,https://kingsspiceminimart.com.au/wp-content/uploads/2026/04/Untitled-design-15.png,https://kingsspiceminimart.com.au/product/thulasi-guntur-long-chilli-200g/,kingsspice_export/images/thulasi-guntur-long-chilli-200g.png
thulasi-kodo-millet-1kg,THULASI KODO MILLET 1KG,$ 6.75,Grocery,Thulasi,,,http://kingsspiceminimart.com.au/wp-content/uploads/2026/04/iKg-11.png,https://kingsspiceminimart.com.au/product/thulasi-kodo-millet-1kg/,kingsspice_export/images/thulasi-kodo-millet-1kg.png
thulasi-kodo-millet-500g,THULASI KODO MILLET 500G,$ 3.75,pulses/ grains,Thulasi,,,https://kingsspiceminimart.com.au/wp-content/uploads/woocommerce-placeholder-600x600.webp,https://kingsspiceminimart.com.au/product/thulasi-kodo-millet-500g/,kingsspice_export/images/thulasi-kodo-millet-500g.webp
thulasi-kozhukattai-flour-500g,THULASI KOZHUKATTAI FLOUR 500G,$ 3.50,"flour , Grocery",Thulasi,,,https://kingsspiceminimart.com.au/wp-content/uploads/woocommerce-placeholder-600x600.webp,https://kingsspiceminimart.com.au/product/thulasi-kozhukattai-flour-500g/,kingsspice_export/images/thulasi-kozhukattai-flour-500g.webp
thulasi-kurnool-sona-masoori-rice-1kg,THULASI KURNOOL SONA MASOORI RICE 1KG,$ 4.50,rice,Thulasi,,,https://kingsspiceminimart.com.au/wp-content/uploads/2026/04/Untitled-design-2026-04-10T122607.920.png,https://kingsspiceminimart.com.au/product/thulasi-kurnool-sona-masoori-rice-1kg/,kingsspice_export/images/thulasi-kurnool-sona-masoori-rice-1kg.png
thulasi-long-papad-200g,THULASI LONG PAPAD 200G,$ 2.95,Grocery,Thulasi,,,https://kingsspiceminimart.com.au/wp-content/uploads/2026/04/iKg-16.png,https://kingsspiceminimart.com.au/product/thulasi-long-papad-200g/,kingsspice_export/images/thulasi-long-papad-200g.png
thulasi-madurai-muniyandi-vilas-chicken-masala,THULASI MADURAI MUNIYANDI VILAS CHICKEN MASALA,$ 4.50,"Frozen Food , Processed Meats & Seafood",Thulasi,,,https://kingsspiceminimart.com.au/wp-content/uploads/2026/04/Untitled-design-6.png,https://kingsspiceminimart.com.au/product/thulasi-madurai-muniyandi-vilas-chicken-masala/,kingsspice_export/images/thulasi-madurai-muniyandi-vilas-chicken-masala.png
thulasi-madurai-muniyandi-vilas-fish-fry-masala,THULASI MADURAI MUNIYANDI VILAS FISH FRY MASALA,$ 4.50,"Frozen Food , frozen sea food",Thulasi,,,https://kingsspiceminimart.com.au/wp-content/uploads/woocommerce-placeholder-600x600.webp,https://kingsspiceminimart.com.au/product/thulasi-madurai-muniyandi-vilas-fish-fry-masala/,kingsspice_export/images/thulasi-madurai-muniyandi-vilas-fish-fry-masala.webp
thulasi-madurai-muniyandi-vilas-mutton-masala,THULASI MADURAI MUNIYANDI VILAS MUTTON MASALA,$ 4.25,"Frozen Food , Processed Meats & Seafood",Thulasi,,,https://kingsspiceminimart.com.au/wp-content/uploads/2026/04/Untitled-design-5.png,https://kingsspiceminimart.com.au/product/thulasi-madurai-muniyandi-vilas-mutton-masala/,kingsspice_export/images/thulasi-madurai-muniyandi-vilas-mutton-masala.png
thulasi-moringa-powder-50g-2,THULASI MORINGA POWDER 50G,$ 4.75,Grocery,Thulasi,,,https://kingsspiceminimart.com.au/wp-content/uploads/woocommerce-placeholder-600x600.webp,https://kingsspiceminimart.com.au/product/thulasi-moringa-powder-50g-2/,kingsspice_export/images/thulasi-moringa-powder-50g-2.webp
thulasi-moringa-powder-50g,THULASI MORINGA POWDER 50G,$ 4.75,Grocery,Thulasi,,,https://kingsspiceminimart.com.au/wp-content/uploads/woocommerce-placeholder-600x600.webp,https://kingsspiceminimart.com.au/product/thulasi-moringa-powder-50g/,kingsspice_export/images/thulasi-moringa-powder-50g.webp
thulasi-murungai-idli-chutney-powder-100g,THULASI MURUNGAI IDLI CHUTNEY POWDER 100G,$ 3.75,Frozen Food,Thulasi,,,https://kingsspiceminimart.com.au/wp-content/uploads/woocommerce-placeholder-600x600.webp,https://kingsspiceminimart.com.au/product/thulasi-murungai-idli-chutney-powder-100g/,kingsspice_export/images/thulasi-murungai-idli-chutney-powder-100g.webp
thulasi-natural-jaggery-cube-gold-500g,THULASI NATURAL JAGGERY CUBE GOLD 500G,$ 3.20,Frozen Food,Thulasi,,,https://kingsspiceminimart.com.au/wp-content/uploads/2026/04/Untitled-design-14.png,https://kingsspiceminimart.com.au/product/thulasi-natural-jaggery-cube-gold-500g/,kingsspice_export/images/thulasi-natural-jaggery-cube-gold-500g.png
thulasi-palm-sugar-200g,THULASI PALM SUGAR 200G,$ 5.95,"Grocery , sugar",Thulasi,,,https://kingsspiceminimart.com.au/wp-content/uploads/2026/04/Untitled-design-17.png,https://kingsspiceminimart.com.au/product/thulasi-palm-sugar-200g/,kingsspice_export/images/thulasi-palm-sugar-200g.png
thulasi-pearl-millet-500g,THULASI PEARL MILLET 500G,$ 3.75,"Grocery , pulses/ grains",Thulasi,,,https://kingsspiceminimart.com.au/wp-content/uploads/woocommerce-placeholder-600x600.webp,https://kingsspiceminimart.com.au/product/thulasi-pearl-millet-500g/,kingsspice_export/images/thulasi-pearl-millet-500g.webp
thulasi-pirandai-idli-chutney-powder-100g-2,THULASI PIRANDAI IDLI CHUTNEY POWDER 100G,$ 3.95,Frozen Food,Thulasi,,,https://kingsspiceminimart.com.au/wp-content/uploads/2026/04/Untitled-design-22.png,https://kingsspiceminimart.com.au/product/thulasi-pirandai-idli-chutney-powder-100g-2/,kingsspice_export/images/thulasi-pirandai-idli-chutney-powder-100g-2.png
thulasi-pirandai-idli-chutney-powder-100g,THULASI PIRANDAI IDLI CHUTNEY POWDER 100G,$ 3.95,Uncategorized,,,,http://kingsspiceminimart.com.au/wp-content/uploads/2026/04/Untitled-design-9.png,https://kingsspiceminimart.com.au/product/thulasi-pirandai-idli-chutney-powder-100g/,kingsspice_export/images/thulasi-pirandai-idli-chutney-powder-100g.png
thulasi-premium-gram-flour-1kg,THULASI PREMIUM GRAM FLOUR 1KG,$ 4.75,"flour , Grocery",Thulasi,,,https://kingsspiceminimart.com.au/wp-content/uploads/2026/04/Untitled-design-1.png,https://kingsspiceminimart.com.au/product/thulasi-premium-gram-flour-1kg/,kingsspice_export/images/thulasi-premium-gram-flour-1kg.png
thulasi-proso-millet-1kg,THULASI PROSO MILLET 1KG,$ 6.90,Grocery,Thulasi,,,https://kingsspiceminimart.com.au/wp-content/uploads/woocommerce-placeholder-600x600.webp,https://kingsspiceminimart.com.au/product/thulasi-proso-millet-1kg/,kingsspice_export/images/thulasi-proso-millet-1kg.webp
thulasi-pure-cow-ghee-1l,THULASI PURE COW GHEE 1L,$ 18.95,"Grocery , oil/ fats",Thulasi,,,https://kingsspiceminimart.com.au/wp-content/uploads/2026/04/Untitled-design-11.png,https://kingsspiceminimart.com.au/product/thulasi-pure-cow-ghee-1l/,kingsspice_export/images/thulasi-pure-cow-ghee-1l.png
thulasi-ragi-flour-500g,Thulasi Ragi Flour 500g,$ 2.95,"flour , Grocery",Thulasi,,,https://kingsspiceminimart.com.au/wp-content/uploads/2026/04/Untitled-design-2.png,https://kingsspiceminimart.com.au/product/thulasi-ragi-flour-500g/,kingsspice_export/images/thulasi-ragi-flour-500g.png
thulasi-rice-papad-300g,THULASI RICE PAPAD 300G,$ 4.50,Grocery,Thulasi,,,http://kingsspiceminimart.com.au/wp-content/uploads/2026/04/iKg-17.png,https://kingsspiceminimart.com.au/product/thulasi-rice-papad-300g/,kingsspice_export/images/thulasi-rice-papad-300g.png
thulasi-roasted-gram-split-500g,THULASI ROASTED GRAM SPLIT 500G,$ 4.35,"Grocery , pulses/ grains",Thulasi,,,https://kingsspiceminimart.com.au/wp-content/uploads/2026/04/Untitled-design-20.png,https://kingsspiceminimart.com.au/product/thulasi-roasted-gram-split-500g/,kingsspice_export/images/thulasi-roasted-gram-split-500g.png
thulasi-sun-dried-brinjal-100g,THULASI SUN DRIED BRINJAL 100G,$ 2.75,"packed , Vegitables",Thulasi,,,http://kingsspiceminimart.com.au/wp-content/uploads/2026/04/iKg-13.png,https://kingsspiceminimart.com.au/product/thulasi-sun-dried-brinjal-100g/,kingsspice_export/images/thulasi-sun-dried-brinjal-100g.png
thulasi-sun-dried-cluster-beans-100g,THULASI SUN DRIED CLUSTER BEANS 100G,$ 2.50,"packed , Vegitables",Thulasi,,,https://kingsspiceminimart.com.au/wp-content/uploads/woocommerce-placeholder-600x600.webp,https://kingsspiceminimart.com.au/product/thulasi-sun-dried-cluster-beans-100g/,kingsspice_export/images/thulasi-sun-dried-cluster-beans-100g.webp
thulasi-sun-dried-onion-fryum-100g,THULASI SUN DRIED ONION FRYUM 100G,$ 2.35,Grocery,Thulasi,,,https://kingsspiceminimart.com.au/wp-content/uploads/woocommerce-placeholder-600x600.webp,https://kingsspiceminimart.com.au/product/thulasi-sun-dried-onion-fryum-100g/,kingsspice_export/images/thulasi-sun-dried-onion-fryum-100g.webp
thulasi-sun-dried-turkey-berry-100g,THULASI SUN DRIED TURKEY BERRY 100G,$ 2.50,"packed , Vegitables",Thulasi,,,http://kingsspiceminimart.com.au/wp-content/uploads/2026/04/iKg-12.png,https://kingsspiceminimart.com.au/product/thulasi-sun-dried-turkey-berry-100g/,kingsspice_export/images/thulasi-sun-dried-turkey-berry-100g.png
thulasi-thanjavur-idly-rice-1kg,THULASI THANJAVUR IDLY RICE 1KG,$ 3.50,"Idly Rice , rice",Thulasi,,,https://kingsspiceminimart.com.au/wp-content/uploads/2026/04/Untitled-design-2026-04-10T121403.616.png,https://kingsspiceminimart.com.au/product/thulasi-thanjavur-idly-rice-1kg/,kingsspice_export/images/thulasi-thanjavur-idly-rice-1kg.png
thulasi-thanjavur-idly-rice-5kg,THULASI THANJAVUR IDLY RICE 5KG,$ 12.50,rice,Thulasi,,,http://kingsspiceminimart.com.au/wp-content/uploads/2026/04/iKg-3.png,https://kingsspiceminimart.com.au/product/thulasi-thanjavur-idly-rice-5kg/,kingsspice_export/images/thulasi-thanjavur-idly-rice-5kg.png
thulasi-thanjavur-mappilai-samba-1kg,THULASI THANJAVUR MAPPILAI SAMBA 1KG,$ 5.50,rice,Thulasi,,,http://kingsspiceminimart.com.au/wp-content/uploads/2026/04/iKg-1.png,https://kingsspiceminimart.com.au/product/thulasi-thanjavur-mappilai-samba-1kg/,kingsspice_export/images/thulasi-thanjavur-mappilai-samba-1kg.png
thulasi-thanjavur-ponni-boiled-rice-1kg,THULASI THANJAVUR PONNI BOILED RICE 1KG,$ 4.50,"Ponni rice , rice",Thulasi,,,https://kingsspiceminimart.com.au/wp-content/uploads/2026/04/Untitled-design-2026-04-10T122131.580.png,https://kingsspiceminimart.com.au/product/thulasi-thanjavur-ponni-boiled-rice-1kg/,kingsspice_export/images/thulasi-thanjavur-ponni-boiled-rice-1kg.png
thulasi-thanjavur-ponni-raw-rice-1kg,THULASI THANJAVUR PONNI RAW RICE 1KG,$ 4.90,"Ponni rice , rice",Thulasi,,,https://kingsspiceminimart.com.au/wp-content/uploads/2026/04/Untitled-design-2026-04-10T122437.134.png,https://kingsspiceminimart.com.au/product/thulasi-thanjavur-ponni-raw-rice-1kg/,kingsspice_export/images/thulasi-thanjavur-ponni-raw-rice-1kg.png
thulasi-thanjavur-seeraga-samba-rice-1kg,THULASI THANJAVUR SEERAGA SAMBA RICE 1KG,$ 5.50,rice,Thulasi,,,https://kingsspiceminimart.com.au/wp-content/uploads/woocommerce-placeholder-600x600.webp,https://kingsspiceminimart.com.au/product/thulasi-thanjavur-seeraga-samba-rice-1kg/,kingsspice_export/images/thulasi-thanjavur-seeraga-samba-rice-1kg.webp
thulasi-thanjavur-traditional-white-rice-5kg,THULASI THANJAVUR TRADITIONAL WHITE RICE 5KG,$ 6.90,rice,Thulasi,,,http://kingsspiceminimart.com.au/wp-content/uploads/2026/04/iKg-2.png,https://kingsspiceminimart.com.au/product/thulasi-thanjavur-traditional-white-rice-5kg/,kingsspice_export/images/thulasi-thanjavur-traditional-white-rice-5kg.png
thulasi-thoothuvalai-chutney-powder-100g,THULASI THOOTHUVALAI CHUTNEY POWDER 100G,$ 3.60,Frozen Food,Thulasi,,,http://kingsspiceminimart.com.au/wp-content/uploads/2026/04/Untitled-design-7.png,https://kingsspiceminimart.com.au/product/thulasi-thoothuvalai-chutney-powder-100g/,kingsspice_export/images/thulasi-thoothuvalai-chutney-powder-100g.png
thulasi-udankudi-karupatti-200g,THULASI UDANKUDI KARUPATTI 200G,$ 3.95,Grocery,Thulasi,,,https://kingsspiceminimart.com.au/wp-content/uploads/2026/04/Untitled-design-18.png,https://kingsspiceminimart.com.au/product/thulasi-udankudi-karupatti-200g/,kingsspice_export/images/thulasi-udankudi-karupatti-200g.png
thulasi-udankudi-sukku-karupatti-200g,THULASI UDANKUDI SUKKU KARUPATTI 200G,$ 4.99,Grocery,Thulasi,,,http://kingsspiceminimart.com.au/wp-content/uploads/2026/04/Untitled-design-19.png,https://kingsspiceminimart.com.au/product/thulasi-udankudi-sukku-karupatti-200g/,kingsspice_export/images/thulasi-udankudi-sukku-karupatti-200g.png
thulasi-vallarai-idli-chutney-powder-100g,Thulasi Vallarai Idli Chutney Powder 100g,$ 3.50,Frozen Food,Thulasi,,,http://kingsspiceminimart.com.au/wp-content/uploads/2026/04/Untitled-design-8.png,https://kingsspiceminimart.com.au/product/thulasi-vallarai-idli-chutney-powder-100g/,kingsspice_export/images/thulasi-vallarai-idli-chutney-powder-100g.png
thulasi-vasambu-100g,THULASI VASAMBU 100G,$ 3.70,"Grocery , pulses/ grains",Thulasi,,,https://kingsspiceminimart.com.au/wp-content/uploads/2026/04/iKg-18.png,https://kingsspiceminimart.com.au/product/thulasi-vasambu-100g/,kingsspice_export/images/thulasi-vasambu-100g.png
tokla-gold-tea-powder-500g,TOKLA GOLD TEA POWDER 500G,$ 7.90,"Beverages , Tea",,,,https://kingsspiceminimart.com.au/wp-content/uploads/2026/02/Untitled-design-2026-02-19T222058.967.png,https://kingsspiceminimart.com.au/product/tokla-gold-tea-powder-500g/,kingsspice_export/images/tokla-gold-tea-powder-500g.png
twinings-pure-green-tea-150g,TWININGS PURE GREEN TEA 150G,$ 9.50,"Beverages , Tea",,,,https://kingsspiceminimart.com.au/wp-content/uploads/2026/02/TWININGS-PURE-GREEN-TEA-150G.jpg,https://kingsspiceminimart.com.au/product/twinings-pure-green-tea-150g/,kingsspice_export/images/twinings-pure-green-tea-150g.jpg
uttam-tamarind-200g,UTTAM TAMARIND 200G,$ 2.50,"Grocery , seasonings / coconut cream",,,,https://kingsspiceminimart.com.au/wp-content/uploads/2026/02/UTTAM-TAMARIND-200G.webp,https://kingsspiceminimart.com.au/product/uttam-tamarind-200g/,kingsspice_export/images/uttam-tamarind-200g.webp
vaan-vayal-idly-rice-5kg,Vaan Vayal idly Rice 5kg,$ 11.95 Original price was: $11.95. $ 9.95 Current price is: $9.95.,"Flash Deals , Grocery , rice",Vaan Vayal,,,https://kingsspiceminimart.com.au/wp-content/uploads/2026/03/Untitled-design-28.png,https://kingsspiceminimart.com.au/product/vaan-vayal-idly-rice-5kg/,kingsspice_export/images/vaan-vayal-idly-rice-5kg.png
vadilal-butter-almond-cookies-200g,Vadilal Butter Almond Cookies 200g,$ 3.99,"Biscuits , Grocery",Vadilal,,,http://kingsspiceminimart.com.au/wp-content/uploads/2025/11/7-1.png,https://kingsspiceminimart.com.au/product/vadilal-butter-almond-cookies-200g/,kingsspice_export/images/vadilal-butter-almond-cookies-200g.png
vadilal-cashew-cookies-200g,Vadilal Cashew Cookies 200g,$ 3.99,"Biscuits , Grocery",Vadilal,,,https://kingsspiceminimart.com.au/wp-content/uploads/2025/11/8-1.png,https://kingsspiceminimart.com.au/product/vadilal-cashew-cookies-200g/,kingsspice_export/images/vadilal-cashew-cookies-200g.png
vadilal-coconut-cookies-200g,Vadilal Coconut Cookies 200g,$ 3.99,"Biscuits , Grocery",Vadilal,,,https://kingsspiceminimart.com.au/wp-content/uploads/2025/11/4-2.png,https://kingsspiceminimart.com.au/product/vadilal-coconut-cookies-200g/,kingsspice_export/images/vadilal-coconut-cookies-200g.png
vadilal-dry-fruit-cookies-200g,Vadilal Dry Fruit Cookies 200g,$ 3.99,"Biscuits , Grocery , New Arrivals",Vadilal,,,https://kingsspiceminimart.com.au/wp-content/uploads/2025/11/5-1.png,https://kingsspiceminimart.com.au/product/vadilal-dry-fruit-cookies-200g/,kingsspice_export/images/vadilal-dry-fruit-cookies-200g.png
vadilal-everyday-gold-basmati-5kg,Vadilal Everyday Gold Basmati – 5kg,$ 12.50 Original price was: $12.50. $ 11.99 Current price is: $11.99.,"Basmati rice , Flash Deals , Grocery , rice",Vadilal,,,https://kingsspiceminimart.com.au/wp-content/uploads/2026/03/6.png,https://kingsspiceminimart.com.au/product/vadilal-everyday-gold-basmati-5kg/,kingsspice_export/images/vadilal-everyday-gold-basmati-5kg.png
vadilal-kesar-badam-nankhatai-200g,Vadilal Kesar Badam Nankhatai 200g,$ 3.99,"Biscuits , Grocery , New Arrivals",Vadilal,,,https://kingsspiceminimart.com.au/wp-content/uploads/2025/11/1-1.png,https://kingsspiceminimart.com.au/product/vadilal-kesar-badam-nankhatai-200g/,kingsspice_export/images/vadilal-kesar-badam-nankhatai-200g.png
vadilal-nankhatai-200g,Vadilal Nankhatai 200g,$ 3.99,"Biscuits , Grocery , New Arrivals",Vadilal,,,https://kingsspiceminimart.com.au/wp-content/uploads/2025/11/3-2.png,https://kingsspiceminimart.com.au/product/vadilal-nankhatai-200g/,kingsspice_export/images/vadilal-nankhatai-200g.png
vadilal-salted-pistachio-cookies-200g,Vadilal Salted Pistachio Cookies 200g,$ 3.99,"Biscuits , Grocery , New Arrivals",Vadilal,,,http://kingsspiceminimart.com.au/wp-content/uploads/2025/11/6-1.png,https://kingsspiceminimart.com.au/product/vadilal-salted-pistachio-cookies-200g/,kingsspice_export/images/vadilal-salted-pistachio-cookies-200g.png
vadilal-tuti-fruti-cookies-200g,Vadilal Tuti Fruti Cookies 200g,$ 3.99,"Biscuits , Grocery , New Arrivals",Vadilal,,,https://kingsspiceminimart.com.au/wp-content/uploads/2025/11/9-1.png,https://kingsspiceminimart.com.au/product/vadilal-tuti-fruti-cookies-200g/,kingsspice_export/images/vadilal-tuti-fruti-cookies-200g.png
viswas-avalose-unda-400g,VISWAS AVALOSE UNDA 400G,$ 5.50,"Grocery , Snacks",Viswas,,,https://kingsspiceminimart.com.au/wp-content/uploads/2025/11/Untitled-design-47.png,https://kingsspiceminimart.com.au/product/viswas-avalose-unda-400g/,kingsspice_export/images/viswas-avalose-unda-400g.png
viswas-aviyal-350g,VISWAS AVIYAL 350G,$ 4.90,"Grocery , meal accompaniments",Viswas,,,https://kingsspiceminimart.com.au/wp-content/uploads/2025/11/WhatsApp-Image-2025-08-15-at-3.32.58-PM-3.jpeg,https://kingsspiceminimart.com.au/product/viswas-aviyal-350g/,kingsspice_export/images/viswas-aviyal-350g.jpeg
viswas-aviyal-mix-400g,VISWAS AVIYAL MIX 400G,$ 5.50,"Grocery , meal accompaniments",Viswas,,,https://kingsspiceminimart.com.au/wp-content/uploads/2025/11/AviyalVegetableMixByViswas_400x_f0757351-4650-4fe2-8022-5ad050eae6e6.webp,https://kingsspiceminimart.com.au/product/viswas-aviyal-mix-400g/,kingsspice_export/images/viswas-aviyal-mix-400g.webp
viswas-baby-rice-murukku-400g,Viswas Baby Rice Murukku 400g,$ 5.50,"Grocery , Snacks",Viswas,,,https://kingsspiceminimart.com.au/wp-content/uploads/2025/11/Untitled-design-46.png,https://kingsspiceminimart.com.au/product/viswas-baby-rice-murukku-400g/,kingsspice_export/images/viswas-baby-rice-murukku-400g.png
viswas-banana-chips-400g,VISWAS BANANA CHIPS 400G,$ 7.99,Snacks,Viswas,,,https://kingsspiceminimart.com.au/wp-content/uploads/2025/11/IS-315.webp,https://kingsspiceminimart.com.au/product/viswas-banana-chips-400g/,kingsspice_export/images/viswas-banana-chips-400g.webp
viswas-banana-fry-350g,VISWAS BANANA FRY 350G,$ 7.50,"Frozen Food , Frozen RTC Snacks",Viswas,,,https://kingsspiceminimart.com.au/wp-content/uploads/2025/11/8908000274716.webp,https://kingsspiceminimart.com.au/product/viswas-banana-fry-350g/,kingsspice_export/images/viswas-banana-fry-350g.webp
viswas-banana-roast-454g-2,VISWAS BANANA ROAST 454G,$ 7.50,"Frozen Food , Frozen RTC Snacks",Viswas,,,https://kingsspiceminimart.com.au/wp-content/uploads/2025/11/vsbanaro_600x600_crop_center.webp,https://kingsspiceminimart.com.au/product/viswas-banana-roast-454g-2/,kingsspice_export/images/viswas-banana-roast-454g-2.webp
viswas-banana-roast-454g,VISWAS BANANA ROAST 454G,$ 7.50,Grocery,Viswas,,,https://kingsspiceminimart.com.au/wp-content/uploads/2025/11/VISWAS-BANANA-ROAST-454G.jpeg,https://kingsspiceminimart.com.au/product/viswas-banana-roast-454g/,kingsspice_export/images/viswas-banana-roast-454g.jpeg
viswas-birds-eye-chilli-200g-2,VISWAS BIRDS EYE CHILLI 200G,$ 7.95,Uncategorized,,,,http://kingsspiceminimart.com.au/wp-content/uploads/2025/11/FROZ-253-1.webp,https://kingsspiceminimart.com.au/product/viswas-birds-eye-chilli-200g-2/,kingsspice_export/images/viswas-birds-eye-chilli-200g-2.webp
viswas-birds-eye-chilli-200g,VISWAS BIRDS EYE CHILLI 200G,$ 7.95,"packed , Vegitables",Viswas,,,https://kingsspiceminimart.com.au/wp-content/uploads/2025/11/FROZ-253.webp,https://kingsspiceminimart.com.au/product/viswas-birds-eye-chilli-200g/,kingsspice_export/images/viswas-birds-eye-chilli-200g.webp
viswas-biriyani-masala-100g-2,VISWAS BIRIYANI MASALA 100G,$ 3.95,"Grocery , seasonings / coconut cream",Viswas,,,https://kingsspiceminimart.com.au/wp-content/uploads/2025/11/biriyanimasala_1000x.webp,https://kingsspiceminimart.com.au/product/viswas-biriyani-masala-100g-2/,kingsspice_export/images/viswas-biriyani-masala-100g-2.webp
viswas-biriyani-masala-100g,VISWAS BIRIYANI MASALA 100G,$ 3.95,"Grocery , seasonings / coconut cream",Viswas,,,http://kingsspiceminimart.com.au/wp-content/uploads/2025/11/Untitled-design-21-1.png,https://kingsspiceminimart.com.au/product/viswas-biriyani-masala-100g/,kingsspice_export/images/viswas-biriyani-masala-100g.png
viswas-bonda-350g-2,VISWAS BONDA 350G,$ 5.50,"Grocery , Snacks",Viswas,,,http://kingsspiceminimart.com.au/wp-content/uploads/2025/11/vsbon_800x.webp,https://kingsspiceminimart.com.au/product/viswas-bonda-350g-2/,kingsspice_export/images/viswas-bonda-350g-2.webp
viswas-bonda-350g,VISWAS BONDA 350G,$ 5.50,"Frozen Food , Frozen RTC Snacks",Viswas,,,http://kingsspiceminimart.com.au/wp-content/uploads/2025/11/Untitled-design-19-1.png,https://kingsspiceminimart.com.au/product/viswas-bonda-350g/,kingsspice_export/images/viswas-bonda-350g.png
viswas-broken-rice-1kg-2,VISWAS BROKEN RICE 1KG,$ 5.70,"Grocery , rice",Viswas,,,http://kingsspiceminimart.com.au/wp-content/uploads/2025/11/Untitled-design-32-1.png,https://kingsspiceminimart.com.au/product/viswas-broken-rice-1kg-2/,kingsspice_export/images/viswas-broken-rice-1kg-2.png
viswas-broken-rice-1kg,VISWAS BROKEN RICE 1KG,$ 6.90,"Grocery , rice",Viswas,,,https://kingsspiceminimart.com.au/wp-content/uploads/2025/11/VISWAS-BROKEN-RICE-1KG.png,https://kingsspiceminimart.com.au/product/viswas-broken-rice-1kg/,kingsspice_export/images/viswas-broken-rice-1kg.png
viswas-broken-suchi-wheat-1kg,VISWAS BROKEN SUCHI WHEAT 1KG,$ 6.90,"flour , Grocery",Viswas,,,https://kingsspiceminimart.com.au/wp-content/uploads/2025/11/ViswasBrokenSuchiWheat1Kg.webp,https://kingsspiceminimart.com.au/product/viswas-broken-suchi-wheat-1kg/,kingsspice_export/images/viswas-broken-suchi-wheat-1kg.webp
viswas-chappathi-908g-2,VISWAS CHAPPATHI 908G,$ 10.50,"Frozen Food , Prepared meals",Viswas,,,https://kingsspiceminimart.com.au/wp-content/uploads/2025/11/Untitled-design-33-1.png,https://kingsspiceminimart.com.au/product/viswas-chappathi-908g-2/,kingsspice_export/images/viswas-chappathi-908g-2.png
viswas-chappathi-908g,VISWAS CHAPPATHI 908G,$ 10.50,"Frozen Food , Prepared meals",Viswas,,,https://kingsspiceminimart.com.au/wp-content/uploads/2025/11/Untitled-design-20-1.png,https://kingsspiceminimart.com.au/product/viswas-chappathi-908g/,kingsspice_export/images/viswas-chappathi-908g.png
viswas-cheera-thoran-350g,VISWAS CHEERA THORAN  350G,$ 5.95,Grocery,Viswas,,,https://kingsspiceminimart.com.au/wp-content/uploads/2025/11/Viswas-Cheera-Thoran-350g.webp,https://kingsspiceminimart.com.au/product/viswas-cheera-thoran-350g/,kingsspice_export/images/viswas-cheera-thoran-350g.webp
viswas-chemba-puttu-podi-1kg-2,VISWAS CHEMBA PUTTU PODI 1KG,$ 4.90,"flour , Grocery",Viswas,,,http://kingsspiceminimart.com.au/wp-content/uploads/2025/11/Untitled-design-45.png,https://kingsspiceminimart.com.au/product/viswas-chemba-puttu-podi-1kg-2/,kingsspice_export/images/viswas-chemba-puttu-podi-1kg-2.png
viswas-chemba-puttu-podi-1kg,VISWAS CHEMBA PUTTU PODI 1KG,$ 4.90,"flour , Grocery",Viswas,,,https://kingsspiceminimart.com.au/wp-content/uploads/2025/11/20210427-9.jpg,https://kingsspiceminimart.com.au/product/viswas-chemba-puttu-podi-1kg/,kingsspice_export/images/viswas-chemba-puttu-podi-1kg.jpg
viswas-chicken-masala-160g-2,VISWAS CHICKEN MASALA 160G,$ 3.99,"Grocery , seasonings / coconut cream",Viswas,,,http://kingsspiceminimart.com.au/wp-content/uploads/2025/11/CHICKENMASALA_85834b83-ae9c-4fc2-a51e-7360800a113f.webp,https://kingsspiceminimart.com.au/product/viswas-chicken-masala-160g-2/,kingsspice_export/images/viswas-chicken-masala-160g-2.webp
viswas-chicken-masala-160g,VISWAS CHICKEN MASALA 160G,$ 3.99,Grocery,Viswas,,,http://kingsspiceminimart.com.au/wp-content/uploads/2025/11/VISWAS-CHICKEN-MASALA-160G.png,https://kingsspiceminimart.com.au/product/viswas-chicken-masala-160g/,kingsspice_export/images/viswas-chicken-masala-160g.png
viswas-chinese-potato-400g,VISWAS CHINESE POTATO 400G,$ 6.25,Grocery,Viswas,,,https://kingsspiceminimart.com.au/wp-content/uploads/2025/11/VISWAS-CHINESE-POTATO-400G.jpeg,https://kingsspiceminimart.com.au/product/viswas-chinese-potato-400g/,kingsspice_export/images/viswas-chinese-potato-400g.jpeg
viswas-cut-mango-green-400g,VISWAS CUT MANGO GREEN 400G,$ 5.60,"Grocery , meal accompaniments",Viswas,,,https://kingsspiceminimart.com.au/wp-content/uploads/2025/11/VISWAS-CUT-MANGO-GREEN-400GM-1.png,https://kingsspiceminimart.com.au/product/viswas-cut-mango-green-400g/,kingsspice_export/images/viswas-cut-mango-green-400g.png
viswas-cut-mango-pickle-400g-2,VISWAS CUT MANGO PICKLE 400G,$ 4.50,"Grocery , meal accompaniments",Viswas,,,http://kingsspiceminimart.com.au/wp-content/uploads/2025/11/CutMangoPickleViswas_1200x.webp,https://kingsspiceminimart.com.au/product/viswas-cut-mango-pickle-400g-2/,kingsspice_export/images/viswas-cut-mango-pickle-400g-2.webp
viswas-cut-mango-pickle-400g,VISWAS CUT MANGO PICKLE 400G,$ 4.50,Grocery,Viswas,,,https://kingsspiceminimart.com.au/wp-content/uploads/2025/11/VISWAS-CUT-MANGO-PICKLE-400G.jpeg,https://kingsspiceminimart.com.au/product/viswas-cut-mango-pickle-400g/,kingsspice_export/images/viswas-cut-mango-pickle-400g.jpeg
viswas-cut-okra-400g,VISWAS CUT OKRA 400G,$ 3.90,"packed , Vegitables",Viswas,,,https://kingsspiceminimart.com.au/wp-content/uploads/2025/11/VISWAS-CUT-OKRA-400G.jpg,https://kingsspiceminimart.com.au/product/viswas-cut-okra-400g/,kingsspice_export/images/viswas-cut-okra-400g.jpg
viswas-dates-n-cashew-cake-700g-2,VISWAS DATES ‘N’ CASHEW CAKE 700G,$ 15.50,"Grocery , Snacks",Viswas,,,http://kingsspiceminimart.com.au/wp-content/uploads/2025/11/Untitled-design-34-1.png,https://kingsspiceminimart.com.au/product/viswas-dates-n-cashew-cake-700g-2/,kingsspice_export/images/viswas-dates-n-cashew-cake-700g-2.png
viswas-dates-n-cashew-cake-700g,VISWAS DATES ‘N’ CASHEW CAKE 700G,$ 15.50,"cake , Grocery , New Arrivals",Viswas,,,https://kingsspiceminimart.com.au/wp-content/uploads/2025/11/Untitled-design-22-1.png,https://kingsspiceminimart.com.au/product/viswas-dates-n-cashew-cake-700g/,kingsspice_export/images/viswas-dates-n-cashew-cake-700g.png
viswas-dosa-podi-1kg-2,VISWAS DOSA PODI 1KG,$ 6.50,"Grocery , seasonings / coconut cream",Viswas,,,https://kingsspiceminimart.com.au/wp-content/uploads/2025/11/20210427-SouthIndianProducts-2_grande.webp,https://kingsspiceminimart.com.au/product/viswas-dosa-podi-1kg-2/,kingsspice_export/images/viswas-dosa-podi-1kg-2.webp
viswas-dosa-podi-1kg,VISWAS DOSA PODI 1KG,$ 6.50,Grocery,Viswas,,,http://kingsspiceminimart.com.au/wp-content/uploads/2025/11/VISWAS-DOSA-PODI-1KG.jpeg,https://kingsspiceminimart.com.au/product/viswas-dosa-podi-1kg/,kingsspice_export/images/viswas-dosa-podi-1kg.jpeg
viswas-drumsticks-400g-2,VISWAS DRUMSTICKS 400G,$ 4.90,"packed , Vegitables",Viswas,,,https://kingsspiceminimart.com.au/wp-content/uploads/2025/11/Banaaaannaaa-scaled.webp,https://kingsspiceminimart.com.au/product/viswas-drumsticks-400g-2/,kingsspice_export/images/viswas-drumsticks-400g-2.webp
viswas-drumsticks-400g,VISWAS DRUMSTICKS 400G,$ 4.90,Grocery,Viswas,,,https://kingsspiceminimart.com.au/wp-content/uploads/2025/11/image_22415296-51dc-4a7e-a84f-6950cd96607f-scaled.webp,https://kingsspiceminimart.com.au/product/viswas-drumsticks-400g/,kingsspice_export/images/viswas-drumsticks-400g.webp
viswas-extra-hot-mixture-400g-2,VISWAS EXTRA HOT MIXTURE 400G,$ 5.99,"Grocery , Snacks",Viswas,,,https://kingsspiceminimart.com.au/wp-content/uploads/2025/11/Untitled-design-35-1.png,https://kingsspiceminimart.com.au/product/viswas-extra-hot-mixture-400g-2/,kingsspice_export/images/viswas-extra-hot-mixture-400g-2.png
viswas-extra-hot-mixture-400g,VISWAS EXTRA HOT MIXTURE 400G,$ 5.99,Grocery,Viswas,,,https://kingsspiceminimart.com.au/wp-content/uploads/2025/11/VISWAS-EXTRA-HOT-MIXTURE-400G.jpeg,https://kingsspiceminimart.com.au/product/viswas-extra-hot-mixture-400g/,kingsspice_export/images/viswas-extra-hot-mixture-400g.jpeg
viswas-extra-hot-mixture-908g-2,VISWAS EXTRA HOT MIXTURE 908G,$ 11.50,"Grocery , Snacks",Viswas,,,https://kingsspiceminimart.com.au/wp-content/uploads/2025/11/Viiwas-Extra-Hot-Mixture.webp,https://kingsspiceminimart.com.au/product/viswas-extra-hot-mixture-908g-2/,kingsspice_export/images/viswas-extra-hot-mixture-908g-2.webp
viswas-extra-hot-mixture-908g,VISWAS EXTRA HOT MIXTURE 908G,$ 11.50,Grocery,Viswas,,,https://kingsspiceminimart.com.au/wp-content/uploads/2025/11/VISWAS-EXTRA-HOT-MIXTURE-908G.jpeg,https://kingsspiceminimart.com.au/product/viswas-extra-hot-mixture-908g/,kingsspice_export/images/viswas-extra-hot-mixture-908g.jpeg
viswas-fish-masala-160g,VISWAS FISH MASALA 160G,$ 3.99,Uncategorized,,,,https://kingsspiceminimart.com.au/wp-content/uploads/2025/11/FISHMASALA_1024x.webp,https://kingsspiceminimart.com.au/product/viswas-fish-masala-160g/,kingsspice_export/images/viswas-fish-masala-160g.webp
viswas-frozen-kozhukkatta-350g,VISWAS FROZEN KOZHUKKATTA 350G,$ 6.10,"Frozen Food , Frozen RTC Snacks",Viswas,,,https://kingsspiceminimart.com.au/wp-content/uploads/2025/12/Viswas_Frozen_Kozhukkatta_350g_-1.webp,https://kingsspiceminimart.com.au/product/viswas-frozen-kozhukkatta-350g/,kingsspice_export/images/viswas-frozen-kozhukkatta-350g.webp
viswas-garam-masala-100g,VISWAS GARAM MASALA 100G,$ 3.75,"Grocery , seasonings / coconut cream",Viswas,,,https://kingsspiceminimart.com.au/wp-content/uploads/2025/12/GSS-561.jpg,https://kingsspiceminimart.com.au/product/viswas-garam-masala-100g/,kingsspice_export/images/viswas-garam-masala-100g.jpg
viswas-garam-masala-mix-200g,VISWAS GARAM MASALA MIX 200G,$ 6.25,"Grocery , seasonings / coconut cream",Viswas,,,https://kingsspiceminimart.com.au/wp-content/uploads/2025/12/WhatsAppImage2025-01-08at14.13.15_6a9b89e5.webp,https://kingsspiceminimart.com.au/product/viswas-garam-masala-mix-200g/,kingsspice_export/images/viswas-garam-masala-mix-200g.webp
viswas-garlic-pickle-40g,VISWAS GARLIC PICKLE 40G,$ 5.20,"Grocery , meal accompaniments",Viswas,,,https://kingsspiceminimart.com.au/wp-content/uploads/2025/12/PS-210.webp,https://kingsspiceminimart.com.au/product/viswas-garlic-pickle-40g/,kingsspice_export/images/viswas-garlic-pickle-40g.webp
viswas-gingelly-ball-200g,VISWAS GINGELLY BALL 200G,$ 4.20,"Grocery , Snacks",Viswas,,,https://kingsspiceminimart.com.au/wp-content/uploads/2025/12/Untitled-design-37.png,https://kingsspiceminimart.com.au/product/viswas-gingelly-ball-200g/,kingsspice_export/images/viswas-gingelly-ball-200g.png
viswas-idiappam-brown-454g,VISWAS IDIAPPAM BROWN 454G,$ 5.50,"flour , Grocery",Viswas,,,http://kingsspiceminimart.com.au/wp-content/uploads/2025/12/PS-210-1.webp,https://kingsspiceminimart.com.au/product/viswas-idiappam-brown-454g/,kingsspice_export/images/viswas-idiappam-brown-454g.webp
viswas-idichakka-thoran-350g,VISWAS IDICHAKKA THORAN 350G,$ 4.99,"Frozen Food , Frozen RTC Snacks",Viswas,,,http://kingsspiceminimart.com.au/wp-content/uploads/2025/12/FROZ-232.webp,https://kingsspiceminimart.com.au/product/viswas-idichakka-thoran-350g/,kingsspice_export/images/viswas-idichakka-thoran-350g.webp
viswas-idiyappam-podi-1kg,VISWAS IDIYAPPAM PODI 1KG,$ 4.90,"flour , Grocery",Viswas,,,https://kingsspiceminimart.com.au/wp-content/uploads/2025/12/Untitled-2025-02-13T210157.894.webp,https://kingsspiceminimart.com.au/product/viswas-idiyappam-podi-1kg/,kingsspice_export/images/viswas-idiyappam-podi-1kg.webp
viswas-idiyappam-white-474g,VISWAS IDIYAPPAM WHITE 474G,$ 4.75,"flour , Grocery",Viswas,,,https://kingsspiceminimart.com.au/wp-content/uploads/2025/12/images-2.jpg,https://kingsspiceminimart.com.au/product/viswas-idiyappam-white-474g/,kingsspice_export/images/viswas-idiyappam-white-474g.jpg
viswas-idly-podi-1kg,VISWAS IDLY PODI 1KG,$ 6.50,"flour , Grocery",Viswas,,,https://kingsspiceminimart.com.au/wp-content/uploads/2025/12/images-3.jpg,https://kingsspiceminimart.com.au/product/viswas-idly-podi-1kg/,kingsspice_export/images/viswas-idly-podi-1kg.jpg
viswas-idlychutney-sambar-454g,"VISWAS IDLY,CHUTNEY, SAMBAR 454G",$ 4.85,"Frozen Food , Prepared meals",Viswas,,,https://kingsspiceminimart.com.au/wp-content/uploads/2025/12/Buy_Idli_Chutney_and_Sambar_online_UK.webp,https://kingsspiceminimart.com.au/product/viswas-idlychutney-sambar-454g/,kingsspice_export/images/viswas-idlychutney-sambar-454g.webp
viswas-instant-palada-mix-250g,VISWAS INSTANT PALADA MIX 250G,$ 4.50,"Grocery , Snacks",Viswas,,,http://kingsspiceminimart.com.au/wp-content/uploads/2025/12/Instant-Palada-Mix-430x430-1.png,https://kingsspiceminimart.com.au/product/viswas-instant-palada-mix-250g/,kingsspice_export/images/viswas-instant-palada-mix-250g.png
viswas-instant-semiya-payasam-mix-250g,VISWAS INSTANT SEMIYA PAYASAM MIX 250G,$ 4.50,"Grocery , Snacks",Viswas,,,https://kingsspiceminimart.com.au/wp-content/uploads/2025/12/images-4.jpg,https://kingsspiceminimart.com.au/product/viswas-instant-semiya-payasam-mix-250g/,kingsspice_export/images/viswas-instant-semiya-payasam-mix-250g.jpg
viswas-instant-upma-mix-1kg,VISWAS INSTANT UPMA MIX 1KG,$ 6.95,"Frozen Food , Frozen RTC Snacks",Viswas,,,http://kingsspiceminimart.com.au/wp-content/uploads/2025/12/viswasinstantuppumamix-front_1200x1200_19801c80-2fff-4a9b-b356-4169479a6a9b.webp,https://kingsspiceminimart.com.au/product/viswas-instant-upma-mix-1kg/,kingsspice_export/images/viswas-instant-upma-mix-1kg.webp
viswas-jackfruit-cake-700g,VISWAS JACKFRUIT CAKE 700G,$ 15.50,"cake , Grocery",Viswas,,,https://kingsspiceminimart.com.au/wp-content/uploads/2025/12/images-5.jpg,https://kingsspiceminimart.com.au/product/viswas-jackfruit-cake-700g/,kingsspice_export/images/viswas-jackfruit-cake-700g.jpg
viswas-jackfruit-green-sliced-400g,VISWAS JACKFRUIT GREEN SLICED 400G,$ 6.50,"packed , Vegitables",Viswas,,,https://kingsspiceminimart.com.au/wp-content/uploads/2025/12/FROZ-237.webp,https://kingsspiceminimart.com.au/product/viswas-jackfruit-green-sliced-400g/,kingsspice_export/images/viswas-jackfruit-green-sliced-400g.webp
viswas-jackfruit-green-whole-400g,VISWAS JACKFRUIT GREEN WHOLE 400G,$ 6.50,"packed , Vegitables",Viswas,,,https://kingsspiceminimart.com.au/wp-content/uploads/2025/12/FROZ-238.webp,https://kingsspiceminimart.com.au/product/viswas-jackfruit-green-whole-400g/,kingsspice_export/images/viswas-jackfruit-green-whole-400g.webp
viswas-jackfruit-seed-400g,VISWAS JACKFRUIT SEED 400G,$ 5.99,"Frozen Food , Frozen RTC Snacks",Viswas,,,http://kingsspiceminimart.com.au/wp-content/uploads/2025/12/Viswas-Jackfruit-Seed-Slice.webp,https://kingsspiceminimart.com.au/product/viswas-jackfruit-seed-400g/,kingsspice_export/images/viswas-jackfruit-seed-400g.webp
viswas-jilebi-227g,VISWAS JILEBI 227G,$ 4.95,"Grocery , Snacks",Viswas,,,http://kingsspiceminimart.com.au/wp-content/uploads/2025/12/Buy_frozen_jilebi_online_UK.webp,https://kingsspiceminimart.com.au/product/viswas-jilebi-227g/,kingsspice_export/images/viswas-jilebi-227g.webp
viswas-kadu-mango-pickle-400g,VISWAS KADU MANGO PICKLE 400G,$ 4.75,"Grocery , meal accompaniments",Viswas,,,https://kingsspiceminimart.com.au/wp-content/uploads/2025/12/images-6.jpg,https://kingsspiceminimart.com.au/product/viswas-kadu-mango-pickle-400g/,kingsspice_export/images/viswas-kadu-mango-pickle-400g.jpg
viswas-kerala-mixture-400g,VISWAS KERALA MIXTURE 400G,$ 5.75,"Grocery , Snacks",Viswas,,,http://kingsspiceminimart.com.au/wp-content/uploads/2025/12/Viswas_Kerala_Mixture_400Gm_540x_8b3fcb72-ad1e-47a0-8a69-897b1371b321-Photoroom.png,https://kingsspiceminimart.com.au/product/viswas-kerala-mixture-400g/,kingsspice_export/images/viswas-kerala-mixture-400g.png
viswas-kerala-mixture-908g,VISWAS KERALA MIXTURE 908G,$ 10.95,"Grocery , Snacks",Viswas,,,http://kingsspiceminimart.com.au/wp-content/uploads/2025/12/Viswas_Kerala_Mixture_400Gm_540x_7895045b-c507-45e2-8fa1-be4ce2c9fd5b.webp,https://kingsspiceminimart.com.au/product/viswas-kerala-mixture-908g/,kingsspice_export/images/viswas-kerala-mixture-908g.webp
viswas-kumbilappam-350g,VISWAS KUMBILAPPAM 350G,$ 5.25,"Frozen Food , Frozen RTC Snacks",Viswas,,,https://kingsspiceminimart.com.au/wp-content/uploads/2025/12/ViswasKumbilappam_800x.webp,https://kingsspiceminimart.com.au/product/viswas-kumbilappam-350g/,kingsspice_export/images/viswas-kumbilappam-350g.webp
viswas-lime-pickle-red-400g,VISWAS LIME PICKLE RED 400G,$ 4.50,"Grocery , meal accompaniments",Viswas,,,https://kingsspiceminimart.com.au/wp-content/uploads/2025/12/vslimered_1200x.webp,https://kingsspiceminimart.com.au/product/viswas-lime-pickle-red-400g/,kingsspice_export/images/viswas-lime-pickle-red-400g.webp
viswas-long-beans-400g,VISWAS LONG BEANS 400G,$ 5.25,"Frozen Food , Processed/Preserved Vegetable & Fru",Viswas,,,https://kingsspiceminimart.com.au/wp-content/uploads/2025/12/FROZ-241.webp,https://kingsspiceminimart.com.au/product/viswas-long-beans-400g/,kingsspice_export/images/viswas-long-beans-400g.webp
viswas-maida-1kg,VISWAS MAIDA 1KG,$ 2.95,"flour , Grocery",Viswas,,,https://kingsspiceminimart.com.au/wp-content/uploads/2025/12/ViswasMaida1kgveenas1.webp,https://kingsspiceminimart.com.au/product/viswas-maida-1kg/,kingsspice_export/images/viswas-maida-1kg.webp
viswas-malabar-porotta-6pcs,VISWAS MALABAR POROTTA 6PCS,$ 3.99,"Frozen Food , Prepared meals",Viswas,,,https://kingsspiceminimart.com.au/wp-content/uploads/2025/12/FROZ-169.jpg,https://kingsspiceminimart.com.au/product/viswas-malabar-porotta-6pcs/,kingsspice_export/images/viswas-malabar-porotta-6pcs.jpg
viswas-masala-dosa-400g,VISWAS MASALA DOSA 400G,$ 6.50,"Frozen Food , Prepared meals",Viswas,,,https://kingsspiceminimart.com.au/wp-content/uploads/2025/12/Untitled-design-43.png,https://kingsspiceminimart.com.au/product/viswas-masala-dosa-400g/,kingsspice_export/images/viswas-masala-dosa-400g.png
viswas-meat-masala-160g,VISWAS MEAT MASALA 160G,$ 3.99,"Grocery , seasonings / coconut cream",Viswas,,,https://kingsspiceminimart.com.au/wp-content/uploads/2025/12/WhatsAppImage2025-01-08at13.44.21_6a41aab4.webp,https://kingsspiceminimart.com.au/product/viswas-meat-masala-160g/,kingsspice_export/images/viswas-meat-masala-160g.webp
viswas-neyyappam-350g,VISWAS NEYYAPPAM 350G,$ 5.90,"Frozen Food , Prepared meals",Viswas,,,https://kingsspiceminimart.com.au/wp-content/uploads/2025/12/viswas-frozen-neyyappam-ready-to-eat-350g-alli-bhavan-101509.webp,https://kingsspiceminimart.com.au/product/viswas-neyyappam-350g/,kingsspice_export/images/viswas-neyyappam-350g.webp
viswas-onion-murukku-200g,VISWAS ONION MURUKKU 200G,$ 3.30,"Grocery , Snacks",Viswas,,,http://kingsspiceminimart.com.au/wp-content/uploads/2025/12/71wRRwmo58CyDElkNIPYkGJMlfyoqnCAikW81Esr.jpeg,https://kingsspiceminimart.com.au/product/viswas-onion-murukku-200g/,kingsspice_export/images/viswas-onion-murukku-200g.jpeg
viswas-onion-vada-350g,VISWAS ONION VADA 350G,$ 6.90,"desserts / ice cubes , Frozen Food",Viswas,,,https://kingsspiceminimart.com.au/wp-content/uploads/2025/12/ViswasOnionvada-1.webp,https://kingsspiceminimart.com.au/product/viswas-onion-vada-350g/,kingsspice_export/images/viswas-onion-vada-350g.webp
viswas-palappam-250g,VISWAS PALAPPAM 250G,$ 4.80,"Frozen Food , Prepared meals",Viswas,,,https://kingsspiceminimart.com.au/wp-content/uploads/2025/12/Buy_Palappam_online_UK.webp,https://kingsspiceminimart.com.au/product/viswas-palappam-250g/,kingsspice_export/images/viswas-palappam-250g.webp
viswas-palappam-podi-1kg,VISWAS PALAPPAM PODI 1KG,$ 4.99,"flour , Grocery",Viswas,,,https://kingsspiceminimart.com.au/wp-content/uploads/woocommerce-placeholder-600x600.webp,https://kingsspiceminimart.com.au/product/viswas-palappam-podi-1kg/,kingsspice_export/images/viswas-palappam-podi-1kg.webp
viswas-parippuvadda-350g,VISWAS PARIPPUVADDA 350G,$ 6.50,"Frozen Food , Frozen RTC Snacks",Viswas,,,http://kingsspiceminimart.com.au/wp-content/uploads/2025/12/ViswasParippuvada-1.webp,https://kingsspiceminimart.com.au/product/viswas-parippuvadda-350g/,kingsspice_export/images/viswas-parippuvadda-350g.webp
viswas-pathiri-podi-1kg,VISWAS PATHIRI PODI 1KG,$ 4.95,"flour , Grocery",Viswas,,,https://kingsspiceminimart.com.au/wp-content/uploads/2025/12/Untitled-2025-02-13T210157.894-1.webp,https://kingsspiceminimart.com.au/product/viswas-pathiri-podi-1kg/,kingsspice_export/images/viswas-pathiri-podi-1kg.webp
viswas-pepper-sev-200g,VISWAS PEPPER SEV 200G,$ 3.99,"Grocery , Snacks",Viswas,,,http://kingsspiceminimart.com.au/wp-content/uploads/2025/12/R04IWCMolNQIwcXr6gvktJEKRBuhPGdhG1Cv8oJi-1.jpeg,https://kingsspiceminimart.com.au/product/viswas-pepper-sev-200g/,kingsspice_export/images/viswas-pepper-sev-200g.jpeg
viswas-pineapple-drops-200g,VISWAS PINEAPPLE DROPS 200G,$ 4.35,"Grocery , meal accompaniments",Viswas,,,http://kingsspiceminimart.com.au/wp-content/uploads/2025/12/images-7.jpg,https://kingsspiceminimart.com.au/product/viswas-pineapple-drops-200g/,kingsspice_export/images/viswas-pineapple-drops-200g.jpg
viswas-puliyinchi-pickle-400g,VISWAS PULIYINCHI PICKLE 400G,$ 5.50,"Grocery , meal accompaniments",Viswas,,,https://kingsspiceminimart.com.au/wp-content/uploads/2025/12/puliyinchi-pickle-400gm-680.webp,https://kingsspiceminimart.com.au/product/viswas-puliyinchi-pickle-400g/,kingsspice_export/images/viswas-puliyinchi-pickle-400g.webp
viswas-pure-coconut-oil-1l,Viswas Pure Coconut Oil 1l,$ 19.95,"Grocery , oil/ fats",Viswas,,,https://kingsspiceminimart.com.au/wp-content/uploads/2025/11/Viswas-Pure-Coconut-Oil.jpg,https://kingsspiceminimart.com.au/product/viswas-pure-coconut-oil-1l/,kingsspice_export/images/viswas-pure-coconut-oil-1l.jpg
viswas-pure-coconut-oil-1ltr,VISWAS PURE COCONUT OIL 1LTR,$ 19.95,"Grocery , oil/ fats",Viswas,,,https://kingsspiceminimart.com.au/wp-content/uploads/2025/12/Viswas-Pure-Coconut-Oil.jpg,https://kingsspiceminimart.com.au/product/viswas-pure-coconut-oil-1ltr/,kingsspice_export/images/viswas-pure-coconut-oil-1ltr.jpg
viswas-pure-coconut-oil-2l,Viswas Pure Coconut Oil 2l,$ 39.75,"Grocery , oil/ fats",Viswas,,,https://kingsspiceminimart.com.au/wp-content/uploads/2025/11/WhatsApp-Image-2025-04-11-at-20.56.38_f6a15046.webp,https://kingsspiceminimart.com.au/product/viswas-pure-coconut-oil-2l/,kingsspice_export/images/viswas-pure-coconut-oil-2l.webp
viswas-puttu-podi-1kg,VISWAS PUTTU PODI 1KG,$ 4.90,"flour , Grocery",Viswas,,,https://kingsspiceminimart.com.au/wp-content/uploads/2025/12/VISWASPUTTUPODI1KGveenas1-Photoroom.png,https://kingsspiceminimart.com.au/product/viswas-puttu-podi-1kg/,kingsspice_export/images/viswas-puttu-podi-1kg.png
viswas-rasam-powder-160g,VISWAS RASAM POWDER 160G,$ 3.99,"Grocery , seasonings / coconut cream",Viswas,,,http://kingsspiceminimart.com.au/wp-content/uploads/2025/12/RASAMPOWDER.webp,https://kingsspiceminimart.com.au/product/viswas-rasam-powder-160g/,kingsspice_export/images/viswas-rasam-powder-160g.webp
viswas-red-onion-400g,VISWAS RED ONION 400G,$ 7.50,"packed , Vegitables",Viswas,,,https://kingsspiceminimart.com.au/wp-content/uploads/2025/12/ukzjhq-vis-red-onion-400g-.jpg,https://kingsspiceminimart.com.au/product/viswas-red-onion-400g/,kingsspice_export/images/viswas-red-onion-400g.jpg
viswas-red-raw-rice-1kg,VISWAS RED RAW RICE 1KG,$ 6.85,"Grocery , rice",Viswas,,,http://kingsspiceminimart.com.au/wp-content/uploads/2025/12/RedRawRiceViswas-1.webp,https://kingsspiceminimart.com.au/product/viswas-red-raw-rice-1kg/,kingsspice_export/images/viswas-red-raw-rice-1kg.webp
viswas-tamarind-200g,VISWAS TAMARIND 200G,$ 3.20,"Grocery , seasonings / coconut cream",Viswas,,,https://kingsspiceminimart.com.au/wp-content/uploads/2026/02/VISWAS-TAMARIND-200G.jpg,https://kingsspiceminimart.com.au/product/viswas-tamarind-200g/,kingsspice_export/images/viswas-tamarind-200g.jpg
vital-tea-round-tea-bags-300bags,VITAL TEA ROUND TEA BAGS 300BAGS,$ 14.00,"Beverages , Tea",,,,https://kingsspiceminimart.com.au/wp-content/uploads/2026/02/Untitled-design-2026-02-19T222655.197.png,https://kingsspiceminimart.com.au/product/vital-tea-round-tea-bags-300bags/,kingsspice_export/images/vital-tea-round-tea-bags-300bags.png
wagh-bakri-cardamom-tea-bags-50g,WAGH BAKRI CARDAMOM TEA BAGS 50G,$ 3.10,"Beverages , Tea",,,,https://kingsspiceminimart.com.au/wp-content/uploads/2026/02/WAGH-BAKRI-CARDAMOM-TEA-BAGS-50G.jpg,https://kingsspiceminimart.com.au/product/wagh-bakri-cardamom-tea-bags-50g/,kingsspice_export/images/wagh-bakri-cardamom-tea-bags-50g.jpg
wagh-bakri-ginger-tea-bags-50g,WAGH BAKRI GINGER TEA BAGS  50G,$ 3.10,"Beverages , Tea",,,,http://kingsspiceminimart.com.au/wp-content/uploads/2026/02/WAGH-BAKRI-GINGER-TEA-BAGS-50G.jpg,https://kingsspiceminimart.com.au/product/wagh-bakri-ginger-tea-bags-50g/,kingsspice_export/images/wagh-bakri-ginger-tea-bags-50g.jpg
wagh-bakri-instant-cardamom-tea-140g,WAGH BAKRI INSTANT CARDAMOM TEA 140G,$ 4.90,"Beverages , Tea",,,,https://kingsspiceminimart.com.au/wp-content/uploads/2026/02/WAGH-BAKRI-INSTANT-CARDAMOM-TEA-140G.jpg,https://kingsspiceminimart.com.au/product/wagh-bakri-instant-cardamom-tea-140g/,kingsspice_export/images/wagh-bakri-instant-cardamom-tea-140g.jpg
wagh-bakri-instant-ginger-tea-140g,WAGH BAKRI INSTANT GINGER TEA 140G,$ 4.90,"Beverages , Tea",,,,https://kingsspiceminimart.com.au/wp-content/uploads/2026/02/WAGH-BAKRI-INSTANT-GINGER-TEA-140G.jpg,https://kingsspiceminimart.com.au/product/wagh-bakri-instant-ginger-tea-140g/,kingsspice_export/images/wagh-bakri-instant-ginger-tea-140g.jpg
wagh-bakri-instant-masala-tea-140g,WAGH BAKRI INSTANT MASALA TEA 140G,$ 4.90,"Beverages , Tea",,,,https://kingsspiceminimart.com.au/wp-content/uploads/2026/02/WAGH-BAKRI-INSTANT-MASALA-TEA-140G.jpg,https://kingsspiceminimart.com.au/product/wagh-bakri-instant-masala-tea-140g/,kingsspice_export/images/wagh-bakri-instant-masala-tea-140g.jpg
wagh-bakri-masala-chai-tea-bags-50g,WAGH BAKRI MASALA CHAI TEA BAGS 50G,$ 3.10,"Beverages , Tea",,,,https://kingsspiceminimart.com.au/wp-content/uploads/2026/02/WAGH-BAKRI-MASALA-CHAI-TEA-BAGS-50G.jpg,https://kingsspiceminimart.com.au/product/wagh-bakri-masala-chai-tea-bags-50g/,kingsspice_export/images/wagh-bakri-masala-chai-tea-bags-50g.jpg
wagh-bakri-premium-black-tea-1kg,WAGH BAKRI PREMIUM BLACK TEA 1KG,$ 17.00,"Beverages , Tea",,,,https://kingsspiceminimart.com.au/wp-content/uploads/2026/02/Untitled-design-2026-02-19T223717.231.png,https://kingsspiceminimart.com.au/product/wagh-bakri-premium-black-tea-1kg/,kingsspice_export/images/wagh-bakri-premium-black-tea-1kg.png
wagh-bakri-premium-leaf-tea-500g,WAGH BAKRI PREMIUM LEAF TEA 500G,$ 8.90,"Beverages , Tea",,,,https://kingsspiceminimart.com.au/wp-content/uploads/2026/02/WAGH-BAKRI-PREMIUM-LEAF-TEA-500G.jpg,https://kingsspiceminimart.com.au/product/wagh-bakri-premium-leaf-tea-500g/,kingsspice_export/images/wagh-bakri-premium-leaf-tea-500g.jpg
wagh-bakri-premium-spiced-tea-500g,WAGH BAKRI PREMIUM SPICED TEA 500G,$ 10.00,"Beverages , Tea",,,,https://kingsspiceminimart.com.au/wp-content/uploads/2026/02/WAGH-BAKRI-PREMIUM-SPICED-TEA-500G.webp,https://kingsspiceminimart.com.au/product/wagh-bakri-premium-spiced-tea-500g/,kingsspice_export/images/wagh-bakri-premium-spiced-tea-500g.webp
wagh-bakri-premium-tea-454g,WAGH BAKRI PREMIUM TEA 454G,$ 8.50,"Beverages , Tea",,,,https://kingsspiceminimart.com.au/wp-content/uploads/2026/02/Untitled-design-2026-02-19T224135.790.png,https://kingsspiceminimart.com.au/product/wagh-bakri-premium-tea-454g/,kingsspice_export/images/wagh-bakri-premium-tea-454g.png
wagh-bakri-premium-tea-907g14,WAGH BAKRI PREMIUM TEA 907G14,$ 14.00,"Beverages , Tea",,,,https://kingsspiceminimart.com.au/wp-content/uploads/2026/02/WAGH-BAKRI-PREMIUM-TEA-907G.webp,https://kingsspiceminimart.com.au/product/wagh-bakri-premium-tea-907g14/,kingsspice_export/images/wagh-bakri-premium-tea-907g14.webp
wagh-bakri-premium-tea-bags-200g,WAGH BAKRI PREMIUM TEA BAGS 200G,$ 6.30,"Beverages , Tea",,,,https://kingsspiceminimart.com.au/wp-content/uploads/2026/02/Untitled-design-2026-02-19T224431.551.png,https://kingsspiceminimart.com.au/product/wagh-bakri-premium-tea-bags-200g/,kingsspice_export/images/wagh-bakri-premium-tea-bags-200g.png
wagh-bakri-premium-tea-bags-50g,WAGH BAKRI PREMIUM TEA BAGS 50G,$ 3.10,"Beverages , Tea",,,,https://kingsspiceminimart.com.au/wp-content/uploads/2026/02/WAGH-BAKRI-PREMIUM-TEA-BAGS-50G.jpg,https://kingsspiceminimart.com.au/product/wagh-bakri-premium-tea-bags-50g/,kingsspice_export/images/wagh-bakri-premium-tea-bags-50g.jpg
wagh-bakri-spiced-tea-250g,WAGH BAKRI SPICED TEA 250G,$ 5.90,"Beverages , Tea",,,,https://kingsspiceminimart.com.au/wp-content/uploads/2026/02/WAGH-BAKRI-SPICED-TEA-250G.jpg,https://kingsspiceminimart.com.au/product/wagh-bakri-spiced-tea-250g/,kingsspice_export/images/wagh-bakri-spiced-tea-250g.jpg
wagh-bakri-tea-500g,WAGH BAKRI TEA 500G,$ 10.00,"Beverages , Tea",,,,https://kingsspiceminimart.com.au/wp-content/uploads/2026/02/WAGH-BAKRI-TEA-500G.jpg,https://kingsspiceminimart.com.au/product/wagh-bakri-tea-500g/,kingsspice_export/images/wagh-bakri-tea-500g.jpg
wagh-bakri-tea-bags-100-bags,WAGH BAKRI TEA BAGS 100 BAGS,$ 7.90,"Beverages , Tea",,,,https://kingsspiceminimart.com.au/wp-content/uploads/2026/02/Untitled-design-2026-02-19T225020.399.png,https://kingsspiceminimart.com.au/product/wagh-bakri-tea-bags-100-bags/,kingsspice_export/images/wagh-bakri-tea-bags-100-bags.png
watawala-ceylon-tea-200g,WATAWALA CEYLON TEA 200G,$ 4.90,"Beverages , Tea",,,,https://kingsspiceminimart.com.au/wp-content/uploads/2026/02/Untitled-design-2026-02-19T225334.218.png,https://kingsspiceminimart.com.au/product/watawala-ceylon-tea-200g/,kingsspice_export/images/watawala-ceylon-tea-200g.png
water-melon-1kg,Water Melon 1kg,$ 3.50,Fruits,,,,https://kingsspiceminimart.com.au/wp-content/uploads/2025/11/3-4.png,https://kingsspiceminimart.com.au/product/water-melon-1kg/,kingsspice_export/images/water-melon-1kg.png
wheel-active-2-in-1-detergent-powder-1kg,Wheel Active 2 in 1 Detergent Powder 1kg,$ 5.90,"Household , laundry care",,,,https://kingsspiceminimart.com.au/wp-content/uploads/2025/11/Wheel_Active_2_in_1_Detergent_Powder_Quick_Pantry.webp,https://kingsspiceminimart.com.au/product/wheel-active-2-in-1-detergent-powder-1kg/,kingsspice_export/images/wheel-active-2-in-1-detergent-powder-1kg.webp
zesta-tea-bags-90g,ZESTA TEA BAGS 90G,$ 4.50,"Beverages , Tea",,,,https://kingsspiceminimart.com.au/wp-content/uploads/2026/02/ZESTA-TEA-BAGS-90G.jpeg,https://kingsspiceminimart.com.au/product/zesta-tea-bags-90g/,kingsspice_export/images/zesta-tea-bags-90g.jpeg
